solid OpenSCAD_Model
  facet normal 0 1 0
    outer loop
      vertex 0 25 0
      vertex 25 25 3
      vertex 25 25 0
    endloop
  endfacet
  facet normal 0 1 0
    outer loop
      vertex 0 25 0
      vertex 0 25 3
      vertex 25 25 3
    endloop
  endfacet
  facet normal -1 0 0
    outer loop
      vertex 0 0 0
      vertex 0 25 3
      vertex 0 25 0
    endloop
  endfacet
  facet normal -1 0 0
    outer loop
      vertex 0 0 0
      vertex 0 0 3
      vertex 0 25 3
    endloop
  endfacet
  facet normal 0 -1 0
    outer loop
      vertex 25 0 0
      vertex 0 0 3
      vertex 0 0 0
    endloop
  endfacet
  facet normal 0 -1 0
    outer loop
      vertex 25 0 0
      vertex 25 0 3
      vertex 0 0 3
    endloop
  endfacet
  facet normal 1 0 0
    outer loop
      vertex 25 25 0
      vertex 25 0 3
      vertex 25 0 0
    endloop
  endfacet
  facet normal 1 0 0
    outer loop
      vertex 25 25 0
      vertex 25 25 3
      vertex 25 0 3
    endloop
  endfacet
  facet normal 0.09410828819222697 0.9955619669782131 0
    outer loop
      vertex 4.812000147998333 18.51182794570923 0
      vertex 4.812000147998333 18.51182794570923 3
      vertex 4.9058142229914665 18.5029599070549 0
    endloop
  endfacet
  facet normal 0.09410828819222697 0.9955619669782131 0
    outer loop
      vertex 4.9058142229914665 18.5029599070549 3
      vertex 4.9058142229914665 18.5029599070549 0
      vertex 4.812000147998333 18.51182794570923 3
    endloop
  endfacet
  facet normal 0.1564344631231799 0.9876883408987689 0
    outer loop
      vertex 4.7189280316233635 18.52656912058592 0
      vertex 4.7189280316233635 18.52656912058592 3
      vertex 4.812000147998333 18.51182794570923 0
    endloop
  endfacet
  facet normal 0.1564344631231799 0.9876883408987689 0
    outer loop
      vertex 4.812000147998333 18.51182794570923 3
      vertex 4.812000147998333 18.51182794570923 0
      vertex 4.7189280316233635 18.52656912058592 3
    endloop
  endfacet
  facet normal 0.21814326695326391 0.975916756226143 0
    outer loop
      vertex 4.626965172588825 18.54712525755167 0
      vertex 4.626965172588825 18.54712525755167 3
      vertex 4.7189280316233635 18.52656912058592 0
    endloop
  endfacet
  facet normal 0.21814326695326391 0.975916756226143 0
    outer loop
      vertex 4.7189280316233635 18.52656912058592 3
      vertex 4.7189280316233635 18.52656912058592 0
      vertex 4.626965172588825 18.54712525755167 3
    endloop
  endfacet
  facet normal 0.2789911277216675 0.9602936793776121 0
    outer loop
      vertex 4.536474511027336 18.573415227234364 0
      vertex 4.536474511027336 18.573415227234364 3
      vertex 4.626965172588825 18.54712525755167 0
    endloop
  endfacet
  facet normal 0.2789911277216675 0.9602936793776121 0
    outer loop
      vertex 4.626965172588825 18.54712525755167 3
      vertex 4.626965172588825 18.54712525755167 0
      vertex 4.536474511027336 18.573415227234364 3
    endloop
  endfacet
  facet normal 0.3387379020359927 0.9408807755099763 0
    outer loop
      vertex 4.447813168168068 18.605335272848606 0
      vertex 4.447813168168068 18.605335272848606 3
      vertex 4.536474511027336 18.573415227234364 0
    endloop
  endfacet
  facet normal 0.3387379020359927 0.9408807755099763 0
    outer loop
      vertex 4.536474511027336 18.573415227234364 3
      vertex 4.536474511027336 18.573415227234364 0
      vertex 4.447813168168068 18.605335272848606 3
    endloop
  endfacet
  facet normal 0.3971478664167774 0.9177546361640466 0
    outer loop
      vertex 4.361331060528755 18.642759419977665 0
      vertex 4.361331060528755 18.642759419977665 3
      vertex 4.447813168168068 18.605335272848606 0
    endloop
  endfacet
  facet normal 0.3971478664167774 0.9177546361640466 0
    outer loop
      vertex 4.447813168168068 18.605335272848606 3
      vertex 4.447813168168068 18.605335272848606 0
      vertex 4.361331060528755 18.642759419977665 3
    endloop
  endfacet
  facet normal 0.453990560112584 0.8910064934267663 0
    outer loop
      vertex 4.277369491755962 18.685539983212948 0
      vertex 4.277369491755962 18.685539983212948 3
      vertex 4.361331060528755 18.642759419977665 0
    endloop
  endfacet
  facet normal 0.453990560112584 0.8910064934267663 0
    outer loop
      vertex 4.361331060528755 18.642759419977665 3
      vertex 4.361331060528755 18.642759419977665 0
      vertex 4.277369491755962 18.685539983212948 3
    endloop
  endfacet
  facet normal 0.5090413469827522 0.8607420676729967 0
    outer loop
      vertex 4.196259804069996 18.733508110046387 0
      vertex 4.196259804069996 18.733508110046387 3
      vertex 4.277369491755962 18.685539983212948 0
    endloop
  endfacet
  facet normal 0.5090413469827522 0.8607420676729967 0
    outer loop
      vertex 4.277369491755962 18.685539983212948 3
      vertex 4.277369491755962 18.685539983212948 0
      vertex 4.196259804069996 18.733508110046387 3
    endloop
  endfacet
  facet normal 0.5620834140144462 0.8270805496986764 0
    outer loop
      vertex 4.118322119116783 18.786474511027336 0
      vertex 4.118322119116783 18.786474511027336 3
      vertex 4.196259804069996 18.733508110046387 0
    endloop
  endfacet
  facet normal 0.5620834140144462 0.8270805496986764 0
    outer loop
      vertex 4.196259804069996 18.733508110046387 3
      vertex 4.196259804069996 18.733508110046387 0
      vertex 4.118322119116783 18.786474511027336 3
    endloop
  endfacet
  facet normal 0.6129070432732744 0.7901550204270126 0
    outer loop
      vertex 4.043864011764526 18.844230137765408 0
      vertex 4.043864011764526 18.844230137765408 3
      vertex 4.118322119116783 18.786474511027336 0
    endloop
  endfacet
  facet normal 0.6129070432732744 0.7901550204270126 0
    outer loop
      vertex 4.118322119116783 18.786474511027336 3
      vertex 4.118322119116783 18.786474511027336 0
      vertex 4.043864011764526 18.844230137765408 3
    endloop
  endfacet
  facet normal 0.6613118881958368 0.7501110494659154 0
    outer loop
      vertex 3.973179340362549 18.90654706209898 0
      vertex 3.973179340362549 18.90654706209898 3
      vertex 4.043864011764526 18.844230137765408 0
    endloop
  endfacet
  facet normal 0.6613118881958368 0.7501110494659154 0
    outer loop
      vertex 4.043864011764526 18.844230137765408 3
      vertex 4.043864011764526 18.844230137765408 0
      vertex 3.973179340362549 18.90654706209898 3
    endloop
  endfacet
  facet normal 0.7071067811865475 0.7071067811865475 0
    outer loop
      vertex 3.90654706209898 18.97317934036255 0
      vertex 3.90654706209898 18.97317934036255 3
      vertex 3.973179340362549 18.90654706209898 0
    endloop
  endfacet
  facet normal 0.7071067811865475 0.7071067811865475 0
    outer loop
      vertex 3.973179340362549 18.90654706209898 3
      vertex 3.973179340362549 18.90654706209898 0
      vertex 3.90654706209898 18.97317934036255 3
    endloop
  endfacet
  facet normal 0.7501110494659154 0.6613118881958368 0
    outer loop
      vertex 3.8442301377654076 19.043864011764526 0
      vertex 3.8442301377654076 19.043864011764526 3
      vertex 3.90654706209898 18.97317934036255 0
    endloop
  endfacet
  facet normal 0.7501110494659154 0.6613118881958368 0
    outer loop
      vertex 3.90654706209898 18.97317934036255 3
      vertex 3.90654706209898 18.97317934036255 0
      vertex 3.8442301377654076 19.043864011764526 3
    endloop
  endfacet
  facet normal 0.7901550204270126 0.6129070432732744 0
    outer loop
      vertex 3.786474511027336 19.118322119116783 0
      vertex 3.786474511027336 19.118322119116783 3
      vertex 3.8442301377654076 19.043864011764526 0
    endloop
  endfacet
  facet normal 0.7901550204270126 0.6129070432732744 0
    outer loop
      vertex 3.8442301377654076 19.043864011764526 3
      vertex 3.8442301377654076 19.043864011764526 0
      vertex 3.786474511027336 19.118322119116783 3
    endloop
  endfacet
  facet normal 0.8270805496986764 0.5620834140144462 0
    outer loop
      vertex 3.7335081100463867 19.196259804069996 0
      vertex 3.7335081100463867 19.196259804069996 3
      vertex 3.786474511027336 19.118322119116783 0
    endloop
  endfacet
  facet normal 0.8270805496986764 0.5620834140144462 0
    outer loop
      vertex 3.786474511027336 19.118322119116783 3
      vertex 3.786474511027336 19.118322119116783 0
      vertex 3.7335081100463867 19.196259804069996 3
    endloop
  endfacet
  facet normal 0.8607420676729967 0.5090413469827522 0
    outer loop
      vertex 3.685539983212948 19.277369491755962 0
      vertex 3.685539983212948 19.277369491755962 3
      vertex 3.7335081100463867 19.196259804069996 0
    endloop
  endfacet
  facet normal 0.8607420676729967 0.5090413469827522 0
    outer loop
      vertex 3.7335081100463867 19.196259804069996 3
      vertex 3.7335081100463867 19.196259804069996 0
      vertex 3.685539983212948 19.277369491755962 3
    endloop
  endfacet
  facet normal 0.8910064934267663 0.453990560112584 0
    outer loop
      vertex 3.642759419977665 19.361331060528755 0
      vertex 3.642759419977665 19.361331060528755 3
      vertex 3.685539983212948 19.277369491755962 0
    endloop
  endfacet
  facet normal 0.8910064934267663 0.453990560112584 0
    outer loop
      vertex 3.685539983212948 19.277369491755962 3
      vertex 3.685539983212948 19.277369491755962 0
      vertex 3.642759419977665 19.361331060528755 3
    endloop
  endfacet
  facet normal 0.9177546361640466 0.3971478664167774 0
    outer loop
      vertex 3.605335272848606 19.447813168168068 0
      vertex 3.605335272848606 19.447813168168068 3
      vertex 3.642759419977665 19.361331060528755 0
    endloop
  endfacet
  facet normal 0.9177546361640466 0.3971478664167774 0
    outer loop
      vertex 3.642759419977665 19.361331060528755 3
      vertex 3.642759419977665 19.361331060528755 0
      vertex 3.605335272848606 19.447813168168068 3
    endloop
  endfacet
  facet normal 0.9408807755099763 0.3387379020359927 0
    outer loop
      vertex 3.5734152272343636 19.536474511027336 0
      vertex 3.5734152272343636 19.536474511027336 3
      vertex 3.605335272848606 19.447813168168068 0
    endloop
  endfacet
  facet normal 0.9408807755099763 0.3387379020359927 0
    outer loop
      vertex 3.605335272848606 19.447813168168068 3
      vertex 3.605335272848606 19.447813168168068 0
      vertex 3.5734152272343636 19.536474511027336 3
    endloop
  endfacet
  facet normal 0.9602936793776121 0.2789911277216675 0
    outer loop
      vertex 3.54712525755167 19.626965172588825 0
      vertex 3.54712525755167 19.626965172588825 3
      vertex 3.5734152272343636 19.536474511027336 0
    endloop
  endfacet
  facet normal 0.9602936793776121 0.2789911277216675 0
    outer loop
      vertex 3.5734152272343636 19.536474511027336 3
      vertex 3.5734152272343636 19.536474511027336 0
      vertex 3.54712525755167 19.626965172588825 3
    endloop
  endfacet
  facet normal 0.975916756226143 0.21814326695326391 0
    outer loop
      vertex 3.5265691205859184 19.718928031623363 0
      vertex 3.5265691205859184 19.718928031623363 3
      vertex 3.54712525755167 19.626965172588825 0
    endloop
  endfacet
  facet normal 0.975916756226143 0.21814326695326391 0
    outer loop
      vertex 3.54712525755167 19.626965172588825 3
      vertex 3.54712525755167 19.626965172588825 0
      vertex 3.5265691205859184 19.718928031623363 3
    endloop
  endfacet
  facet normal 0.9876883408987689 0.1564344631231799 0
    outer loop
      vertex 3.5118279457092285 19.812000147998333 0
      vertex 3.5118279457092285 19.812000147998333 3
      vertex 3.5265691205859184 19.718928031623363 0
    endloop
  endfacet
  facet normal 0.9876883408987689 0.1564344631231799 0
    outer loop
      vertex 3.5265691205859184 19.718928031623363 3
      vertex 3.5265691205859184 19.718928031623363 0
      vertex 3.5118279457092285 19.812000147998333 3
    endloop
  endfacet
  facet normal 0.9955619669782131 0.09410828819222697 0
    outer loop
      vertex 3.502959907054901 19.905814222991467 0
      vertex 3.502959907054901 19.905814222991467 3
      vertex 3.5118279457092285 19.812000147998333 0
    endloop
  endfacet
  facet normal 0.9955619669782131 0.09410828819222697 0
    outer loop
      vertex 3.5118279457092285 19.812000147998333 3
      vertex 3.5118279457092285 19.812000147998333 0
      vertex 3.502959907054901 19.905814222991467 3
    endloop
  endfacet
  facet normal 0.9995065604426497 0.03141075663054849 0
    outer loop
      vertex 3.5 20 0
      vertex 3.5 20 3
      vertex 3.502959907054901 19.905814222991467 0
    endloop
  endfacet
  facet normal 0.9995065604426497 0.03141075663054849 0
    outer loop
      vertex 3.502959907054901 19.905814222991467 3
      vertex 3.502959907054901 19.905814222991467 0
      vertex 3.5 20 3
    endloop
  endfacet
  facet normal 0.9995065604426497 -0.03141075663054849 0
    outer loop
      vertex 3.502959907054901 20.094185777008533 0
      vertex 3.502959907054901 20.094185777008533 3
      vertex 3.5 20 0
    endloop
  endfacet
  facet normal 0.9995065604426497 -0.03141075663054849 0
    outer loop
      vertex 3.5 20 3
      vertex 3.5 20 0
      vertex 3.502959907054901 20.094185777008533 3
    endloop
  endfacet
  facet normal 0.9955619669782131 -0.09410828819222697 0
    outer loop
      vertex 3.5118279457092285 20.187999852001667 0
      vertex 3.5118279457092285 20.187999852001667 3
      vertex 3.502959907054901 20.094185777008533 0
    endloop
  endfacet
  facet normal 0.9955619669782131 -0.09410828819222697 0
    outer loop
      vertex 3.502959907054901 20.094185777008533 3
      vertex 3.502959907054901 20.094185777008533 0
      vertex 3.5118279457092285 20.187999852001667 3
    endloop
  endfacet
  facet normal 0.9876883408987689 -0.1564344631231799 0
    outer loop
      vertex 3.5265691205859184 20.281071968376637 0
      vertex 3.5265691205859184 20.281071968376637 3
      vertex 3.5118279457092285 20.187999852001667 0
    endloop
  endfacet
  facet normal 0.9876883408987689 -0.1564344631231799 0
    outer loop
      vertex 3.5118279457092285 20.187999852001667 3
      vertex 3.5118279457092285 20.187999852001667 0
      vertex 3.5265691205859184 20.281071968376637 3
    endloop
  endfacet
  facet normal 0.975916756226143 -0.21814326695326391 0
    outer loop
      vertex 3.54712525755167 20.373034827411175 0
      vertex 3.54712525755167 20.373034827411175 3
      vertex 3.5265691205859184 20.281071968376637 0
    endloop
  endfacet
  facet normal 0.975916756226143 -0.21814326695326391 0
    outer loop
      vertex 3.5265691205859184 20.281071968376637 3
      vertex 3.5265691205859184 20.281071968376637 0
      vertex 3.54712525755167 20.373034827411175 3
    endloop
  endfacet
  facet normal 0.9602936793776121 -0.2789911277216675 0
    outer loop
      vertex 3.5734152272343636 20.463525488972664 0
      vertex 3.5734152272343636 20.463525488972664 3
      vertex 3.54712525755167 20.373034827411175 0
    endloop
  endfacet
  facet normal 0.9602936793776121 -0.2789911277216675 0
    outer loop
      vertex 3.54712525755167 20.373034827411175 3
      vertex 3.54712525755167 20.373034827411175 0
      vertex 3.5734152272343636 20.463525488972664 3
    endloop
  endfacet
  facet normal 0.9408807755099763 -0.3387379020359927 0
    outer loop
      vertex 3.605335272848606 20.552186831831932 0
      vertex 3.605335272848606 20.552186831831932 3
      vertex 3.5734152272343636 20.463525488972664 0
    endloop
  endfacet
  facet normal 0.9408807755099763 -0.3387379020359927 0
    outer loop
      vertex 3.5734152272343636 20.463525488972664 3
      vertex 3.5734152272343636 20.463525488972664 0
      vertex 3.605335272848606 20.552186831831932 3
    endloop
  endfacet
  facet normal 0.9177546361640466 -0.3971478664167774 0
    outer loop
      vertex 3.642759419977665 20.638668939471245 0
      vertex 3.642759419977665 20.638668939471245 3
      vertex 3.605335272848606 20.552186831831932 0
    endloop
  endfacet
  facet normal 0.9177546361640466 -0.3971478664167774 0
    outer loop
      vertex 3.605335272848606 20.552186831831932 3
      vertex 3.605335272848606 20.552186831831932 0
      vertex 3.642759419977665 20.638668939471245 3
    endloop
  endfacet
  facet normal 0.8910064934267663 -0.453990560112584 0
    outer loop
      vertex 3.685539983212948 20.722630508244038 0
      vertex 3.685539983212948 20.722630508244038 3
      vertex 3.642759419977665 20.638668939471245 0
    endloop
  endfacet
  facet normal 0.8910064934267663 -0.453990560112584 0
    outer loop
      vertex 3.642759419977665 20.638668939471245 3
      vertex 3.642759419977665 20.638668939471245 0
      vertex 3.685539983212948 20.722630508244038 3
    endloop
  endfacet
  facet normal 0.8607420676729967 -0.5090413469827522 0
    outer loop
      vertex 3.7335081100463867 20.803740195930004 0
      vertex 3.7335081100463867 20.803740195930004 3
      vertex 3.685539983212948 20.722630508244038 0
    endloop
  endfacet
  facet normal 0.8607420676729967 -0.5090413469827522 0
    outer loop
      vertex 3.685539983212948 20.722630508244038 3
      vertex 3.685539983212948 20.722630508244038 0
      vertex 3.7335081100463867 20.803740195930004 3
    endloop
  endfacet
  facet normal 0.8270805496986764 -0.5620834140144462 0
    outer loop
      vertex 3.786474511027336 20.881677880883217 0
      vertex 3.786474511027336 20.881677880883217 3
      vertex 3.7335081100463867 20.803740195930004 0
    endloop
  endfacet
  facet normal 0.8270805496986764 -0.5620834140144462 0
    outer loop
      vertex 3.7335081100463867 20.803740195930004 3
      vertex 3.7335081100463867 20.803740195930004 0
      vertex 3.786474511027336 20.881677880883217 3
    endloop
  endfacet
  facet normal 0.7901550204270126 -0.6129070432732744 0
    outer loop
      vertex 3.8442301377654076 20.956135988235474 0
      vertex 3.8442301377654076 20.956135988235474 3
      vertex 3.786474511027336 20.881677880883217 0
    endloop
  endfacet
  facet normal 0.7901550204270126 -0.6129070432732744 0
    outer loop
      vertex 3.786474511027336 20.881677880883217 3
      vertex 3.786474511027336 20.881677880883217 0
      vertex 3.8442301377654076 20.956135988235474 3
    endloop
  endfacet
  facet normal 0.7501110494659154 -0.6613118881958368 0
    outer loop
      vertex 3.90654706209898 21.02682065963745 0
      vertex 3.90654706209898 21.02682065963745 3
      vertex 3.8442301377654076 20.956135988235474 0
    endloop
  endfacet
  facet normal 0.7501110494659154 -0.6613118881958368 0
    outer loop
      vertex 3.8442301377654076 20.956135988235474 3
      vertex 3.8442301377654076 20.956135988235474 0
      vertex 3.90654706209898 21.02682065963745 3
    endloop
  endfacet
  facet normal 0.7071067811865475 -0.7071067811865475 0
    outer loop
      vertex 3.973179340362549 21.09345293790102 0
      vertex 3.973179340362549 21.09345293790102 3
      vertex 3.90654706209898 21.02682065963745 0
    endloop
  endfacet
  facet normal 0.7071067811865475 -0.7071067811865475 0
    outer loop
      vertex 3.90654706209898 21.02682065963745 3
      vertex 3.90654706209898 21.02682065963745 0
      vertex 3.973179340362549 21.09345293790102 3
    endloop
  endfacet
  facet normal 0.6613118881958368 -0.7501110494659154 0
    outer loop
      vertex 4.043864011764526 21.155769862234592 0
      vertex 4.043864011764526 21.155769862234592 3
      vertex 3.973179340362549 21.09345293790102 0
    endloop
  endfacet
  facet normal 0.6613118881958368 -0.7501110494659154 0
    outer loop
      vertex 3.973179340362549 21.09345293790102 3
      vertex 3.973179340362549 21.09345293790102 0
      vertex 4.043864011764526 21.155769862234592 3
    endloop
  endfacet
  facet normal 0.6129070432732744 -0.7901550204270126 0
    outer loop
      vertex 4.118322119116783 21.213525488972664 0
      vertex 4.118322119116783 21.213525488972664 3
      vertex 4.043864011764526 21.155769862234592 0
    endloop
  endfacet
  facet normal 0.6129070432732744 -0.7901550204270126 0
    outer loop
      vertex 4.043864011764526 21.155769862234592 3
      vertex 4.043864011764526 21.155769862234592 0
      vertex 4.118322119116783 21.213525488972664 3
    endloop
  endfacet
  facet normal 0.5620834140144462 -0.8270805496986764 0
    outer loop
      vertex 4.196259804069996 21.266491889953613 0
      vertex 4.196259804069996 21.266491889953613 3
      vertex 4.118322119116783 21.213525488972664 0
    endloop
  endfacet
  facet normal 0.5620834140144462 -0.8270805496986764 0
    outer loop
      vertex 4.118322119116783 21.213525488972664 3
      vertex 4.118322119116783 21.213525488972664 0
      vertex 4.196259804069996 21.266491889953613 3
    endloop
  endfacet
  facet normal 0.5090413469827522 -0.8607420676729967 0
    outer loop
      vertex 4.277369491755962 21.314460016787052 0
      vertex 4.277369491755962 21.314460016787052 3
      vertex 4.196259804069996 21.266491889953613 0
    endloop
  endfacet
  facet normal 0.5090413469827522 -0.8607420676729967 0
    outer loop
      vertex 4.196259804069996 21.266491889953613 3
      vertex 4.196259804069996 21.266491889953613 0
      vertex 4.277369491755962 21.314460016787052 3
    endloop
  endfacet
  facet normal 0.453990560112584 -0.8910064934267663 0
    outer loop
      vertex 4.361331060528755 21.357240580022335 0
      vertex 4.361331060528755 21.357240580022335 3
      vertex 4.277369491755962 21.314460016787052 0
    endloop
  endfacet
  facet normal 0.453990560112584 -0.8910064934267663 0
    outer loop
      vertex 4.277369491755962 21.314460016787052 3
      vertex 4.277369491755962 21.314460016787052 0
      vertex 4.361331060528755 21.357240580022335 3
    endloop
  endfacet
  facet normal 0.3971478664167774 -0.9177546361640466 0
    outer loop
      vertex 4.447813168168068 21.394664727151394 0
      vertex 4.447813168168068 21.394664727151394 3
      vertex 4.361331060528755 21.357240580022335 0
    endloop
  endfacet
  facet normal 0.3971478664167774 -0.9177546361640466 0
    outer loop
      vertex 4.361331060528755 21.357240580022335 3
      vertex 4.361331060528755 21.357240580022335 0
      vertex 4.447813168168068 21.394664727151394 3
    endloop
  endfacet
  facet normal 0.3387379020359927 -0.9408807755099763 0
    outer loop
      vertex 4.536474511027336 21.426584772765636 0
      vertex 4.536474511027336 21.426584772765636 3
      vertex 4.447813168168068 21.394664727151394 0
    endloop
  endfacet
  facet normal 0.3387379020359927 -0.9408807755099763 0
    outer loop
      vertex 4.447813168168068 21.394664727151394 3
      vertex 4.447813168168068 21.394664727151394 0
      vertex 4.536474511027336 21.426584772765636 3
    endloop
  endfacet
  facet normal 0.2789911277216675 -0.9602936793776121 0
    outer loop
      vertex 4.626965172588825 21.45287474244833 0
      vertex 4.626965172588825 21.45287474244833 3
      vertex 4.536474511027336 21.426584772765636 0
    endloop
  endfacet
  facet normal 0.2789911277216675 -0.9602936793776121 0
    outer loop
      vertex 4.536474511027336 21.426584772765636 3
      vertex 4.536474511027336 21.426584772765636 0
      vertex 4.626965172588825 21.45287474244833 3
    endloop
  endfacet
  facet normal 0.21814326695326391 -0.975916756226143 0
    outer loop
      vertex 4.7189280316233635 21.47343087941408 0
      vertex 4.7189280316233635 21.47343087941408 3
      vertex 4.626965172588825 21.45287474244833 0
    endloop
  endfacet
  facet normal 0.21814326695326391 -0.975916756226143 0
    outer loop
      vertex 4.626965172588825 21.45287474244833 3
      vertex 4.626965172588825 21.45287474244833 0
      vertex 4.7189280316233635 21.47343087941408 3
    endloop
  endfacet
  facet normal 0.1564344631231799 -0.9876883408987689 0
    outer loop
      vertex 4.812000147998333 21.48817205429077 0
      vertex 4.812000147998333 21.48817205429077 3
      vertex 4.7189280316233635 21.47343087941408 0
    endloop
  endfacet
  facet normal 0.1564344631231799 -0.9876883408987689 0
    outer loop
      vertex 4.7189280316233635 21.47343087941408 3
      vertex 4.7189280316233635 21.47343087941408 0
      vertex 4.812000147998333 21.48817205429077 3
    endloop
  endfacet
  facet normal 0.09410828819222697 -0.9955619669782131 0
    outer loop
      vertex 4.9058142229914665 21.4970400929451 0
      vertex 4.9058142229914665 21.4970400929451 3
      vertex 4.812000147998333 21.48817205429077 0
    endloop
  endfacet
  facet normal 0.09410828819222697 -0.9955619669782131 0
    outer loop
      vertex 4.812000147998333 21.48817205429077 3
      vertex 4.812000147998333 21.48817205429077 0
      vertex 4.9058142229914665 21.4970400929451 3
    endloop
  endfacet
  facet normal 0.03141075663054849 -0.9995065604426497 0
    outer loop
      vertex 5 21.5 0
      vertex 5 21.5 3
      vertex 4.9058142229914665 21.4970400929451 0
    endloop
  endfacet
  facet normal 0.03141075663054849 -0.9995065604426497 0
    outer loop
      vertex 4.9058142229914665 21.4970400929451 3
      vertex 4.9058142229914665 21.4970400929451 0
      vertex 5 21.5 3
    endloop
  endfacet
  facet normal -0.03141075663054849 -0.9995065604426497 0
    outer loop
      vertex 5.0941857770085335 21.4970400929451 0
      vertex 5.0941857770085335 21.4970400929451 3
      vertex 5 21.5 0
    endloop
  endfacet
  facet normal -0.03141075663054849 -0.9995065604426497 0
    outer loop
      vertex 5 21.5 3
      vertex 5 21.5 0
      vertex 5.0941857770085335 21.4970400929451 3
    endloop
  endfacet
  facet normal -0.09410828819222697 -0.9955619669782131 0
    outer loop
      vertex 5.187999852001667 21.48817205429077 0
      vertex 5.187999852001667 21.48817205429077 3
      vertex 5.0941857770085335 21.4970400929451 0
    endloop
  endfacet
  facet normal -0.09410828819222697 -0.9955619669782131 0
    outer loop
      vertex 5.0941857770085335 21.4970400929451 3
      vertex 5.0941857770085335 21.4970400929451 0
      vertex 5.187999852001667 21.48817205429077 3
    endloop
  endfacet
  facet normal -0.1564344631231799 -0.9876883408987689 0
    outer loop
      vertex 5.2810719683766365 21.47343087941408 0
      vertex 5.2810719683766365 21.47343087941408 3
      vertex 5.187999852001667 21.48817205429077 0
    endloop
  endfacet
  facet normal -0.1564344631231799 -0.9876883408987689 0
    outer loop
      vertex 5.187999852001667 21.48817205429077 3
      vertex 5.187999852001667 21.48817205429077 0
      vertex 5.2810719683766365 21.47343087941408 3
    endloop
  endfacet
  facet normal -0.21814326695326391 -0.975916756226143 0
    outer loop
      vertex 5.373034827411175 21.45287474244833 0
      vertex 5.373034827411175 21.45287474244833 3
      vertex 5.2810719683766365 21.47343087941408 0
    endloop
  endfacet
  facet normal -0.21814326695326391 -0.975916756226143 0
    outer loop
      vertex 5.2810719683766365 21.47343087941408 3
      vertex 5.2810719683766365 21.47343087941408 0
      vertex 5.373034827411175 21.45287474244833 3
    endloop
  endfacet
  facet normal -0.2789911277216675 -0.9602936793776121 0
    outer loop
      vertex 5.463525488972664 21.426584772765636 0
      vertex 5.463525488972664 21.426584772765636 3
      vertex 5.373034827411175 21.45287474244833 0
    endloop
  endfacet
  facet normal -0.2789911277216675 -0.9602936793776121 0
    outer loop
      vertex 5.373034827411175 21.45287474244833 3
      vertex 5.373034827411175 21.45287474244833 0
      vertex 5.463525488972664 21.426584772765636 3
    endloop
  endfacet
  facet normal -0.3387379020359927 -0.9408807755099763 0
    outer loop
      vertex 5.552186831831932 21.394664727151394 0
      vertex 5.552186831831932 21.394664727151394 3
      vertex 5.463525488972664 21.426584772765636 0
    endloop
  endfacet
  facet normal -0.3387379020359927 -0.9408807755099763 0
    outer loop
      vertex 5.463525488972664 21.426584772765636 3
      vertex 5.463525488972664 21.426584772765636 0
      vertex 5.552186831831932 21.394664727151394 3
    endloop
  endfacet
  facet normal -0.3971478664167774 -0.9177546361640466 0
    outer loop
      vertex 5.638668939471245 21.357240580022335 0
      vertex 5.638668939471245 21.357240580022335 3
      vertex 5.552186831831932 21.394664727151394 0
    endloop
  endfacet
  facet normal -0.3971478664167774 -0.9177546361640466 0
    outer loop
      vertex 5.552186831831932 21.394664727151394 3
      vertex 5.552186831831932 21.394664727151394 0
      vertex 5.638668939471245 21.357240580022335 3
    endloop
  endfacet
  facet normal -0.453990560112584 -0.8910064934267663 0
    outer loop
      vertex 5.722630508244038 21.314460016787052 0
      vertex 5.722630508244038 21.314460016787052 3
      vertex 5.638668939471245 21.357240580022335 0
    endloop
  endfacet
  facet normal -0.453990560112584 -0.8910064934267663 0
    outer loop
      vertex 5.638668939471245 21.357240580022335 3
      vertex 5.638668939471245 21.357240580022335 0
      vertex 5.722630508244038 21.314460016787052 3
    endloop
  endfacet
  facet normal -0.5090413469827522 -0.8607420676729967 0
    outer loop
      vertex 5.803740195930004 21.266491889953613 0
      vertex 5.803740195930004 21.266491889953613 3
      vertex 5.722630508244038 21.314460016787052 0
    endloop
  endfacet
  facet normal -0.5090413469827522 -0.8607420676729967 0
    outer loop
      vertex 5.722630508244038 21.314460016787052 3
      vertex 5.722630508244038 21.314460016787052 0
      vertex 5.803740195930004 21.266491889953613 3
    endloop
  endfacet
  facet normal -0.5620834140144462 -0.8270805496986764 0
    outer loop
      vertex 5.881677880883217 21.213525488972664 0
      vertex 5.881677880883217 21.213525488972664 3
      vertex 5.803740195930004 21.266491889953613 0
    endloop
  endfacet
  facet normal -0.5620834140144462 -0.8270805496986764 0
    outer loop
      vertex 5.803740195930004 21.266491889953613 3
      vertex 5.803740195930004 21.266491889953613 0
      vertex 5.881677880883217 21.213525488972664 3
    endloop
  endfacet
  facet normal -0.6129070432732744 -0.7901550204270126 0
    outer loop
      vertex 5.956135988235474 21.155769862234592 0
      vertex 5.956135988235474 21.155769862234592 3
      vertex 5.881677880883217 21.213525488972664 0
    endloop
  endfacet
  facet normal -0.6129070432732744 -0.7901550204270126 0
    outer loop
      vertex 5.881677880883217 21.213525488972664 3
      vertex 5.881677880883217 21.213525488972664 0
      vertex 5.956135988235474 21.155769862234592 3
    endloop
  endfacet
  facet normal -0.6613118881958368 -0.7501110494659154 0
    outer loop
      vertex 6.026820659637451 21.09345293790102 0
      vertex 6.026820659637451 21.09345293790102 3
      vertex 5.956135988235474 21.155769862234592 0
    endloop
  endfacet
  facet normal -0.6613118881958368 -0.7501110494659154 0
    outer loop
      vertex 5.956135988235474 21.155769862234592 3
      vertex 5.956135988235474 21.155769862234592 0
      vertex 6.026820659637451 21.09345293790102 3
    endloop
  endfacet
  facet normal -0.7071067811865475 -0.7071067811865475 0
    outer loop
      vertex 6.09345293790102 21.02682065963745 0
      vertex 6.09345293790102 21.02682065963745 3
      vertex 6.026820659637451 21.09345293790102 0
    endloop
  endfacet
  facet normal -0.7071067811865475 -0.7071067811865475 0
    outer loop
      vertex 6.026820659637451 21.09345293790102 3
      vertex 6.026820659637451 21.09345293790102 0
      vertex 6.09345293790102 21.02682065963745 3
    endloop
  endfacet
  facet normal -0.7501110494659154 -0.6613118881958368 0
    outer loop
      vertex 6.155769862234592 20.956135988235474 0
      vertex 6.155769862234592 20.956135988235474 3
      vertex 6.09345293790102 21.02682065963745 0
    endloop
  endfacet
  facet normal -0.7501110494659154 -0.6613118881958368 0
    outer loop
      vertex 6.09345293790102 21.02682065963745 3
      vertex 6.09345293790102 21.02682065963745 0
      vertex 6.155769862234592 20.956135988235474 3
    endloop
  endfacet
  facet normal -0.7901550204270126 -0.6129070432732744 0
    outer loop
      vertex 6.213525488972664 20.881677880883217 0
      vertex 6.213525488972664 20.881677880883217 3
      vertex 6.155769862234592 20.956135988235474 0
    endloop
  endfacet
  facet normal -0.7901550204270126 -0.6129070432732744 0
    outer loop
      vertex 6.155769862234592 20.956135988235474 3
      vertex 6.155769862234592 20.956135988235474 0
      vertex 6.213525488972664 20.881677880883217 3
    endloop
  endfacet
  facet normal -0.8270805496986764 -0.5620834140144462 0
    outer loop
      vertex 6.266491889953613 20.803740195930004 0
      vertex 6.266491889953613 20.803740195930004 3
      vertex 6.213525488972664 20.881677880883217 0
    endloop
  endfacet
  facet normal -0.8270805496986764 -0.5620834140144462 0
    outer loop
      vertex 6.213525488972664 20.881677880883217 3
      vertex 6.213525488972664 20.881677880883217 0
      vertex 6.266491889953613 20.803740195930004 3
    endloop
  endfacet
  facet normal -0.8607420676729967 -0.5090413469827522 0
    outer loop
      vertex 6.314460016787052 20.722630508244038 0
      vertex 6.314460016787052 20.722630508244038 3
      vertex 6.266491889953613 20.803740195930004 0
    endloop
  endfacet
  facet normal -0.8607420676729967 -0.5090413469827522 0
    outer loop
      vertex 6.266491889953613 20.803740195930004 3
      vertex 6.266491889953613 20.803740195930004 0
      vertex 6.314460016787052 20.722630508244038 3
    endloop
  endfacet
  facet normal -0.8910064934267663 -0.453990560112584 0
    outer loop
      vertex 6.357240580022335 20.638668939471245 0
      vertex 6.357240580022335 20.638668939471245 3
      vertex 6.314460016787052 20.722630508244038 0
    endloop
  endfacet
  facet normal -0.8910064934267663 -0.453990560112584 0
    outer loop
      vertex 6.314460016787052 20.722630508244038 3
      vertex 6.314460016787052 20.722630508244038 0
      vertex 6.357240580022335 20.638668939471245 3
    endloop
  endfacet
  facet normal -0.9177546361640466 -0.3971478664167774 0
    outer loop
      vertex 6.394664727151394 20.552186831831932 0
      vertex 6.394664727151394 20.552186831831932 3
      vertex 6.357240580022335 20.638668939471245 0
    endloop
  endfacet
  facet normal -0.9177546361640466 -0.3971478664167774 0
    outer loop
      vertex 6.357240580022335 20.638668939471245 3
      vertex 6.357240580022335 20.638668939471245 0
      vertex 6.394664727151394 20.552186831831932 3
    endloop
  endfacet
  facet normal -0.9408807755099763 -0.3387379020359927 0
    outer loop
      vertex 6.4265847727656364 20.463525488972664 0
      vertex 6.4265847727656364 20.463525488972664 3
      vertex 6.394664727151394 20.552186831831932 0
    endloop
  endfacet
  facet normal -0.9408807755099763 -0.3387379020359927 0
    outer loop
      vertex 6.394664727151394 20.552186831831932 3
      vertex 6.394664727151394 20.552186831831932 0
      vertex 6.4265847727656364 20.463525488972664 3
    endloop
  endfacet
  facet normal -0.9602936793776121 -0.2789911277216675 0
    outer loop
      vertex 6.45287474244833 20.373034827411175 0
      vertex 6.45287474244833 20.373034827411175 3
      vertex 6.4265847727656364 20.463525488972664 0
    endloop
  endfacet
  facet normal -0.9602936793776121 -0.2789911277216675 0
    outer loop
      vertex 6.4265847727656364 20.463525488972664 3
      vertex 6.4265847727656364 20.463525488972664 0
      vertex 6.45287474244833 20.373034827411175 3
    endloop
  endfacet
  facet normal -0.975916756226143 -0.21814326695326391 0
    outer loop
      vertex 6.473430879414082 20.281071968376637 0
      vertex 6.473430879414082 20.281071968376637 3
      vertex 6.45287474244833 20.373034827411175 0
    endloop
  endfacet
  facet normal -0.975916756226143 -0.21814326695326391 0
    outer loop
      vertex 6.45287474244833 20.373034827411175 3
      vertex 6.45287474244833 20.373034827411175 0
      vertex 6.473430879414082 20.281071968376637 3
    endloop
  endfacet
  facet normal -0.9876883408987689 -0.1564344631231799 0
    outer loop
      vertex 6.4881720542907715 20.187999852001667 0
      vertex 6.4881720542907715 20.187999852001667 3
      vertex 6.473430879414082 20.281071968376637 0
    endloop
  endfacet
  facet normal -0.9876883408987689 -0.1564344631231799 0
    outer loop
      vertex 6.473430879414082 20.281071968376637 3
      vertex 6.473430879414082 20.281071968376637 0
      vertex 6.4881720542907715 20.187999852001667 3
    endloop
  endfacet
  facet normal -0.9955619669782131 -0.09410828819222697 0
    outer loop
      vertex 6.497040092945099 20.094185777008533 0
      vertex 6.497040092945099 20.094185777008533 3
      vertex 6.4881720542907715 20.187999852001667 0
    endloop
  endfacet
  facet normal -0.9955619669782131 -0.09410828819222697 0
    outer loop
      vertex 6.4881720542907715 20.187999852001667 3
      vertex 6.4881720542907715 20.187999852001667 0
      vertex 6.497040092945099 20.094185777008533 3
    endloop
  endfacet
  facet normal -0.9995065604426497 -0.03141075663054849 0
    outer loop
      vertex 6.5 20 0
      vertex 6.5 20 3
      vertex 6.497040092945099 20.094185777008533 0
    endloop
  endfacet
  facet normal -0.9995065604426497 -0.03141075663054849 0
    outer loop
      vertex 6.497040092945099 20.094185777008533 3
      vertex 6.497040092945099 20.094185777008533 0
      vertex 6.5 20 3
    endloop
  endfacet
  facet normal -0.9995065604426497 0.03141075663054849 0
    outer loop
      vertex 6.497040092945099 19.905814222991467 0
      vertex 6.497040092945099 19.905814222991467 3
      vertex 6.5 20 0
    endloop
  endfacet
  facet normal -0.9995065604426497 0.03141075663054849 0
    outer loop
      vertex 6.5 20 3
      vertex 6.5 20 0
      vertex 6.497040092945099 19.905814222991467 3
    endloop
  endfacet
  facet normal -0.9955619669782131 0.09410828819222697 0
    outer loop
      vertex 6.4881720542907715 19.812000147998333 0
      vertex 6.4881720542907715 19.812000147998333 3
      vertex 6.497040092945099 19.905814222991467 0
    endloop
  endfacet
  facet normal -0.9955619669782131 0.09410828819222697 0
    outer loop
      vertex 6.497040092945099 19.905814222991467 3
      vertex 6.497040092945099 19.905814222991467 0
      vertex 6.4881720542907715 19.812000147998333 3
    endloop
  endfacet
  facet normal -0.9876883408987689 0.1564344631231799 0
    outer loop
      vertex 6.473430879414082 19.718928031623363 0
      vertex 6.473430879414082 19.718928031623363 3
      vertex 6.4881720542907715 19.812000147998333 0
    endloop
  endfacet
  facet normal -0.9876883408987689 0.1564344631231799 0
    outer loop
      vertex 6.4881720542907715 19.812000147998333 3
      vertex 6.4881720542907715 19.812000147998333 0
      vertex 6.473430879414082 19.718928031623363 3
    endloop
  endfacet
  facet normal -0.975916756226143 0.21814326695326391 0
    outer loop
      vertex 6.45287474244833 19.626965172588825 0
      vertex 6.45287474244833 19.626965172588825 3
      vertex 6.473430879414082 19.718928031623363 0
    endloop
  endfacet
  facet normal -0.975916756226143 0.21814326695326391 0
    outer loop
      vertex 6.473430879414082 19.718928031623363 3
      vertex 6.473430879414082 19.718928031623363 0
      vertex 6.45287474244833 19.626965172588825 3
    endloop
  endfacet
  facet normal -0.9602936793776121 0.2789911277216675 0
    outer loop
      vertex 6.4265847727656364 19.536474511027336 0
      vertex 6.4265847727656364 19.536474511027336 3
      vertex 6.45287474244833 19.626965172588825 0
    endloop
  endfacet
  facet normal -0.9602936793776121 0.2789911277216675 0
    outer loop
      vertex 6.45287474244833 19.626965172588825 3
      vertex 6.45287474244833 19.626965172588825 0
      vertex 6.4265847727656364 19.536474511027336 3
    endloop
  endfacet
  facet normal -0.9408807755099763 0.3387379020359927 0
    outer loop
      vertex 6.394664727151394 19.447813168168068 0
      vertex 6.394664727151394 19.447813168168068 3
      vertex 6.4265847727656364 19.536474511027336 0
    endloop
  endfacet
  facet normal -0.9408807755099763 0.3387379020359927 0
    outer loop
      vertex 6.4265847727656364 19.536474511027336 3
      vertex 6.4265847727656364 19.536474511027336 0
      vertex 6.394664727151394 19.447813168168068 3
    endloop
  endfacet
  facet normal -0.9177546361640466 0.3971478664167774 0
    outer loop
      vertex 6.357240580022335 19.361331060528755 0
      vertex 6.357240580022335 19.361331060528755 3
      vertex 6.394664727151394 19.447813168168068 0
    endloop
  endfacet
  facet normal -0.9177546361640466 0.3971478664167774 0
    outer loop
      vertex 6.394664727151394 19.447813168168068 3
      vertex 6.394664727151394 19.447813168168068 0
      vertex 6.357240580022335 19.361331060528755 3
    endloop
  endfacet
  facet normal -0.8910064934267663 0.453990560112584 0
    outer loop
      vertex 6.314460016787052 19.277369491755962 0
      vertex 6.314460016787052 19.277369491755962 3
      vertex 6.357240580022335 19.361331060528755 0
    endloop
  endfacet
  facet normal -0.8910064934267663 0.453990560112584 0
    outer loop
      vertex 6.357240580022335 19.361331060528755 3
      vertex 6.357240580022335 19.361331060528755 0
      vertex 6.314460016787052 19.277369491755962 3
    endloop
  endfacet
  facet normal -0.8607420676729967 0.5090413469827522 0
    outer loop
      vertex 6.266491889953613 19.196259804069996 0
      vertex 6.266491889953613 19.196259804069996 3
      vertex 6.314460016787052 19.277369491755962 0
    endloop
  endfacet
  facet normal -0.8607420676729967 0.5090413469827522 0
    outer loop
      vertex 6.314460016787052 19.277369491755962 3
      vertex 6.314460016787052 19.277369491755962 0
      vertex 6.266491889953613 19.196259804069996 3
    endloop
  endfacet
  facet normal -0.8270805496986764 0.5620834140144462 0
    outer loop
      vertex 6.213525488972664 19.118322119116783 0
      vertex 6.213525488972664 19.118322119116783 3
      vertex 6.266491889953613 19.196259804069996 0
    endloop
  endfacet
  facet normal -0.8270805496986764 0.5620834140144462 0
    outer loop
      vertex 6.266491889953613 19.196259804069996 3
      vertex 6.266491889953613 19.196259804069996 0
      vertex 6.213525488972664 19.118322119116783 3
    endloop
  endfacet
  facet normal -0.7901550204270126 0.6129070432732744 0
    outer loop
      vertex 6.155769862234592 19.043864011764526 0
      vertex 6.155769862234592 19.043864011764526 3
      vertex 6.213525488972664 19.118322119116783 0
    endloop
  endfacet
  facet normal -0.7901550204270126 0.6129070432732744 0
    outer loop
      vertex 6.213525488972664 19.118322119116783 3
      vertex 6.213525488972664 19.118322119116783 0
      vertex 6.155769862234592 19.043864011764526 3
    endloop
  endfacet
  facet normal -0.7501110494659154 0.6613118881958368 0
    outer loop
      vertex 6.09345293790102 18.97317934036255 0
      vertex 6.09345293790102 18.97317934036255 3
      vertex 6.155769862234592 19.043864011764526 0
    endloop
  endfacet
  facet normal -0.7501110494659154 0.6613118881958368 0
    outer loop
      vertex 6.155769862234592 19.043864011764526 3
      vertex 6.155769862234592 19.043864011764526 0
      vertex 6.09345293790102 18.97317934036255 3
    endloop
  endfacet
  facet normal -0.7071067811865475 0.7071067811865475 0
    outer loop
      vertex 6.026820659637451 18.90654706209898 0
      vertex 6.026820659637451 18.90654706209898 3
      vertex 6.09345293790102 18.97317934036255 0
    endloop
  endfacet
  facet normal -0.7071067811865475 0.7071067811865475 0
    outer loop
      vertex 6.09345293790102 18.97317934036255 3
      vertex 6.09345293790102 18.97317934036255 0
      vertex 6.026820659637451 18.90654706209898 3
    endloop
  endfacet
  facet normal -0.6613118881958368 0.7501110494659154 0
    outer loop
      vertex 5.956135988235474 18.844230137765408 0
      vertex 5.956135988235474 18.844230137765408 3
      vertex 6.026820659637451 18.90654706209898 0
    endloop
  endfacet
  facet normal -0.6613118881958368 0.7501110494659154 0
    outer loop
      vertex 6.026820659637451 18.90654706209898 3
      vertex 6.026820659637451 18.90654706209898 0
      vertex 5.956135988235474 18.844230137765408 3
    endloop
  endfacet
  facet normal -0.6129070432732744 0.7901550204270126 0
    outer loop
      vertex 5.881677880883217 18.786474511027336 0
      vertex 5.881677880883217 18.786474511027336 3
      vertex 5.956135988235474 18.844230137765408 0
    endloop
  endfacet
  facet normal -0.6129070432732744 0.7901550204270126 0
    outer loop
      vertex 5.956135988235474 18.844230137765408 3
      vertex 5.956135988235474 18.844230137765408 0
      vertex 5.881677880883217 18.786474511027336 3
    endloop
  endfacet
  facet normal -0.5620834140144462 0.8270805496986764 0
    outer loop
      vertex 5.803740195930004 18.733508110046387 0
      vertex 5.803740195930004 18.733508110046387 3
      vertex 5.881677880883217 18.786474511027336 0
    endloop
  endfacet
  facet normal -0.5620834140144462 0.8270805496986764 0
    outer loop
      vertex 5.881677880883217 18.786474511027336 3
      vertex 5.881677880883217 18.786474511027336 0
      vertex 5.803740195930004 18.733508110046387 3
    endloop
  endfacet
  facet normal -0.5090413469827522 0.8607420676729967 0
    outer loop
      vertex 5.722630508244038 18.685539983212948 0
      vertex 5.722630508244038 18.685539983212948 3
      vertex 5.803740195930004 18.733508110046387 0
    endloop
  endfacet
  facet normal -0.5090413469827522 0.8607420676729967 0
    outer loop
      vertex 5.803740195930004 18.733508110046387 3
      vertex 5.803740195930004 18.733508110046387 0
      vertex 5.722630508244038 18.685539983212948 3
    endloop
  endfacet
  facet normal -0.453990560112584 0.8910064934267663 0
    outer loop
      vertex 5.638668939471245 18.642759419977665 0
      vertex 5.638668939471245 18.642759419977665 3
      vertex 5.722630508244038 18.685539983212948 0
    endloop
  endfacet
  facet normal -0.453990560112584 0.8910064934267663 0
    outer loop
      vertex 5.722630508244038 18.685539983212948 3
      vertex 5.722630508244038 18.685539983212948 0
      vertex 5.638668939471245 18.642759419977665 3
    endloop
  endfacet
  facet normal -0.3971478664167774 0.9177546361640466 0
    outer loop
      vertex 5.552186831831932 18.605335272848606 0
      vertex 5.552186831831932 18.605335272848606 3
      vertex 5.638668939471245 18.642759419977665 0
    endloop
  endfacet
  facet normal -0.3971478664167774 0.9177546361640466 0
    outer loop
      vertex 5.638668939471245 18.642759419977665 3
      vertex 5.638668939471245 18.642759419977665 0
      vertex 5.552186831831932 18.605335272848606 3
    endloop
  endfacet
  facet normal -0.3387379020359927 0.9408807755099763 0
    outer loop
      vertex 5.463525488972664 18.573415227234364 0
      vertex 5.463525488972664 18.573415227234364 3
      vertex 5.552186831831932 18.605335272848606 0
    endloop
  endfacet
  facet normal -0.3387379020359927 0.9408807755099763 0
    outer loop
      vertex 5.552186831831932 18.605335272848606 3
      vertex 5.552186831831932 18.605335272848606 0
      vertex 5.463525488972664 18.573415227234364 3
    endloop
  endfacet
  facet normal -0.2789911277216675 0.9602936793776121 0
    outer loop
      vertex 5.373034827411175 18.54712525755167 0
      vertex 5.373034827411175 18.54712525755167 3
      vertex 5.463525488972664 18.573415227234364 0
    endloop
  endfacet
  facet normal -0.2789911277216675 0.9602936793776121 0
    outer loop
      vertex 5.463525488972664 18.573415227234364 3
      vertex 5.463525488972664 18.573415227234364 0
      vertex 5.373034827411175 18.54712525755167 3
    endloop
  endfacet
  facet normal -0.21814326695326391 0.975916756226143 0
    outer loop
      vertex 5.2810719683766365 18.52656912058592 0
      vertex 5.2810719683766365 18.52656912058592 3
      vertex 5.373034827411175 18.54712525755167 0
    endloop
  endfacet
  facet normal -0.21814326695326391 0.975916756226143 0
    outer loop
      vertex 5.373034827411175 18.54712525755167 3
      vertex 5.373034827411175 18.54712525755167 0
      vertex 5.2810719683766365 18.52656912058592 3
    endloop
  endfacet
  facet normal -0.1564344631231799 0.9876883408987689 0
    outer loop
      vertex 5.187999852001667 18.51182794570923 0
      vertex 5.187999852001667 18.51182794570923 3
      vertex 5.2810719683766365 18.52656912058592 0
    endloop
  endfacet
  facet normal -0.1564344631231799 0.9876883408987689 0
    outer loop
      vertex 5.2810719683766365 18.52656912058592 3
      vertex 5.2810719683766365 18.52656912058592 0
      vertex 5.187999852001667 18.51182794570923 3
    endloop
  endfacet
  facet normal -0.09410828819222697 0.9955619669782131 0
    outer loop
      vertex 5.0941857770085335 18.5029599070549 0
      vertex 5.0941857770085335 18.5029599070549 3
      vertex 5.187999852001667 18.51182794570923 0
    endloop
  endfacet
  facet normal -0.09410828819222697 0.9955619669782131 0
    outer loop
      vertex 5.187999852001667 18.51182794570923 3
      vertex 5.187999852001667 18.51182794570923 0
      vertex 5.0941857770085335 18.5029599070549 3
    endloop
  endfacet
  facet normal -0.03141075663054849 0.9995065604426497 0
    outer loop
      vertex 5 18.5 0
      vertex 5 18.5 3
      vertex 5.0941857770085335 18.5029599070549 0
    endloop
  endfacet
  facet normal -0.03141075663054849 0.9995065604426497 0
    outer loop
      vertex 5.0941857770085335 18.5029599070549 3
      vertex 5.0941857770085335 18.5029599070549 0
      vertex 5 18.5 3
    endloop
  endfacet
  facet normal 0.03141075663054849 0.9995065604426497 0
    outer loop
      vertex 4.9058142229914665 18.5029599070549 0
      vertex 4.9058142229914665 18.5029599070549 3
      vertex 5 18.5 0
    endloop
  endfacet
  facet normal 0.03141075663054849 0.9995065604426497 0
    outer loop
      vertex 5 18.5 3
      vertex 5 18.5 0
      vertex 4.9058142229914665 18.5029599070549 3
    endloop
  endfacet
  facet normal 0.09410828819222697 0.9955619669782131 0
    outer loop
      vertex 19.812000147998333 18.51182794570923 0
      vertex 19.812000147998333 18.51182794570923 3
      vertex 19.905814222991467 18.5029599070549 0
    endloop
  endfacet
  facet normal 0.09410828819222697 0.9955619669782131 0
    outer loop
      vertex 19.905814222991467 18.5029599070549 3
      vertex 19.905814222991467 18.5029599070549 0
      vertex 19.812000147998333 18.51182794570923 3
    endloop
  endfacet
  facet normal 0.1564344631231799 0.9876883408987689 0
    outer loop
      vertex 19.718928031623363 18.52656912058592 0
      vertex 19.718928031623363 18.52656912058592 3
      vertex 19.812000147998333 18.51182794570923 0
    endloop
  endfacet
  facet normal 0.1564344631231799 0.9876883408987689 0
    outer loop
      vertex 19.812000147998333 18.51182794570923 3
      vertex 19.812000147998333 18.51182794570923 0
      vertex 19.718928031623363 18.52656912058592 3
    endloop
  endfacet
  facet normal 0.21814326695326391 0.975916756226143 0
    outer loop
      vertex 19.626965172588825 18.54712525755167 0
      vertex 19.626965172588825 18.54712525755167 3
      vertex 19.718928031623363 18.52656912058592 0
    endloop
  endfacet
  facet normal 0.21814326695326391 0.975916756226143 0
    outer loop
      vertex 19.718928031623363 18.52656912058592 3
      vertex 19.718928031623363 18.52656912058592 0
      vertex 19.626965172588825 18.54712525755167 3
    endloop
  endfacet
  facet normal 0.2789911277216675 0.9602936793776121 0
    outer loop
      vertex 19.536474511027336 18.573415227234364 0
      vertex 19.536474511027336 18.573415227234364 3
      vertex 19.626965172588825 18.54712525755167 0
    endloop
  endfacet
  facet normal 0.2789911277216675 0.9602936793776121 0
    outer loop
      vertex 19.626965172588825 18.54712525755167 3
      vertex 19.626965172588825 18.54712525755167 0
      vertex 19.536474511027336 18.573415227234364 3
    endloop
  endfacet
  facet normal 0.3387379020359927 0.9408807755099763 0
    outer loop
      vertex 19.447813168168068 18.605335272848606 0
      vertex 19.447813168168068 18.605335272848606 3
      vertex 19.536474511027336 18.573415227234364 0
    endloop
  endfacet
  facet normal 0.3387379020359927 0.9408807755099763 0
    outer loop
      vertex 19.536474511027336 18.573415227234364 3
      vertex 19.536474511027336 18.573415227234364 0
      vertex 19.447813168168068 18.605335272848606 3
    endloop
  endfacet
  facet normal 0.3971478664167774 0.9177546361640466 0
    outer loop
      vertex 19.361331060528755 18.642759419977665 0
      vertex 19.361331060528755 18.642759419977665 3
      vertex 19.447813168168068 18.605335272848606 0
    endloop
  endfacet
  facet normal 0.3971478664167774 0.9177546361640466 0
    outer loop
      vertex 19.447813168168068 18.605335272848606 3
      vertex 19.447813168168068 18.605335272848606 0
      vertex 19.361331060528755 18.642759419977665 3
    endloop
  endfacet
  facet normal 0.453990560112584 0.8910064934267663 0
    outer loop
      vertex 19.277369491755962 18.685539983212948 0
      vertex 19.277369491755962 18.685539983212948 3
      vertex 19.361331060528755 18.642759419977665 0
    endloop
  endfacet
  facet normal 0.453990560112584 0.8910064934267663 0
    outer loop
      vertex 19.361331060528755 18.642759419977665 3
      vertex 19.361331060528755 18.642759419977665 0
      vertex 19.277369491755962 18.685539983212948 3
    endloop
  endfacet
  facet normal 0.5090413469827522 0.8607420676729967 0
    outer loop
      vertex 19.196259804069996 18.733508110046387 0
      vertex 19.196259804069996 18.733508110046387 3
      vertex 19.277369491755962 18.685539983212948 0
    endloop
  endfacet
  facet normal 0.5090413469827522 0.8607420676729967 0
    outer loop
      vertex 19.277369491755962 18.685539983212948 3
      vertex 19.277369491755962 18.685539983212948 0
      vertex 19.196259804069996 18.733508110046387 3
    endloop
  endfacet
  facet normal 0.5620834140144462 0.8270805496986764 0
    outer loop
      vertex 19.118322119116783 18.786474511027336 0
      vertex 19.118322119116783 18.786474511027336 3
      vertex 19.196259804069996 18.733508110046387 0
    endloop
  endfacet
  facet normal 0.5620834140144462 0.8270805496986764 0
    outer loop
      vertex 19.196259804069996 18.733508110046387 3
      vertex 19.196259804069996 18.733508110046387 0
      vertex 19.118322119116783 18.786474511027336 3
    endloop
  endfacet
  facet normal 0.6129070432732744 0.7901550204270126 0
    outer loop
      vertex 19.043864011764526 18.844230137765408 0
      vertex 19.043864011764526 18.844230137765408 3
      vertex 19.118322119116783 18.786474511027336 0
    endloop
  endfacet
  facet normal 0.6129070432732744 0.7901550204270126 0
    outer loop
      vertex 19.118322119116783 18.786474511027336 3
      vertex 19.118322119116783 18.786474511027336 0
      vertex 19.043864011764526 18.844230137765408 3
    endloop
  endfacet
  facet normal 0.6613118881958368 0.7501110494659154 0
    outer loop
      vertex 18.97317934036255 18.90654706209898 0
      vertex 18.97317934036255 18.90654706209898 3
      vertex 19.043864011764526 18.844230137765408 0
    endloop
  endfacet
  facet normal 0.6613118881958368 0.7501110494659154 0
    outer loop
      vertex 19.043864011764526 18.844230137765408 3
      vertex 19.043864011764526 18.844230137765408 0
      vertex 18.97317934036255 18.90654706209898 3
    endloop
  endfacet
  facet normal 0.7071067811865475 0.7071067811865475 0
    outer loop
      vertex 18.90654706209898 18.97317934036255 0
      vertex 18.90654706209898 18.97317934036255 3
      vertex 18.97317934036255 18.90654706209898 0
    endloop
  endfacet
  facet normal 0.7071067811865475 0.7071067811865475 0
    outer loop
      vertex 18.97317934036255 18.90654706209898 3
      vertex 18.97317934036255 18.90654706209898 0
      vertex 18.90654706209898 18.97317934036255 3
    endloop
  endfacet
  facet normal 0.7501110494659154 0.6613118881958368 0
    outer loop
      vertex 18.844230137765408 19.043864011764526 0
      vertex 18.844230137765408 19.043864011764526 3
      vertex 18.90654706209898 18.97317934036255 0
    endloop
  endfacet
  facet normal 0.7501110494659154 0.6613118881958368 0
    outer loop
      vertex 18.90654706209898 18.97317934036255 3
      vertex 18.90654706209898 18.97317934036255 0
      vertex 18.844230137765408 19.043864011764526 3
    endloop
  endfacet
  facet normal 0.7901550204270126 0.6129070432732744 0
    outer loop
      vertex 18.786474511027336 19.118322119116783 0
      vertex 18.786474511027336 19.118322119116783 3
      vertex 18.844230137765408 19.043864011764526 0
    endloop
  endfacet
  facet normal 0.7901550204270126 0.6129070432732744 0
    outer loop
      vertex 18.844230137765408 19.043864011764526 3
      vertex 18.844230137765408 19.043864011764526 0
      vertex 18.786474511027336 19.118322119116783 3
    endloop
  endfacet
  facet normal 0.8270805496986764 0.5620834140144462 0
    outer loop
      vertex 18.733508110046387 19.196259804069996 0
      vertex 18.733508110046387 19.196259804069996 3
      vertex 18.786474511027336 19.118322119116783 0
    endloop
  endfacet
  facet normal 0.8270805496986764 0.5620834140144462 0
    outer loop
      vertex 18.786474511027336 19.118322119116783 3
      vertex 18.786474511027336 19.118322119116783 0
      vertex 18.733508110046387 19.196259804069996 3
    endloop
  endfacet
  facet normal 0.8607420676729967 0.5090413469827522 0
    outer loop
      vertex 18.685539983212948 19.277369491755962 0
      vertex 18.685539983212948 19.277369491755962 3
      vertex 18.733508110046387 19.196259804069996 0
    endloop
  endfacet
  facet normal 0.8607420676729967 0.5090413469827522 0
    outer loop
      vertex 18.733508110046387 19.196259804069996 3
      vertex 18.733508110046387 19.196259804069996 0
      vertex 18.685539983212948 19.277369491755962 3
    endloop
  endfacet
  facet normal 0.8910064934267663 0.453990560112584 0
    outer loop
      vertex 18.642759419977665 19.361331060528755 0
      vertex 18.642759419977665 19.361331060528755 3
      vertex 18.685539983212948 19.277369491755962 0
    endloop
  endfacet
  facet normal 0.8910064934267663 0.453990560112584 0
    outer loop
      vertex 18.685539983212948 19.277369491755962 3
      vertex 18.685539983212948 19.277369491755962 0
      vertex 18.642759419977665 19.361331060528755 3
    endloop
  endfacet
  facet normal 0.9177546361640466 0.3971478664167774 0
    outer loop
      vertex 18.605335272848606 19.447813168168068 0
      vertex 18.605335272848606 19.447813168168068 3
      vertex 18.642759419977665 19.361331060528755 0
    endloop
  endfacet
  facet normal 0.9177546361640466 0.3971478664167774 0
    outer loop
      vertex 18.642759419977665 19.361331060528755 3
      vertex 18.642759419977665 19.361331060528755 0
      vertex 18.605335272848606 19.447813168168068 3
    endloop
  endfacet
  facet normal 0.9408807755099763 0.3387379020359927 0
    outer loop
      vertex 18.573415227234364 19.536474511027336 0
      vertex 18.573415227234364 19.536474511027336 3
      vertex 18.605335272848606 19.447813168168068 0
    endloop
  endfacet
  facet normal 0.9408807755099763 0.3387379020359927 0
    outer loop
      vertex 18.605335272848606 19.447813168168068 3
      vertex 18.605335272848606 19.447813168168068 0
      vertex 18.573415227234364 19.536474511027336 3
    endloop
  endfacet
  facet normal 0.9602936793776121 0.2789911277216675 0
    outer loop
      vertex 18.54712525755167 19.626965172588825 0
      vertex 18.54712525755167 19.626965172588825 3
      vertex 18.573415227234364 19.536474511027336 0
    endloop
  endfacet
  facet normal 0.9602936793776121 0.2789911277216675 0
    outer loop
      vertex 18.573415227234364 19.536474511027336 3
      vertex 18.573415227234364 19.536474511027336 0
      vertex 18.54712525755167 19.626965172588825 3
    endloop
  endfacet
  facet normal 0.975916756226143 0.21814326695326391 0
    outer loop
      vertex 18.52656912058592 19.718928031623363 0
      vertex 18.52656912058592 19.718928031623363 3
      vertex 18.54712525755167 19.626965172588825 0
    endloop
  endfacet
  facet normal 0.975916756226143 0.21814326695326391 0
    outer loop
      vertex 18.54712525755167 19.626965172588825 3
      vertex 18.54712525755167 19.626965172588825 0
      vertex 18.52656912058592 19.718928031623363 3
    endloop
  endfacet
  facet normal 0.9876883408987689 0.1564344631231799 0
    outer loop
      vertex 18.51182794570923 19.812000147998333 0
      vertex 18.51182794570923 19.812000147998333 3
      vertex 18.52656912058592 19.718928031623363 0
    endloop
  endfacet
  facet normal 0.9876883408987689 0.1564344631231799 0
    outer loop
      vertex 18.52656912058592 19.718928031623363 3
      vertex 18.52656912058592 19.718928031623363 0
      vertex 18.51182794570923 19.812000147998333 3
    endloop
  endfacet
  facet normal 0.9955619669782131 0.09410828819222697 0
    outer loop
      vertex 18.5029599070549 19.905814222991467 0
      vertex 18.5029599070549 19.905814222991467 3
      vertex 18.51182794570923 19.812000147998333 0
    endloop
  endfacet
  facet normal 0.9955619669782131 0.09410828819222697 0
    outer loop
      vertex 18.51182794570923 19.812000147998333 3
      vertex 18.51182794570923 19.812000147998333 0
      vertex 18.5029599070549 19.905814222991467 3
    endloop
  endfacet
  facet normal 0.9995065604426497 0.03141075663054849 0
    outer loop
      vertex 18.5 20 0
      vertex 18.5 20 3
      vertex 18.5029599070549 19.905814222991467 0
    endloop
  endfacet
  facet normal 0.9995065604426497 0.03141075663054849 0
    outer loop
      vertex 18.5029599070549 19.905814222991467 3
      vertex 18.5029599070549 19.905814222991467 0
      vertex 18.5 20 3
    endloop
  endfacet
  facet normal 0.9995065604426497 -0.03141075663054849 0
    outer loop
      vertex 18.5029599070549 20.094185777008533 0
      vertex 18.5029599070549 20.094185777008533 3
      vertex 18.5 20 0
    endloop
  endfacet
  facet normal 0.9995065604426497 -0.03141075663054849 0
    outer loop
      vertex 18.5 20 3
      vertex 18.5 20 0
      vertex 18.5029599070549 20.094185777008533 3
    endloop
  endfacet
  facet normal 0.9955619669782131 -0.09410828819222697 0
    outer loop
      vertex 18.51182794570923 20.187999852001667 0
      vertex 18.51182794570923 20.187999852001667 3
      vertex 18.5029599070549 20.094185777008533 0
    endloop
  endfacet
  facet normal 0.9955619669782131 -0.09410828819222697 0
    outer loop
      vertex 18.5029599070549 20.094185777008533 3
      vertex 18.5029599070549 20.094185777008533 0
      vertex 18.51182794570923 20.187999852001667 3
    endloop
  endfacet
  facet normal 0.9876883408987689 -0.1564344631231799 0
    outer loop
      vertex 18.52656912058592 20.281071968376637 0
      vertex 18.52656912058592 20.281071968376637 3
      vertex 18.51182794570923 20.187999852001667 0
    endloop
  endfacet
  facet normal 0.9876883408987689 -0.1564344631231799 0
    outer loop
      vertex 18.51182794570923 20.187999852001667 3
      vertex 18.51182794570923 20.187999852001667 0
      vertex 18.52656912058592 20.281071968376637 3
    endloop
  endfacet
  facet normal 0.975916756226143 -0.21814326695326391 0
    outer loop
      vertex 18.54712525755167 20.373034827411175 0
      vertex 18.54712525755167 20.373034827411175 3
      vertex 18.52656912058592 20.281071968376637 0
    endloop
  endfacet
  facet normal 0.975916756226143 -0.21814326695326391 0
    outer loop
      vertex 18.52656912058592 20.281071968376637 3
      vertex 18.52656912058592 20.281071968376637 0
      vertex 18.54712525755167 20.373034827411175 3
    endloop
  endfacet
  facet normal 0.9602936793776121 -0.2789911277216675 0
    outer loop
      vertex 18.573415227234364 20.463525488972664 0
      vertex 18.573415227234364 20.463525488972664 3
      vertex 18.54712525755167 20.373034827411175 0
    endloop
  endfacet
  facet normal 0.9602936793776121 -0.2789911277216675 0
    outer loop
      vertex 18.54712525755167 20.373034827411175 3
      vertex 18.54712525755167 20.373034827411175 0
      vertex 18.573415227234364 20.463525488972664 3
    endloop
  endfacet
  facet normal 0.9408807755099763 -0.3387379020359927 0
    outer loop
      vertex 18.605335272848606 20.552186831831932 0
      vertex 18.605335272848606 20.552186831831932 3
      vertex 18.573415227234364 20.463525488972664 0
    endloop
  endfacet
  facet normal 0.9408807755099763 -0.3387379020359927 0
    outer loop
      vertex 18.573415227234364 20.463525488972664 3
      vertex 18.573415227234364 20.463525488972664 0
      vertex 18.605335272848606 20.552186831831932 3
    endloop
  endfacet
  facet normal 0.9177546361640466 -0.3971478664167774 0
    outer loop
      vertex 18.642759419977665 20.638668939471245 0
      vertex 18.642759419977665 20.638668939471245 3
      vertex 18.605335272848606 20.552186831831932 0
    endloop
  endfacet
  facet normal 0.9177546361640466 -0.3971478664167774 0
    outer loop
      vertex 18.605335272848606 20.552186831831932 3
      vertex 18.605335272848606 20.552186831831932 0
      vertex 18.642759419977665 20.638668939471245 3
    endloop
  endfacet
  facet normal 0.8910064934267663 -0.453990560112584 0
    outer loop
      vertex 18.685539983212948 20.722630508244038 0
      vertex 18.685539983212948 20.722630508244038 3
      vertex 18.642759419977665 20.638668939471245 0
    endloop
  endfacet
  facet normal 0.8910064934267663 -0.453990560112584 0
    outer loop
      vertex 18.642759419977665 20.638668939471245 3
      vertex 18.642759419977665 20.638668939471245 0
      vertex 18.685539983212948 20.722630508244038 3
    endloop
  endfacet
  facet normal 0.8607420676729967 -0.5090413469827522 0
    outer loop
      vertex 18.733508110046387 20.803740195930004 0
      vertex 18.733508110046387 20.803740195930004 3
      vertex 18.685539983212948 20.722630508244038 0
    endloop
  endfacet
  facet normal 0.8607420676729967 -0.5090413469827522 0
    outer loop
      vertex 18.685539983212948 20.722630508244038 3
      vertex 18.685539983212948 20.722630508244038 0
      vertex 18.733508110046387 20.803740195930004 3
    endloop
  endfacet
  facet normal 0.8270805496986764 -0.5620834140144462 0
    outer loop
      vertex 18.786474511027336 20.881677880883217 0
      vertex 18.786474511027336 20.881677880883217 3
      vertex 18.733508110046387 20.803740195930004 0
    endloop
  endfacet
  facet normal 0.8270805496986764 -0.5620834140144462 0
    outer loop
      vertex 18.733508110046387 20.803740195930004 3
      vertex 18.733508110046387 20.803740195930004 0
      vertex 18.786474511027336 20.881677880883217 3
    endloop
  endfacet
  facet normal 0.7901550204270126 -0.6129070432732744 0
    outer loop
      vertex 18.844230137765408 20.956135988235474 0
      vertex 18.844230137765408 20.956135988235474 3
      vertex 18.786474511027336 20.881677880883217 0
    endloop
  endfacet
  facet normal 0.7901550204270126 -0.6129070432732744 0
    outer loop
      vertex 18.786474511027336 20.881677880883217 3
      vertex 18.786474511027336 20.881677880883217 0
      vertex 18.844230137765408 20.956135988235474 3
    endloop
  endfacet
  facet normal 0.7501110494659154 -0.6613118881958368 0
    outer loop
      vertex 18.90654706209898 21.02682065963745 0
      vertex 18.90654706209898 21.02682065963745 3
      vertex 18.844230137765408 20.956135988235474 0
    endloop
  endfacet
  facet normal 0.7501110494659154 -0.6613118881958368 0
    outer loop
      vertex 18.844230137765408 20.956135988235474 3
      vertex 18.844230137765408 20.956135988235474 0
      vertex 18.90654706209898 21.02682065963745 3
    endloop
  endfacet
  facet normal 0.7071067811865475 -0.7071067811865475 0
    outer loop
      vertex 18.97317934036255 21.09345293790102 0
      vertex 18.97317934036255 21.09345293790102 3
      vertex 18.90654706209898 21.02682065963745 0
    endloop
  endfacet
  facet normal 0.7071067811865475 -0.7071067811865475 0
    outer loop
      vertex 18.90654706209898 21.02682065963745 3
      vertex 18.90654706209898 21.02682065963745 0
      vertex 18.97317934036255 21.09345293790102 3
    endloop
  endfacet
  facet normal 0.6613118881958368 -0.7501110494659154 0
    outer loop
      vertex 19.043864011764526 21.155769862234592 0
      vertex 19.043864011764526 21.155769862234592 3
      vertex 18.97317934036255 21.09345293790102 0
    endloop
  endfacet
  facet normal 0.6613118881958368 -0.7501110494659154 0
    outer loop
      vertex 18.97317934036255 21.09345293790102 3
      vertex 18.97317934036255 21.09345293790102 0
      vertex 19.043864011764526 21.155769862234592 3
    endloop
  endfacet
  facet normal 0.6129070432732744 -0.7901550204270126 0
    outer loop
      vertex 19.118322119116783 21.213525488972664 0
      vertex 19.118322119116783 21.213525488972664 3
      vertex 19.043864011764526 21.155769862234592 0
    endloop
  endfacet
  facet normal 0.6129070432732744 -0.7901550204270126 0
    outer loop
      vertex 19.043864011764526 21.155769862234592 3
      vertex 19.043864011764526 21.155769862234592 0
      vertex 19.118322119116783 21.213525488972664 3
    endloop
  endfacet
  facet normal 0.5620834140144462 -0.8270805496986764 0
    outer loop
      vertex 19.196259804069996 21.266491889953613 0
      vertex 19.196259804069996 21.266491889953613 3
      vertex 19.118322119116783 21.213525488972664 0
    endloop
  endfacet
  facet normal 0.5620834140144462 -0.8270805496986764 0
    outer loop
      vertex 19.118322119116783 21.213525488972664 3
      vertex 19.118322119116783 21.213525488972664 0
      vertex 19.196259804069996 21.266491889953613 3
    endloop
  endfacet
  facet normal 0.5090413469827522 -0.8607420676729967 0
    outer loop
      vertex 19.277369491755962 21.314460016787052 0
      vertex 19.277369491755962 21.314460016787052 3
      vertex 19.196259804069996 21.266491889953613 0
    endloop
  endfacet
  facet normal 0.5090413469827522 -0.8607420676729967 0
    outer loop
      vertex 19.196259804069996 21.266491889953613 3
      vertex 19.196259804069996 21.266491889953613 0
      vertex 19.277369491755962 21.314460016787052 3
    endloop
  endfacet
  facet normal 0.453990560112584 -0.8910064934267663 0
    outer loop
      vertex 19.361331060528755 21.357240580022335 0
      vertex 19.361331060528755 21.357240580022335 3
      vertex 19.277369491755962 21.314460016787052 0
    endloop
  endfacet
  facet normal 0.453990560112584 -0.8910064934267663 0
    outer loop
      vertex 19.277369491755962 21.314460016787052 3
      vertex 19.277369491755962 21.314460016787052 0
      vertex 19.361331060528755 21.357240580022335 3
    endloop
  endfacet
  facet normal 0.3971478664167774 -0.9177546361640466 0
    outer loop
      vertex 19.447813168168068 21.394664727151394 0
      vertex 19.447813168168068 21.394664727151394 3
      vertex 19.361331060528755 21.357240580022335 0
    endloop
  endfacet
  facet normal 0.3971478664167774 -0.9177546361640466 0
    outer loop
      vertex 19.361331060528755 21.357240580022335 3
      vertex 19.361331060528755 21.357240580022335 0
      vertex 19.447813168168068 21.394664727151394 3
    endloop
  endfacet
  facet normal 0.3387379020359927 -0.9408807755099763 0
    outer loop
      vertex 19.536474511027336 21.426584772765636 0
      vertex 19.536474511027336 21.426584772765636 3
      vertex 19.447813168168068 21.394664727151394 0
    endloop
  endfacet
  facet normal 0.3387379020359927 -0.9408807755099763 0
    outer loop
      vertex 19.447813168168068 21.394664727151394 3
      vertex 19.447813168168068 21.394664727151394 0
      vertex 19.536474511027336 21.426584772765636 3
    endloop
  endfacet
  facet normal 0.2789911277216675 -0.9602936793776121 0
    outer loop
      vertex 19.626965172588825 21.45287474244833 0
      vertex 19.626965172588825 21.45287474244833 3
      vertex 19.536474511027336 21.426584772765636 0
    endloop
  endfacet
  facet normal 0.2789911277216675 -0.9602936793776121 0
    outer loop
      vertex 19.536474511027336 21.426584772765636 3
      vertex 19.536474511027336 21.426584772765636 0
      vertex 19.626965172588825 21.45287474244833 3
    endloop
  endfacet
  facet normal 0.21814326695326391 -0.975916756226143 0
    outer loop
      vertex 19.718928031623363 21.47343087941408 0
      vertex 19.718928031623363 21.47343087941408 3
      vertex 19.626965172588825 21.45287474244833 0
    endloop
  endfacet
  facet normal 0.21814326695326391 -0.975916756226143 0
    outer loop
      vertex 19.626965172588825 21.45287474244833 3
      vertex 19.626965172588825 21.45287474244833 0
      vertex 19.718928031623363 21.47343087941408 3
    endloop
  endfacet
  facet normal 0.1564344631231799 -0.9876883408987689 0
    outer loop
      vertex 19.812000147998333 21.48817205429077 0
      vertex 19.812000147998333 21.48817205429077 3
      vertex 19.718928031623363 21.47343087941408 0
    endloop
  endfacet
  facet normal 0.1564344631231799 -0.9876883408987689 0
    outer loop
      vertex 19.718928031623363 21.47343087941408 3
      vertex 19.718928031623363 21.47343087941408 0
      vertex 19.812000147998333 21.48817205429077 3
    endloop
  endfacet
  facet normal 0.09410828819222697 -0.9955619669782131 0
    outer loop
      vertex 19.905814222991467 21.4970400929451 0
      vertex 19.905814222991467 21.4970400929451 3
      vertex 19.812000147998333 21.48817205429077 0
    endloop
  endfacet
  facet normal 0.09410828819222697 -0.9955619669782131 0
    outer loop
      vertex 19.812000147998333 21.48817205429077 3
      vertex 19.812000147998333 21.48817205429077 0
      vertex 19.905814222991467 21.4970400929451 3
    endloop
  endfacet
  facet normal 0.03141075663054849 -0.9995065604426497 0
    outer loop
      vertex 20 21.5 0
      vertex 20 21.5 3
      vertex 19.905814222991467 21.4970400929451 0
    endloop
  endfacet
  facet normal 0.03141075663054849 -0.9995065604426497 0
    outer loop
      vertex 19.905814222991467 21.4970400929451 3
      vertex 19.905814222991467 21.4970400929451 0
      vertex 20 21.5 3
    endloop
  endfacet
  facet normal -0.03141075663054849 -0.9995065604426497 0
    outer loop
      vertex 20.094185777008533 21.4970400929451 0
      vertex 20.094185777008533 21.4970400929451 3
      vertex 20 21.5 0
    endloop
  endfacet
  facet normal -0.03141075663054849 -0.9995065604426497 0
    outer loop
      vertex 20 21.5 3
      vertex 20 21.5 0
      vertex 20.094185777008533 21.4970400929451 3
    endloop
  endfacet
  facet normal -0.09410828819222697 -0.9955619669782131 0
    outer loop
      vertex 20.187999852001667 21.48817205429077 0
      vertex 20.187999852001667 21.48817205429077 3
      vertex 20.094185777008533 21.4970400929451 0
    endloop
  endfacet
  facet normal -0.09410828819222697 -0.9955619669782131 0
    outer loop
      vertex 20.094185777008533 21.4970400929451 3
      vertex 20.094185777008533 21.4970400929451 0
      vertex 20.187999852001667 21.48817205429077 3
    endloop
  endfacet
  facet normal -0.1564344631231799 -0.9876883408987689 0
    outer loop
      vertex 20.281071968376637 21.47343087941408 0
      vertex 20.281071968376637 21.47343087941408 3
      vertex 20.187999852001667 21.48817205429077 0
    endloop
  endfacet
  facet normal -0.1564344631231799 -0.9876883408987689 0
    outer loop
      vertex 20.187999852001667 21.48817205429077 3
      vertex 20.187999852001667 21.48817205429077 0
      vertex 20.281071968376637 21.47343087941408 3
    endloop
  endfacet
  facet normal -0.21814326695326391 -0.975916756226143 0
    outer loop
      vertex 20.373034827411175 21.45287474244833 0
      vertex 20.373034827411175 21.45287474244833 3
      vertex 20.281071968376637 21.47343087941408 0
    endloop
  endfacet
  facet normal -0.21814326695326391 -0.975916756226143 0
    outer loop
      vertex 20.281071968376637 21.47343087941408 3
      vertex 20.281071968376637 21.47343087941408 0
      vertex 20.373034827411175 21.45287474244833 3
    endloop
  endfacet
  facet normal -0.2789911277216675 -0.9602936793776121 0
    outer loop
      vertex 20.463525488972664 21.426584772765636 0
      vertex 20.463525488972664 21.426584772765636 3
      vertex 20.373034827411175 21.45287474244833 0
    endloop
  endfacet
  facet normal -0.2789911277216675 -0.9602936793776121 0
    outer loop
      vertex 20.373034827411175 21.45287474244833 3
      vertex 20.373034827411175 21.45287474244833 0
      vertex 20.463525488972664 21.426584772765636 3
    endloop
  endfacet
  facet normal -0.3387379020359927 -0.9408807755099763 0
    outer loop
      vertex 20.552186831831932 21.394664727151394 0
      vertex 20.552186831831932 21.394664727151394 3
      vertex 20.463525488972664 21.426584772765636 0
    endloop
  endfacet
  facet normal -0.3387379020359927 -0.9408807755099763 0
    outer loop
      vertex 20.463525488972664 21.426584772765636 3
      vertex 20.463525488972664 21.426584772765636 0
      vertex 20.552186831831932 21.394664727151394 3
    endloop
  endfacet
  facet normal -0.3971478664167774 -0.9177546361640466 0
    outer loop
      vertex 20.638668939471245 21.357240580022335 0
      vertex 20.638668939471245 21.357240580022335 3
      vertex 20.552186831831932 21.394664727151394 0
    endloop
  endfacet
  facet normal -0.3971478664167774 -0.9177546361640466 0
    outer loop
      vertex 20.552186831831932 21.394664727151394 3
      vertex 20.552186831831932 21.394664727151394 0
      vertex 20.638668939471245 21.357240580022335 3
    endloop
  endfacet
  facet normal -0.453990560112584 -0.8910064934267663 0
    outer loop
      vertex 20.722630508244038 21.314460016787052 0
      vertex 20.722630508244038 21.314460016787052 3
      vertex 20.638668939471245 21.357240580022335 0
    endloop
  endfacet
  facet normal -0.453990560112584 -0.8910064934267663 0
    outer loop
      vertex 20.638668939471245 21.357240580022335 3
      vertex 20.638668939471245 21.357240580022335 0
      vertex 20.722630508244038 21.314460016787052 3
    endloop
  endfacet
  facet normal -0.5090413469827522 -0.8607420676729967 0
    outer loop
      vertex 20.803740195930004 21.266491889953613 0
      vertex 20.803740195930004 21.266491889953613 3
      vertex 20.722630508244038 21.314460016787052 0
    endloop
  endfacet
  facet normal -0.5090413469827522 -0.8607420676729967 0
    outer loop
      vertex 20.722630508244038 21.314460016787052 3
      vertex 20.722630508244038 21.314460016787052 0
      vertex 20.803740195930004 21.266491889953613 3
    endloop
  endfacet
  facet normal -0.5620834140144462 -0.8270805496986764 0
    outer loop
      vertex 20.881677880883217 21.213525488972664 0
      vertex 20.881677880883217 21.213525488972664 3
      vertex 20.803740195930004 21.266491889953613 0
    endloop
  endfacet
  facet normal -0.5620834140144462 -0.8270805496986764 0
    outer loop
      vertex 20.803740195930004 21.266491889953613 3
      vertex 20.803740195930004 21.266491889953613 0
      vertex 20.881677880883217 21.213525488972664 3
    endloop
  endfacet
  facet normal -0.6129070432732744 -0.7901550204270126 0
    outer loop
      vertex 20.956135988235474 21.155769862234592 0
      vertex 20.956135988235474 21.155769862234592 3
      vertex 20.881677880883217 21.213525488972664 0
    endloop
  endfacet
  facet normal -0.6129070432732744 -0.7901550204270126 0
    outer loop
      vertex 20.881677880883217 21.213525488972664 3
      vertex 20.881677880883217 21.213525488972664 0
      vertex 20.956135988235474 21.155769862234592 3
    endloop
  endfacet
  facet normal -0.6613118881958368 -0.7501110494659154 0
    outer loop
      vertex 21.02682065963745 21.09345293790102 0
      vertex 21.02682065963745 21.09345293790102 3
      vertex 20.956135988235474 21.155769862234592 0
    endloop
  endfacet
  facet normal -0.6613118881958368 -0.7501110494659154 0
    outer loop
      vertex 20.956135988235474 21.155769862234592 3
      vertex 20.956135988235474 21.155769862234592 0
      vertex 21.02682065963745 21.09345293790102 3
    endloop
  endfacet
  facet normal -0.7071067811865475 -0.7071067811865475 0
    outer loop
      vertex 21.09345293790102 21.02682065963745 0
      vertex 21.09345293790102 21.02682065963745 3
      vertex 21.02682065963745 21.09345293790102 0
    endloop
  endfacet
  facet normal -0.7071067811865475 -0.7071067811865475 0
    outer loop
      vertex 21.02682065963745 21.09345293790102 3
      vertex 21.02682065963745 21.09345293790102 0
      vertex 21.09345293790102 21.02682065963745 3
    endloop
  endfacet
  facet normal -0.7501110494659154 -0.6613118881958368 0
    outer loop
      vertex 21.155769862234592 20.956135988235474 0
      vertex 21.155769862234592 20.956135988235474 3
      vertex 21.09345293790102 21.02682065963745 0
    endloop
  endfacet
  facet normal -0.7501110494659154 -0.6613118881958368 0
    outer loop
      vertex 21.09345293790102 21.02682065963745 3
      vertex 21.09345293790102 21.02682065963745 0
      vertex 21.155769862234592 20.956135988235474 3
    endloop
  endfacet
  facet normal -0.7901550204270126 -0.6129070432732744 0
    outer loop
      vertex 21.213525488972664 20.881677880883217 0
      vertex 21.213525488972664 20.881677880883217 3
      vertex 21.155769862234592 20.956135988235474 0
    endloop
  endfacet
  facet normal -0.7901550204270126 -0.6129070432732744 0
    outer loop
      vertex 21.155769862234592 20.956135988235474 3
      vertex 21.155769862234592 20.956135988235474 0
      vertex 21.213525488972664 20.881677880883217 3
    endloop
  endfacet
  facet normal -0.8270805496986764 -0.5620834140144462 0
    outer loop
      vertex 21.266491889953613 20.803740195930004 0
      vertex 21.266491889953613 20.803740195930004 3
      vertex 21.213525488972664 20.881677880883217 0
    endloop
  endfacet
  facet normal -0.8270805496986764 -0.5620834140144462 0
    outer loop
      vertex 21.213525488972664 20.881677880883217 3
      vertex 21.213525488972664 20.881677880883217 0
      vertex 21.266491889953613 20.803740195930004 3
    endloop
  endfacet
  facet normal -0.8607420676729967 -0.5090413469827522 0
    outer loop
      vertex 21.314460016787052 20.722630508244038 0
      vertex 21.314460016787052 20.722630508244038 3
      vertex 21.266491889953613 20.803740195930004 0
    endloop
  endfacet
  facet normal -0.8607420676729967 -0.5090413469827522 0
    outer loop
      vertex 21.266491889953613 20.803740195930004 3
      vertex 21.266491889953613 20.803740195930004 0
      vertex 21.314460016787052 20.722630508244038 3
    endloop
  endfacet
  facet normal -0.8910064934267663 -0.453990560112584 0
    outer loop
      vertex 21.357240580022335 20.638668939471245 0
      vertex 21.357240580022335 20.638668939471245 3
      vertex 21.314460016787052 20.722630508244038 0
    endloop
  endfacet
  facet normal -0.8910064934267663 -0.453990560112584 0
    outer loop
      vertex 21.314460016787052 20.722630508244038 3
      vertex 21.314460016787052 20.722630508244038 0
      vertex 21.357240580022335 20.638668939471245 3
    endloop
  endfacet
  facet normal -0.9177546361640466 -0.3971478664167774 0
    outer loop
      vertex 21.394664727151394 20.552186831831932 0
      vertex 21.394664727151394 20.552186831831932 3
      vertex 21.357240580022335 20.638668939471245 0
    endloop
  endfacet
  facet normal -0.9177546361640466 -0.3971478664167774 0
    outer loop
      vertex 21.357240580022335 20.638668939471245 3
      vertex 21.357240580022335 20.638668939471245 0
      vertex 21.394664727151394 20.552186831831932 3
    endloop
  endfacet
  facet normal -0.9408807755099763 -0.3387379020359927 0
    outer loop
      vertex 21.426584772765636 20.463525488972664 0
      vertex 21.426584772765636 20.463525488972664 3
      vertex 21.394664727151394 20.552186831831932 0
    endloop
  endfacet
  facet normal -0.9408807755099763 -0.3387379020359927 0
    outer loop
      vertex 21.394664727151394 20.552186831831932 3
      vertex 21.394664727151394 20.552186831831932 0
      vertex 21.426584772765636 20.463525488972664 3
    endloop
  endfacet
  facet normal -0.9602936793776121 -0.2789911277216675 0
    outer loop
      vertex 21.45287474244833 20.373034827411175 0
      vertex 21.45287474244833 20.373034827411175 3
      vertex 21.426584772765636 20.463525488972664 0
    endloop
  endfacet
  facet normal -0.9602936793776121 -0.2789911277216675 0
    outer loop
      vertex 21.426584772765636 20.463525488972664 3
      vertex 21.426584772765636 20.463525488972664 0
      vertex 21.45287474244833 20.373034827411175 3
    endloop
  endfacet
  facet normal -0.975916756226143 -0.21814326695326391 0
    outer loop
      vertex 21.47343087941408 20.281071968376637 0
      vertex 21.47343087941408 20.281071968376637 3
      vertex 21.45287474244833 20.373034827411175 0
    endloop
  endfacet
  facet normal -0.975916756226143 -0.21814326695326391 0
    outer loop
      vertex 21.45287474244833 20.373034827411175 3
      vertex 21.45287474244833 20.373034827411175 0
      vertex 21.47343087941408 20.281071968376637 3
    endloop
  endfacet
  facet normal -0.9876883408987689 -0.1564344631231799 0
    outer loop
      vertex 21.48817205429077 20.187999852001667 0
      vertex 21.48817205429077 20.187999852001667 3
      vertex 21.47343087941408 20.281071968376637 0
    endloop
  endfacet
  facet normal -0.9876883408987689 -0.1564344631231799 0
    outer loop
      vertex 21.47343087941408 20.281071968376637 3
      vertex 21.47343087941408 20.281071968376637 0
      vertex 21.48817205429077 20.187999852001667 3
    endloop
  endfacet
  facet normal -0.9955619669782131 -0.09410828819222697 0
    outer loop
      vertex 21.4970400929451 20.094185777008533 0
      vertex 21.4970400929451 20.094185777008533 3
      vertex 21.48817205429077 20.187999852001667 0
    endloop
  endfacet
  facet normal -0.9955619669782131 -0.09410828819222697 0
    outer loop
      vertex 21.48817205429077 20.187999852001667 3
      vertex 21.48817205429077 20.187999852001667 0
      vertex 21.4970400929451 20.094185777008533 3
    endloop
  endfacet
  facet normal -0.9995065604426497 -0.03141075663054849 0
    outer loop
      vertex 21.5 20 0
      vertex 21.5 20 3
      vertex 21.4970400929451 20.094185777008533 0
    endloop
  endfacet
  facet normal -0.9995065604426497 -0.03141075663054849 0
    outer loop
      vertex 21.4970400929451 20.094185777008533 3
      vertex 21.4970400929451 20.094185777008533 0
      vertex 21.5 20 3
    endloop
  endfacet
  facet normal -0.9995065604426497 0.03141075663054849 0
    outer loop
      vertex 21.4970400929451 19.905814222991467 0
      vertex 21.4970400929451 19.905814222991467 3
      vertex 21.5 20 0
    endloop
  endfacet
  facet normal -0.9995065604426497 0.03141075663054849 0
    outer loop
      vertex 21.5 20 3
      vertex 21.5 20 0
      vertex 21.4970400929451 19.905814222991467 3
    endloop
  endfacet
  facet normal -0.9955619669782131 0.09410828819222697 0
    outer loop
      vertex 21.48817205429077 19.812000147998333 0
      vertex 21.48817205429077 19.812000147998333 3
      vertex 21.4970400929451 19.905814222991467 0
    endloop
  endfacet
  facet normal -0.9955619669782131 0.09410828819222697 0
    outer loop
      vertex 21.4970400929451 19.905814222991467 3
      vertex 21.4970400929451 19.905814222991467 0
      vertex 21.48817205429077 19.812000147998333 3
    endloop
  endfacet
  facet normal -0.9876883408987689 0.1564344631231799 0
    outer loop
      vertex 21.47343087941408 19.718928031623363 0
      vertex 21.47343087941408 19.718928031623363 3
      vertex 21.48817205429077 19.812000147998333 0
    endloop
  endfacet
  facet normal -0.9876883408987689 0.1564344631231799 0
    outer loop
      vertex 21.48817205429077 19.812000147998333 3
      vertex 21.48817205429077 19.812000147998333 0
      vertex 21.47343087941408 19.718928031623363 3
    endloop
  endfacet
  facet normal -0.975916756226143 0.21814326695326391 0
    outer loop
      vertex 21.45287474244833 19.626965172588825 0
      vertex 21.45287474244833 19.626965172588825 3
      vertex 21.47343087941408 19.718928031623363 0
    endloop
  endfacet
  facet normal -0.975916756226143 0.21814326695326391 0
    outer loop
      vertex 21.47343087941408 19.718928031623363 3
      vertex 21.47343087941408 19.718928031623363 0
      vertex 21.45287474244833 19.626965172588825 3
    endloop
  endfacet
  facet normal -0.9602936793776121 0.2789911277216675 0
    outer loop
      vertex 21.426584772765636 19.536474511027336 0
      vertex 21.426584772765636 19.536474511027336 3
      vertex 21.45287474244833 19.626965172588825 0
    endloop
  endfacet
  facet normal -0.9602936793776121 0.2789911277216675 0
    outer loop
      vertex 21.45287474244833 19.626965172588825 3
      vertex 21.45287474244833 19.626965172588825 0
      vertex 21.426584772765636 19.536474511027336 3
    endloop
  endfacet
  facet normal -0.9408807755099763 0.3387379020359927 0
    outer loop
      vertex 21.394664727151394 19.447813168168068 0
      vertex 21.394664727151394 19.447813168168068 3
      vertex 21.426584772765636 19.536474511027336 0
    endloop
  endfacet
  facet normal -0.9408807755099763 0.3387379020359927 0
    outer loop
      vertex 21.426584772765636 19.536474511027336 3
      vertex 21.426584772765636 19.536474511027336 0
      vertex 21.394664727151394 19.447813168168068 3
    endloop
  endfacet
  facet normal -0.9177546361640466 0.3971478664167774 0
    outer loop
      vertex 21.357240580022335 19.361331060528755 0
      vertex 21.357240580022335 19.361331060528755 3
      vertex 21.394664727151394 19.447813168168068 0
    endloop
  endfacet
  facet normal -0.9177546361640466 0.3971478664167774 0
    outer loop
      vertex 21.394664727151394 19.447813168168068 3
      vertex 21.394664727151394 19.447813168168068 0
      vertex 21.357240580022335 19.361331060528755 3
    endloop
  endfacet
  facet normal -0.8910064934267663 0.453990560112584 0
    outer loop
      vertex 21.314460016787052 19.277369491755962 0
      vertex 21.314460016787052 19.277369491755962 3
      vertex 21.357240580022335 19.361331060528755 0
    endloop
  endfacet
  facet normal -0.8910064934267663 0.453990560112584 0
    outer loop
      vertex 21.357240580022335 19.361331060528755 3
      vertex 21.357240580022335 19.361331060528755 0
      vertex 21.314460016787052 19.277369491755962 3
    endloop
  endfacet
  facet normal -0.8607420676729967 0.5090413469827522 0
    outer loop
      vertex 21.266491889953613 19.196259804069996 0
      vertex 21.266491889953613 19.196259804069996 3
      vertex 21.314460016787052 19.277369491755962 0
    endloop
  endfacet
  facet normal -0.8607420676729967 0.5090413469827522 0
    outer loop
      vertex 21.314460016787052 19.277369491755962 3
      vertex 21.314460016787052 19.277369491755962 0
      vertex 21.266491889953613 19.196259804069996 3
    endloop
  endfacet
  facet normal -0.8270805496986764 0.5620834140144462 0
    outer loop
      vertex 21.213525488972664 19.118322119116783 0
      vertex 21.213525488972664 19.118322119116783 3
      vertex 21.266491889953613 19.196259804069996 0
    endloop
  endfacet
  facet normal -0.8270805496986764 0.5620834140144462 0
    outer loop
      vertex 21.266491889953613 19.196259804069996 3
      vertex 21.266491889953613 19.196259804069996 0
      vertex 21.213525488972664 19.118322119116783 3
    endloop
  endfacet
  facet normal -0.7901550204270126 0.6129070432732744 0
    outer loop
      vertex 21.155769862234592 19.043864011764526 0
      vertex 21.155769862234592 19.043864011764526 3
      vertex 21.213525488972664 19.118322119116783 0
    endloop
  endfacet
  facet normal -0.7901550204270126 0.6129070432732744 0
    outer loop
      vertex 21.213525488972664 19.118322119116783 3
      vertex 21.213525488972664 19.118322119116783 0
      vertex 21.155769862234592 19.043864011764526 3
    endloop
  endfacet
  facet normal -0.7501110494659154 0.6613118881958368 0
    outer loop
      vertex 21.09345293790102 18.97317934036255 0
      vertex 21.09345293790102 18.97317934036255 3
      vertex 21.155769862234592 19.043864011764526 0
    endloop
  endfacet
  facet normal -0.7501110494659154 0.6613118881958368 0
    outer loop
      vertex 21.155769862234592 19.043864011764526 3
      vertex 21.155769862234592 19.043864011764526 0
      vertex 21.09345293790102 18.97317934036255 3
    endloop
  endfacet
  facet normal -0.7071067811865475 0.7071067811865475 0
    outer loop
      vertex 21.02682065963745 18.90654706209898 0
      vertex 21.02682065963745 18.90654706209898 3
      vertex 21.09345293790102 18.97317934036255 0
    endloop
  endfacet
  facet normal -0.7071067811865475 0.7071067811865475 0
    outer loop
      vertex 21.09345293790102 18.97317934036255 3
      vertex 21.09345293790102 18.97317934036255 0
      vertex 21.02682065963745 18.90654706209898 3
    endloop
  endfacet
  facet normal -0.6613118881958368 0.7501110494659154 0
    outer loop
      vertex 20.956135988235474 18.844230137765408 0
      vertex 20.956135988235474 18.844230137765408 3
      vertex 21.02682065963745 18.90654706209898 0
    endloop
  endfacet
  facet normal -0.6613118881958368 0.7501110494659154 0
    outer loop
      vertex 21.02682065963745 18.90654706209898 3
      vertex 21.02682065963745 18.90654706209898 0
      vertex 20.956135988235474 18.844230137765408 3
    endloop
  endfacet
  facet normal -0.6129070432732744 0.7901550204270126 0
    outer loop
      vertex 20.881677880883217 18.786474511027336 0
      vertex 20.881677880883217 18.786474511027336 3
      vertex 20.956135988235474 18.844230137765408 0
    endloop
  endfacet
  facet normal -0.6129070432732744 0.7901550204270126 0
    outer loop
      vertex 20.956135988235474 18.844230137765408 3
      vertex 20.956135988235474 18.844230137765408 0
      vertex 20.881677880883217 18.786474511027336 3
    endloop
  endfacet
  facet normal -0.5620834140144462 0.8270805496986764 0
    outer loop
      vertex 20.803740195930004 18.733508110046387 0
      vertex 20.803740195930004 18.733508110046387 3
      vertex 20.881677880883217 18.786474511027336 0
    endloop
  endfacet
  facet normal -0.5620834140144462 0.8270805496986764 0
    outer loop
      vertex 20.881677880883217 18.786474511027336 3
      vertex 20.881677880883217 18.786474511027336 0
      vertex 20.803740195930004 18.733508110046387 3
    endloop
  endfacet
  facet normal -0.5090413469827522 0.8607420676729967 0
    outer loop
      vertex 20.722630508244038 18.685539983212948 0
      vertex 20.722630508244038 18.685539983212948 3
      vertex 20.803740195930004 18.733508110046387 0
    endloop
  endfacet
  facet normal -0.5090413469827522 0.8607420676729967 0
    outer loop
      vertex 20.803740195930004 18.733508110046387 3
      vertex 20.803740195930004 18.733508110046387 0
      vertex 20.722630508244038 18.685539983212948 3
    endloop
  endfacet
  facet normal -0.453990560112584 0.8910064934267663 0
    outer loop
      vertex 20.638668939471245 18.642759419977665 0
      vertex 20.638668939471245 18.642759419977665 3
      vertex 20.722630508244038 18.685539983212948 0
    endloop
  endfacet
  facet normal -0.453990560112584 0.8910064934267663 0
    outer loop
      vertex 20.722630508244038 18.685539983212948 3
      vertex 20.722630508244038 18.685539983212948 0
      vertex 20.638668939471245 18.642759419977665 3
    endloop
  endfacet
  facet normal -0.3971478664167774 0.9177546361640466 0
    outer loop
      vertex 20.552186831831932 18.605335272848606 0
      vertex 20.552186831831932 18.605335272848606 3
      vertex 20.638668939471245 18.642759419977665 0
    endloop
  endfacet
  facet normal -0.3971478664167774 0.9177546361640466 0
    outer loop
      vertex 20.638668939471245 18.642759419977665 3
      vertex 20.638668939471245 18.642759419977665 0
      vertex 20.552186831831932 18.605335272848606 3
    endloop
  endfacet
  facet normal -0.3387379020359927 0.9408807755099763 0
    outer loop
      vertex 20.463525488972664 18.573415227234364 0
      vertex 20.463525488972664 18.573415227234364 3
      vertex 20.552186831831932 18.605335272848606 0
    endloop
  endfacet
  facet normal -0.3387379020359927 0.9408807755099763 0
    outer loop
      vertex 20.552186831831932 18.605335272848606 3
      vertex 20.552186831831932 18.605335272848606 0
      vertex 20.463525488972664 18.573415227234364 3
    endloop
  endfacet
  facet normal -0.2789911277216675 0.9602936793776121 0
    outer loop
      vertex 20.373034827411175 18.54712525755167 0
      vertex 20.373034827411175 18.54712525755167 3
      vertex 20.463525488972664 18.573415227234364 0
    endloop
  endfacet
  facet normal -0.2789911277216675 0.9602936793776121 0
    outer loop
      vertex 20.463525488972664 18.573415227234364 3
      vertex 20.463525488972664 18.573415227234364 0
      vertex 20.373034827411175 18.54712525755167 3
    endloop
  endfacet
  facet normal -0.21814326695326391 0.975916756226143 0
    outer loop
      vertex 20.281071968376637 18.52656912058592 0
      vertex 20.281071968376637 18.52656912058592 3
      vertex 20.373034827411175 18.54712525755167 0
    endloop
  endfacet
  facet normal -0.21814326695326391 0.975916756226143 0
    outer loop
      vertex 20.373034827411175 18.54712525755167 3
      vertex 20.373034827411175 18.54712525755167 0
      vertex 20.281071968376637 18.52656912058592 3
    endloop
  endfacet
  facet normal -0.1564344631231799 0.9876883408987689 0
    outer loop
      vertex 20.187999852001667 18.51182794570923 0
      vertex 20.187999852001667 18.51182794570923 3
      vertex 20.281071968376637 18.52656912058592 0
    endloop
  endfacet
  facet normal -0.1564344631231799 0.9876883408987689 0
    outer loop
      vertex 20.281071968376637 18.52656912058592 3
      vertex 20.281071968376637 18.52656912058592 0
      vertex 20.187999852001667 18.51182794570923 3
    endloop
  endfacet
  facet normal -0.09410828819222697 0.9955619669782131 0
    outer loop
      vertex 20.094185777008533 18.5029599070549 0
      vertex 20.094185777008533 18.5029599070549 3
      vertex 20.187999852001667 18.51182794570923 0
    endloop
  endfacet
  facet normal -0.09410828819222697 0.9955619669782131 0
    outer loop
      vertex 20.187999852001667 18.51182794570923 3
      vertex 20.187999852001667 18.51182794570923 0
      vertex 20.094185777008533 18.5029599070549 3
    endloop
  endfacet
  facet normal -0.03141075663054849 0.9995065604426497 0
    outer loop
      vertex 20 18.5 0
      vertex 20 18.5 3
      vertex 20.094185777008533 18.5029599070549 0
    endloop
  endfacet
  facet normal -0.03141075663054849 0.9995065604426497 0
    outer loop
      vertex 20.094185777008533 18.5029599070549 3
      vertex 20.094185777008533 18.5029599070549 0
      vertex 20 18.5 3
    endloop
  endfacet
  facet normal 0.03141075663054849 0.9995065604426497 0
    outer loop
      vertex 19.905814222991467 18.5029599070549 0
      vertex 19.905814222991467 18.5029599070549 3
      vertex 20 18.5 0
    endloop
  endfacet
  facet normal 0.03141075663054849 0.9995065604426497 0
    outer loop
      vertex 20 18.5 3
      vertex 20 18.5 0
      vertex 19.905814222991467 18.5029599070549 3
    endloop
  endfacet
  facet normal 0.09410828819222697 0.9955619669782131 0
    outer loop
      vertex 4.812000147998333 3.5118279457092285 0
      vertex 4.812000147998333 3.5118279457092285 3
      vertex 4.9058142229914665 3.502959907054901 0
    endloop
  endfacet
  facet normal 0.09410828819222697 0.9955619669782131 0
    outer loop
      vertex 4.9058142229914665 3.502959907054901 3
      vertex 4.9058142229914665 3.502959907054901 0
      vertex 4.812000147998333 3.5118279457092285 3
    endloop
  endfacet
  facet normal 0.1564344631231799 0.9876883408987689 0
    outer loop
      vertex 4.7189280316233635 3.5265691205859184 0
      vertex 4.7189280316233635 3.5265691205859184 3
      vertex 4.812000147998333 3.5118279457092285 0
    endloop
  endfacet
  facet normal 0.1564344631231799 0.9876883408987689 0
    outer loop
      vertex 4.812000147998333 3.5118279457092285 3
      vertex 4.812000147998333 3.5118279457092285 0
      vertex 4.7189280316233635 3.5265691205859184 3
    endloop
  endfacet
  facet normal 0.21814326695326391 0.975916756226143 0
    outer loop
      vertex 4.626965172588825 3.54712525755167 0
      vertex 4.626965172588825 3.54712525755167 3
      vertex 4.7189280316233635 3.5265691205859184 0
    endloop
  endfacet
  facet normal 0.21814326695326391 0.975916756226143 0
    outer loop
      vertex 4.7189280316233635 3.5265691205859184 3
      vertex 4.7189280316233635 3.5265691205859184 0
      vertex 4.626965172588825 3.54712525755167 3
    endloop
  endfacet
  facet normal 0.2789911277216675 0.9602936793776121 0
    outer loop
      vertex 4.536474511027336 3.5734152272343636 0
      vertex 4.536474511027336 3.5734152272343636 3
      vertex 4.626965172588825 3.54712525755167 0
    endloop
  endfacet
  facet normal 0.2789911277216675 0.9602936793776121 0
    outer loop
      vertex 4.626965172588825 3.54712525755167 3
      vertex 4.626965172588825 3.54712525755167 0
      vertex 4.536474511027336 3.5734152272343636 3
    endloop
  endfacet
  facet normal 0.3387379020359927 0.9408807755099763 0
    outer loop
      vertex 4.447813168168068 3.605335272848606 0
      vertex 4.447813168168068 3.605335272848606 3
      vertex 4.536474511027336 3.5734152272343636 0
    endloop
  endfacet
  facet normal 0.3387379020359927 0.9408807755099763 0
    outer loop
      vertex 4.536474511027336 3.5734152272343636 3
      vertex 4.536474511027336 3.5734152272343636 0
      vertex 4.447813168168068 3.605335272848606 3
    endloop
  endfacet
  facet normal 0.3971478664167774 0.9177546361640466 0
    outer loop
      vertex 4.361331060528755 3.642759419977665 0
      vertex 4.361331060528755 3.642759419977665 3
      vertex 4.447813168168068 3.605335272848606 0
    endloop
  endfacet
  facet normal 0.3971478664167774 0.9177546361640466 0
    outer loop
      vertex 4.447813168168068 3.605335272848606 3
      vertex 4.447813168168068 3.605335272848606 0
      vertex 4.361331060528755 3.642759419977665 3
    endloop
  endfacet
  facet normal 0.453990560112584 0.8910064934267663 0
    outer loop
      vertex 4.277369491755962 3.685539983212948 0
      vertex 4.277369491755962 3.685539983212948 3
      vertex 4.361331060528755 3.642759419977665 0
    endloop
  endfacet
  facet normal 0.453990560112584 0.8910064934267663 0
    outer loop
      vertex 4.361331060528755 3.642759419977665 3
      vertex 4.361331060528755 3.642759419977665 0
      vertex 4.277369491755962 3.685539983212948 3
    endloop
  endfacet
  facet normal 0.5090413469827522 0.8607420676729967 0
    outer loop
      vertex 4.196259804069996 3.7335081100463867 0
      vertex 4.196259804069996 3.7335081100463867 3
      vertex 4.277369491755962 3.685539983212948 0
    endloop
  endfacet
  facet normal 0.5090413469827522 0.8607420676729967 0
    outer loop
      vertex 4.277369491755962 3.685539983212948 3
      vertex 4.277369491755962 3.685539983212948 0
      vertex 4.196259804069996 3.7335081100463867 3
    endloop
  endfacet
  facet normal 0.5620834140144462 0.8270805496986764 0
    outer loop
      vertex 4.118322119116783 3.786474511027336 0
      vertex 4.118322119116783 3.786474511027336 3
      vertex 4.196259804069996 3.7335081100463867 0
    endloop
  endfacet
  facet normal 0.5620834140144462 0.8270805496986764 0
    outer loop
      vertex 4.196259804069996 3.7335081100463867 3
      vertex 4.196259804069996 3.7335081100463867 0
      vertex 4.118322119116783 3.786474511027336 3
    endloop
  endfacet
  facet normal 0.6129070432732744 0.7901550204270126 0
    outer loop
      vertex 4.043864011764526 3.8442301377654076 0
      vertex 4.043864011764526 3.8442301377654076 3
      vertex 4.118322119116783 3.786474511027336 0
    endloop
  endfacet
  facet normal 0.6129070432732744 0.7901550204270126 0
    outer loop
      vertex 4.118322119116783 3.786474511027336 3
      vertex 4.118322119116783 3.786474511027336 0
      vertex 4.043864011764526 3.8442301377654076 3
    endloop
  endfacet
  facet normal 0.6613118881958368 0.7501110494659154 0
    outer loop
      vertex 3.973179340362549 3.90654706209898 0
      vertex 3.973179340362549 3.90654706209898 3
      vertex 4.043864011764526 3.8442301377654076 0
    endloop
  endfacet
  facet normal 0.6613118881958368 0.7501110494659154 0
    outer loop
      vertex 4.043864011764526 3.8442301377654076 3
      vertex 4.043864011764526 3.8442301377654076 0
      vertex 3.973179340362549 3.90654706209898 3
    endloop
  endfacet
  facet normal 0.7071067811865475 0.7071067811865475 0
    outer loop
      vertex 3.90654706209898 3.973179340362549 0
      vertex 3.90654706209898 3.973179340362549 3
      vertex 3.973179340362549 3.90654706209898 0
    endloop
  endfacet
  facet normal 0.7071067811865475 0.7071067811865475 0
    outer loop
      vertex 3.973179340362549 3.90654706209898 3
      vertex 3.973179340362549 3.90654706209898 0
      vertex 3.90654706209898 3.973179340362549 3
    endloop
  endfacet
  facet normal 0.7501110494659154 0.6613118881958368 0
    outer loop
      vertex 3.8442301377654076 4.043864011764526 0
      vertex 3.8442301377654076 4.043864011764526 3
      vertex 3.90654706209898 3.973179340362549 0
    endloop
  endfacet
  facet normal 0.7501110494659154 0.6613118881958368 0
    outer loop
      vertex 3.90654706209898 3.973179340362549 3
      vertex 3.90654706209898 3.973179340362549 0
      vertex 3.8442301377654076 4.043864011764526 3
    endloop
  endfacet
  facet normal 0.7901550204270126 0.6129070432732744 0
    outer loop
      vertex 3.786474511027336 4.118322119116783 0
      vertex 3.786474511027336 4.118322119116783 3
      vertex 3.8442301377654076 4.043864011764526 0
    endloop
  endfacet
  facet normal 0.7901550204270126 0.6129070432732744 0
    outer loop
      vertex 3.8442301377654076 4.043864011764526 3
      vertex 3.8442301377654076 4.043864011764526 0
      vertex 3.786474511027336 4.118322119116783 3
    endloop
  endfacet
  facet normal 0.8270805496986764 0.5620834140144462 0
    outer loop
      vertex 3.7335081100463867 4.196259804069996 0
      vertex 3.7335081100463867 4.196259804069996 3
      vertex 3.786474511027336 4.118322119116783 0
    endloop
  endfacet
  facet normal 0.8270805496986764 0.5620834140144462 0
    outer loop
      vertex 3.786474511027336 4.118322119116783 3
      vertex 3.786474511027336 4.118322119116783 0
      vertex 3.7335081100463867 4.196259804069996 3
    endloop
  endfacet
  facet normal 0.8607420676729967 0.5090413469827522 0
    outer loop
      vertex 3.685539983212948 4.277369491755962 0
      vertex 3.685539983212948 4.277369491755962 3
      vertex 3.7335081100463867 4.196259804069996 0
    endloop
  endfacet
  facet normal 0.8607420676729967 0.5090413469827522 0
    outer loop
      vertex 3.7335081100463867 4.196259804069996 3
      vertex 3.7335081100463867 4.196259804069996 0
      vertex 3.685539983212948 4.277369491755962 3
    endloop
  endfacet
  facet normal 0.8910064934267663 0.453990560112584 0
    outer loop
      vertex 3.642759419977665 4.361331060528755 0
      vertex 3.642759419977665 4.361331060528755 3
      vertex 3.685539983212948 4.277369491755962 0
    endloop
  endfacet
  facet normal 0.8910064934267663 0.453990560112584 0
    outer loop
      vertex 3.685539983212948 4.277369491755962 3
      vertex 3.685539983212948 4.277369491755962 0
      vertex 3.642759419977665 4.361331060528755 3
    endloop
  endfacet
  facet normal 0.9177546361640466 0.3971478664167774 0
    outer loop
      vertex 3.605335272848606 4.447813168168068 0
      vertex 3.605335272848606 4.447813168168068 3
      vertex 3.642759419977665 4.361331060528755 0
    endloop
  endfacet
  facet normal 0.9177546361640466 0.3971478664167774 0
    outer loop
      vertex 3.642759419977665 4.361331060528755 3
      vertex 3.642759419977665 4.361331060528755 0
      vertex 3.605335272848606 4.447813168168068 3
    endloop
  endfacet
  facet normal 0.9408807755099763 0.3387379020359927 0
    outer loop
      vertex 3.5734152272343636 4.536474511027336 0
      vertex 3.5734152272343636 4.536474511027336 3
      vertex 3.605335272848606 4.447813168168068 0
    endloop
  endfacet
  facet normal 0.9408807755099763 0.3387379020359927 0
    outer loop
      vertex 3.605335272848606 4.447813168168068 3
      vertex 3.605335272848606 4.447813168168068 0
      vertex 3.5734152272343636 4.536474511027336 3
    endloop
  endfacet
  facet normal 0.9602936793776121 0.2789911277216675 0
    outer loop
      vertex 3.54712525755167 4.626965172588825 0
      vertex 3.54712525755167 4.626965172588825 3
      vertex 3.5734152272343636 4.536474511027336 0
    endloop
  endfacet
  facet normal 0.9602936793776121 0.2789911277216675 0
    outer loop
      vertex 3.5734152272343636 4.536474511027336 3
      vertex 3.5734152272343636 4.536474511027336 0
      vertex 3.54712525755167 4.626965172588825 3
    endloop
  endfacet
  facet normal 0.975916756226143 0.21814326695326391 0
    outer loop
      vertex 3.5265691205859184 4.7189280316233635 0
      vertex 3.5265691205859184 4.7189280316233635 3
      vertex 3.54712525755167 4.626965172588825 0
    endloop
  endfacet
  facet normal 0.975916756226143 0.21814326695326391 0
    outer loop
      vertex 3.54712525755167 4.626965172588825 3
      vertex 3.54712525755167 4.626965172588825 0
      vertex 3.5265691205859184 4.7189280316233635 3
    endloop
  endfacet
  facet normal 0.9876883408987689 0.1564344631231799 0
    outer loop
      vertex 3.5118279457092285 4.812000147998333 0
      vertex 3.5118279457092285 4.812000147998333 3
      vertex 3.5265691205859184 4.7189280316233635 0
    endloop
  endfacet
  facet normal 0.9876883408987689 0.1564344631231799 0
    outer loop
      vertex 3.5265691205859184 4.7189280316233635 3
      vertex 3.5265691205859184 4.7189280316233635 0
      vertex 3.5118279457092285 4.812000147998333 3
    endloop
  endfacet
  facet normal 0.9955619669782131 0.09410828819222697 0
    outer loop
      vertex 3.502959907054901 4.9058142229914665 0
      vertex 3.502959907054901 4.9058142229914665 3
      vertex 3.5118279457092285 4.812000147998333 0
    endloop
  endfacet
  facet normal 0.9955619669782131 0.09410828819222697 0
    outer loop
      vertex 3.5118279457092285 4.812000147998333 3
      vertex 3.5118279457092285 4.812000147998333 0
      vertex 3.502959907054901 4.9058142229914665 3
    endloop
  endfacet
  facet normal 0.9995065604426497 0.03141075663054849 0
    outer loop
      vertex 3.5 5 0
      vertex 3.5 5 3
      vertex 3.502959907054901 4.9058142229914665 0
    endloop
  endfacet
  facet normal 0.9995065604426497 0.03141075663054849 0
    outer loop
      vertex 3.502959907054901 4.9058142229914665 3
      vertex 3.502959907054901 4.9058142229914665 0
      vertex 3.5 5 3
    endloop
  endfacet
  facet normal 0.9995065604426497 -0.03141075663054849 0
    outer loop
      vertex 3.502959907054901 5.0941857770085335 0
      vertex 3.502959907054901 5.0941857770085335 3
      vertex 3.5 5 0
    endloop
  endfacet
  facet normal 0.9995065604426497 -0.03141075663054849 0
    outer loop
      vertex 3.5 5 3
      vertex 3.5 5 0
      vertex 3.502959907054901 5.0941857770085335 3
    endloop
  endfacet
  facet normal 0.9955619669782131 -0.09410828819222697 0
    outer loop
      vertex 3.5118279457092285 5.187999852001667 0
      vertex 3.5118279457092285 5.187999852001667 3
      vertex 3.502959907054901 5.0941857770085335 0
    endloop
  endfacet
  facet normal 0.9955619669782131 -0.09410828819222697 0
    outer loop
      vertex 3.502959907054901 5.0941857770085335 3
      vertex 3.502959907054901 5.0941857770085335 0
      vertex 3.5118279457092285 5.187999852001667 3
    endloop
  endfacet
  facet normal 0.9876883408987689 -0.1564344631231799 0
    outer loop
      vertex 3.5265691205859184 5.2810719683766365 0
      vertex 3.5265691205859184 5.2810719683766365 3
      vertex 3.5118279457092285 5.187999852001667 0
    endloop
  endfacet
  facet normal 0.9876883408987689 -0.1564344631231799 0
    outer loop
      vertex 3.5118279457092285 5.187999852001667 3
      vertex 3.5118279457092285 5.187999852001667 0
      vertex 3.5265691205859184 5.2810719683766365 3
    endloop
  endfacet
  facet normal 0.975916756226143 -0.21814326695326391 0
    outer loop
      vertex 3.54712525755167 5.373034827411175 0
      vertex 3.54712525755167 5.373034827411175 3
      vertex 3.5265691205859184 5.2810719683766365 0
    endloop
  endfacet
  facet normal 0.975916756226143 -0.21814326695326391 0
    outer loop
      vertex 3.5265691205859184 5.2810719683766365 3
      vertex 3.5265691205859184 5.2810719683766365 0
      vertex 3.54712525755167 5.373034827411175 3
    endloop
  endfacet
  facet normal 0.9602936793776121 -0.2789911277216675 0
    outer loop
      vertex 3.5734152272343636 5.463525488972664 0
      vertex 3.5734152272343636 5.463525488972664 3
      vertex 3.54712525755167 5.373034827411175 0
    endloop
  endfacet
  facet normal 0.9602936793776121 -0.2789911277216675 0
    outer loop
      vertex 3.54712525755167 5.373034827411175 3
      vertex 3.54712525755167 5.373034827411175 0
      vertex 3.5734152272343636 5.463525488972664 3
    endloop
  endfacet
  facet normal 0.9408807755099763 -0.3387379020359927 0
    outer loop
      vertex 3.605335272848606 5.552186831831932 0
      vertex 3.605335272848606 5.552186831831932 3
      vertex 3.5734152272343636 5.463525488972664 0
    endloop
  endfacet
  facet normal 0.9408807755099763 -0.3387379020359927 0
    outer loop
      vertex 3.5734152272343636 5.463525488972664 3
      vertex 3.5734152272343636 5.463525488972664 0
      vertex 3.605335272848606 5.552186831831932 3
    endloop
  endfacet
  facet normal 0.9177546361640466 -0.3971478664167774 0
    outer loop
      vertex 3.642759419977665 5.638668939471245 0
      vertex 3.642759419977665 5.638668939471245 3
      vertex 3.605335272848606 5.552186831831932 0
    endloop
  endfacet
  facet normal 0.9177546361640466 -0.3971478664167774 0
    outer loop
      vertex 3.605335272848606 5.552186831831932 3
      vertex 3.605335272848606 5.552186831831932 0
      vertex 3.642759419977665 5.638668939471245 3
    endloop
  endfacet
  facet normal 0.8910064934267663 -0.453990560112584 0
    outer loop
      vertex 3.685539983212948 5.722630508244038 0
      vertex 3.685539983212948 5.722630508244038 3
      vertex 3.642759419977665 5.638668939471245 0
    endloop
  endfacet
  facet normal 0.8910064934267663 -0.453990560112584 0
    outer loop
      vertex 3.642759419977665 5.638668939471245 3
      vertex 3.642759419977665 5.638668939471245 0
      vertex 3.685539983212948 5.722630508244038 3
    endloop
  endfacet
  facet normal 0.8607420676729967 -0.5090413469827522 0
    outer loop
      vertex 3.7335081100463867 5.803740195930004 0
      vertex 3.7335081100463867 5.803740195930004 3
      vertex 3.685539983212948 5.722630508244038 0
    endloop
  endfacet
  facet normal 0.8607420676729967 -0.5090413469827522 0
    outer loop
      vertex 3.685539983212948 5.722630508244038 3
      vertex 3.685539983212948 5.722630508244038 0
      vertex 3.7335081100463867 5.803740195930004 3
    endloop
  endfacet
  facet normal 0.8270805496986764 -0.5620834140144462 0
    outer loop
      vertex 3.786474511027336 5.881677880883217 0
      vertex 3.786474511027336 5.881677880883217 3
      vertex 3.7335081100463867 5.803740195930004 0
    endloop
  endfacet
  facet normal 0.8270805496986764 -0.5620834140144462 0
    outer loop
      vertex 3.7335081100463867 5.803740195930004 3
      vertex 3.7335081100463867 5.803740195930004 0
      vertex 3.786474511027336 5.881677880883217 3
    endloop
  endfacet
  facet normal 0.7901550204270126 -0.6129070432732744 0
    outer loop
      vertex 3.8442301377654076 5.956135988235474 0
      vertex 3.8442301377654076 5.956135988235474 3
      vertex 3.786474511027336 5.881677880883217 0
    endloop
  endfacet
  facet normal 0.7901550204270126 -0.6129070432732744 0
    outer loop
      vertex 3.786474511027336 5.881677880883217 3
      vertex 3.786474511027336 5.881677880883217 0
      vertex 3.8442301377654076 5.956135988235474 3
    endloop
  endfacet
  facet normal 0.7501110494659154 -0.6613118881958368 0
    outer loop
      vertex 3.90654706209898 6.026820659637451 0
      vertex 3.90654706209898 6.026820659637451 3
      vertex 3.8442301377654076 5.956135988235474 0
    endloop
  endfacet
  facet normal 0.7501110494659154 -0.6613118881958368 0
    outer loop
      vertex 3.8442301377654076 5.956135988235474 3
      vertex 3.8442301377654076 5.956135988235474 0
      vertex 3.90654706209898 6.026820659637451 3
    endloop
  endfacet
  facet normal 0.7071067811865475 -0.7071067811865475 0
    outer loop
      vertex 3.973179340362549 6.09345293790102 0
      vertex 3.973179340362549 6.09345293790102 3
      vertex 3.90654706209898 6.026820659637451 0
    endloop
  endfacet
  facet normal 0.7071067811865475 -0.7071067811865475 0
    outer loop
      vertex 3.90654706209898 6.026820659637451 3
      vertex 3.90654706209898 6.026820659637451 0
      vertex 3.973179340362549 6.09345293790102 3
    endloop
  endfacet
  facet normal 0.6613118881958368 -0.7501110494659154 0
    outer loop
      vertex 4.043864011764526 6.155769862234592 0
      vertex 4.043864011764526 6.155769862234592 3
      vertex 3.973179340362549 6.09345293790102 0
    endloop
  endfacet
  facet normal 0.6613118881958368 -0.7501110494659154 0
    outer loop
      vertex 3.973179340362549 6.09345293790102 3
      vertex 3.973179340362549 6.09345293790102 0
      vertex 4.043864011764526 6.155769862234592 3
    endloop
  endfacet
  facet normal 0.6129070432732744 -0.7901550204270126 0
    outer loop
      vertex 4.118322119116783 6.213525488972664 0
      vertex 4.118322119116783 6.213525488972664 3
      vertex 4.043864011764526 6.155769862234592 0
    endloop
  endfacet
  facet normal 0.6129070432732744 -0.7901550204270126 0
    outer loop
      vertex 4.043864011764526 6.155769862234592 3
      vertex 4.043864011764526 6.155769862234592 0
      vertex 4.118322119116783 6.213525488972664 3
    endloop
  endfacet
  facet normal 0.5620834140144462 -0.8270805496986764 0
    outer loop
      vertex 4.196259804069996 6.266491889953613 0
      vertex 4.196259804069996 6.266491889953613 3
      vertex 4.118322119116783 6.213525488972664 0
    endloop
  endfacet
  facet normal 0.5620834140144462 -0.8270805496986764 0
    outer loop
      vertex 4.118322119116783 6.213525488972664 3
      vertex 4.118322119116783 6.213525488972664 0
      vertex 4.196259804069996 6.266491889953613 3
    endloop
  endfacet
  facet normal 0.5090413469827522 -0.8607420676729967 0
    outer loop
      vertex 4.277369491755962 6.314460016787052 0
      vertex 4.277369491755962 6.314460016787052 3
      vertex 4.196259804069996 6.266491889953613 0
    endloop
  endfacet
  facet normal 0.5090413469827522 -0.8607420676729967 0
    outer loop
      vertex 4.196259804069996 6.266491889953613 3
      vertex 4.196259804069996 6.266491889953613 0
      vertex 4.277369491755962 6.314460016787052 3
    endloop
  endfacet
  facet normal 0.453990560112584 -0.8910064934267663 0
    outer loop
      vertex 4.361331060528755 6.357240580022335 0
      vertex 4.361331060528755 6.357240580022335 3
      vertex 4.277369491755962 6.314460016787052 0
    endloop
  endfacet
  facet normal 0.453990560112584 -0.8910064934267663 0
    outer loop
      vertex 4.277369491755962 6.314460016787052 3
      vertex 4.277369491755962 6.314460016787052 0
      vertex 4.361331060528755 6.357240580022335 3
    endloop
  endfacet
  facet normal 0.3971478664167774 -0.9177546361640466 0
    outer loop
      vertex 4.447813168168068 6.394664727151394 0
      vertex 4.447813168168068 6.394664727151394 3
      vertex 4.361331060528755 6.357240580022335 0
    endloop
  endfacet
  facet normal 0.3971478664167774 -0.9177546361640466 0
    outer loop
      vertex 4.361331060528755 6.357240580022335 3
      vertex 4.361331060528755 6.357240580022335 0
      vertex 4.447813168168068 6.394664727151394 3
    endloop
  endfacet
  facet normal 0.3387379020359927 -0.9408807755099763 0
    outer loop
      vertex 4.536474511027336 6.4265847727656364 0
      vertex 4.536474511027336 6.4265847727656364 3
      vertex 4.447813168168068 6.394664727151394 0
    endloop
  endfacet
  facet normal 0.3387379020359927 -0.9408807755099763 0
    outer loop
      vertex 4.447813168168068 6.394664727151394 3
      vertex 4.447813168168068 6.394664727151394 0
      vertex 4.536474511027336 6.4265847727656364 3
    endloop
  endfacet
  facet normal 0.2789911277216675 -0.9602936793776121 0
    outer loop
      vertex 4.626965172588825 6.45287474244833 0
      vertex 4.626965172588825 6.45287474244833 3
      vertex 4.536474511027336 6.4265847727656364 0
    endloop
  endfacet
  facet normal 0.2789911277216675 -0.9602936793776121 0
    outer loop
      vertex 4.536474511027336 6.4265847727656364 3
      vertex 4.536474511027336 6.4265847727656364 0
      vertex 4.626965172588825 6.45287474244833 3
    endloop
  endfacet
  facet normal 0.21814326695326391 -0.975916756226143 0
    outer loop
      vertex 4.7189280316233635 6.473430879414082 0
      vertex 4.7189280316233635 6.473430879414082 3
      vertex 4.626965172588825 6.45287474244833 0
    endloop
  endfacet
  facet normal 0.21814326695326391 -0.975916756226143 0
    outer loop
      vertex 4.626965172588825 6.45287474244833 3
      vertex 4.626965172588825 6.45287474244833 0
      vertex 4.7189280316233635 6.473430879414082 3
    endloop
  endfacet
  facet normal 0.1564344631231799 -0.9876883408987689 0
    outer loop
      vertex 4.812000147998333 6.4881720542907715 0
      vertex 4.812000147998333 6.4881720542907715 3
      vertex 4.7189280316233635 6.473430879414082 0
    endloop
  endfacet
  facet normal 0.1564344631231799 -0.9876883408987689 0
    outer loop
      vertex 4.7189280316233635 6.473430879414082 3
      vertex 4.7189280316233635 6.473430879414082 0
      vertex 4.812000147998333 6.4881720542907715 3
    endloop
  endfacet
  facet normal 0.09410828819222697 -0.9955619669782131 0
    outer loop
      vertex 4.9058142229914665 6.497040092945099 0
      vertex 4.9058142229914665 6.497040092945099 3
      vertex 4.812000147998333 6.4881720542907715 0
    endloop
  endfacet
  facet normal 0.09410828819222697 -0.9955619669782131 0
    outer loop
      vertex 4.812000147998333 6.4881720542907715 3
      vertex 4.812000147998333 6.4881720542907715 0
      vertex 4.9058142229914665 6.497040092945099 3
    endloop
  endfacet
  facet normal 0.03141075663054849 -0.9995065604426497 0
    outer loop
      vertex 5 6.5 0
      vertex 5 6.5 3
      vertex 4.9058142229914665 6.497040092945099 0
    endloop
  endfacet
  facet normal 0.03141075663054849 -0.9995065604426497 0
    outer loop
      vertex 4.9058142229914665 6.497040092945099 3
      vertex 4.9058142229914665 6.497040092945099 0
      vertex 5 6.5 3
    endloop
  endfacet
  facet normal -0.03141075663054849 -0.9995065604426497 0
    outer loop
      vertex 5.0941857770085335 6.497040092945099 0
      vertex 5.0941857770085335 6.497040092945099 3
      vertex 5 6.5 0
    endloop
  endfacet
  facet normal -0.03141075663054849 -0.9995065604426497 0
    outer loop
      vertex 5 6.5 3
      vertex 5 6.5 0
      vertex 5.0941857770085335 6.497040092945099 3
    endloop
  endfacet
  facet normal -0.09410828819222697 -0.9955619669782131 0
    outer loop
      vertex 5.187999852001667 6.4881720542907715 0
      vertex 5.187999852001667 6.4881720542907715 3
      vertex 5.0941857770085335 6.497040092945099 0
    endloop
  endfacet
  facet normal -0.09410828819222697 -0.9955619669782131 0
    outer loop
      vertex 5.0941857770085335 6.497040092945099 3
      vertex 5.0941857770085335 6.497040092945099 0
      vertex 5.187999852001667 6.4881720542907715 3
    endloop
  endfacet
  facet normal -0.1564344631231799 -0.9876883408987689 0
    outer loop
      vertex 5.2810719683766365 6.473430879414082 0
      vertex 5.2810719683766365 6.473430879414082 3
      vertex 5.187999852001667 6.4881720542907715 0
    endloop
  endfacet
  facet normal -0.1564344631231799 -0.9876883408987689 0
    outer loop
      vertex 5.187999852001667 6.4881720542907715 3
      vertex 5.187999852001667 6.4881720542907715 0
      vertex 5.2810719683766365 6.473430879414082 3
    endloop
  endfacet
  facet normal -0.21814326695326391 -0.975916756226143 0
    outer loop
      vertex 5.373034827411175 6.45287474244833 0
      vertex 5.373034827411175 6.45287474244833 3
      vertex 5.2810719683766365 6.473430879414082 0
    endloop
  endfacet
  facet normal -0.21814326695326391 -0.975916756226143 0
    outer loop
      vertex 5.2810719683766365 6.473430879414082 3
      vertex 5.2810719683766365 6.473430879414082 0
      vertex 5.373034827411175 6.45287474244833 3
    endloop
  endfacet
  facet normal -0.2789911277216675 -0.9602936793776121 0
    outer loop
      vertex 5.463525488972664 6.4265847727656364 0
      vertex 5.463525488972664 6.4265847727656364 3
      vertex 5.373034827411175 6.45287474244833 0
    endloop
  endfacet
  facet normal -0.2789911277216675 -0.9602936793776121 0
    outer loop
      vertex 5.373034827411175 6.45287474244833 3
      vertex 5.373034827411175 6.45287474244833 0
      vertex 5.463525488972664 6.4265847727656364 3
    endloop
  endfacet
  facet normal -0.3387379020359927 -0.9408807755099763 0
    outer loop
      vertex 5.552186831831932 6.394664727151394 0
      vertex 5.552186831831932 6.394664727151394 3
      vertex 5.463525488972664 6.4265847727656364 0
    endloop
  endfacet
  facet normal -0.3387379020359927 -0.9408807755099763 0
    outer loop
      vertex 5.463525488972664 6.4265847727656364 3
      vertex 5.463525488972664 6.4265847727656364 0
      vertex 5.552186831831932 6.394664727151394 3
    endloop
  endfacet
  facet normal -0.3971478664167774 -0.9177546361640466 0
    outer loop
      vertex 5.638668939471245 6.357240580022335 0
      vertex 5.638668939471245 6.357240580022335 3
      vertex 5.552186831831932 6.394664727151394 0
    endloop
  endfacet
  facet normal -0.3971478664167774 -0.9177546361640466 0
    outer loop
      vertex 5.552186831831932 6.394664727151394 3
      vertex 5.552186831831932 6.394664727151394 0
      vertex 5.638668939471245 6.357240580022335 3
    endloop
  endfacet
  facet normal -0.453990560112584 -0.8910064934267663 0
    outer loop
      vertex 5.722630508244038 6.314460016787052 0
      vertex 5.722630508244038 6.314460016787052 3
      vertex 5.638668939471245 6.357240580022335 0
    endloop
  endfacet
  facet normal -0.453990560112584 -0.8910064934267663 0
    outer loop
      vertex 5.638668939471245 6.357240580022335 3
      vertex 5.638668939471245 6.357240580022335 0
      vertex 5.722630508244038 6.314460016787052 3
    endloop
  endfacet
  facet normal -0.5090413469827522 -0.8607420676729967 0
    outer loop
      vertex 5.803740195930004 6.266491889953613 0
      vertex 5.803740195930004 6.266491889953613 3
      vertex 5.722630508244038 6.314460016787052 0
    endloop
  endfacet
  facet normal -0.5090413469827522 -0.8607420676729967 0
    outer loop
      vertex 5.722630508244038 6.314460016787052 3
      vertex 5.722630508244038 6.314460016787052 0
      vertex 5.803740195930004 6.266491889953613 3
    endloop
  endfacet
  facet normal -0.5620834140144462 -0.8270805496986764 0
    outer loop
      vertex 5.881677880883217 6.213525488972664 0
      vertex 5.881677880883217 6.213525488972664 3
      vertex 5.803740195930004 6.266491889953613 0
    endloop
  endfacet
  facet normal -0.5620834140144462 -0.8270805496986764 0
    outer loop
      vertex 5.803740195930004 6.266491889953613 3
      vertex 5.803740195930004 6.266491889953613 0
      vertex 5.881677880883217 6.213525488972664 3
    endloop
  endfacet
  facet normal -0.6129070432732744 -0.7901550204270126 0
    outer loop
      vertex 5.956135988235474 6.155769862234592 0
      vertex 5.956135988235474 6.155769862234592 3
      vertex 5.881677880883217 6.213525488972664 0
    endloop
  endfacet
  facet normal -0.6129070432732744 -0.7901550204270126 0
    outer loop
      vertex 5.881677880883217 6.213525488972664 3
      vertex 5.881677880883217 6.213525488972664 0
      vertex 5.956135988235474 6.155769862234592 3
    endloop
  endfacet
  facet normal -0.6613118881958368 -0.7501110494659154 0
    outer loop
      vertex 6.026820659637451 6.09345293790102 0
      vertex 6.026820659637451 6.09345293790102 3
      vertex 5.956135988235474 6.155769862234592 0
    endloop
  endfacet
  facet normal -0.6613118881958368 -0.7501110494659154 0
    outer loop
      vertex 5.956135988235474 6.155769862234592 3
      vertex 5.956135988235474 6.155769862234592 0
      vertex 6.026820659637451 6.09345293790102 3
    endloop
  endfacet
  facet normal -0.7071067811865475 -0.7071067811865475 0
    outer loop
      vertex 6.09345293790102 6.026820659637451 0
      vertex 6.09345293790102 6.026820659637451 3
      vertex 6.026820659637451 6.09345293790102 0
    endloop
  endfacet
  facet normal -0.7071067811865475 -0.7071067811865475 0
    outer loop
      vertex 6.026820659637451 6.09345293790102 3
      vertex 6.026820659637451 6.09345293790102 0
      vertex 6.09345293790102 6.026820659637451 3
    endloop
  endfacet
  facet normal -0.7501110494659154 -0.6613118881958368 0
    outer loop
      vertex 6.155769862234592 5.956135988235474 0
      vertex 6.155769862234592 5.956135988235474 3
      vertex 6.09345293790102 6.026820659637451 0
    endloop
  endfacet
  facet normal -0.7501110494659154 -0.6613118881958368 0
    outer loop
      vertex 6.09345293790102 6.026820659637451 3
      vertex 6.09345293790102 6.026820659637451 0
      vertex 6.155769862234592 5.956135988235474 3
    endloop
  endfacet
  facet normal -0.7901550204270126 -0.6129070432732744 0
    outer loop
      vertex 6.213525488972664 5.881677880883217 0
      vertex 6.213525488972664 5.881677880883217 3
      vertex 6.155769862234592 5.956135988235474 0
    endloop
  endfacet
  facet normal -0.7901550204270126 -0.6129070432732744 0
    outer loop
      vertex 6.155769862234592 5.956135988235474 3
      vertex 6.155769862234592 5.956135988235474 0
      vertex 6.213525488972664 5.881677880883217 3
    endloop
  endfacet
  facet normal -0.8270805496986764 -0.5620834140144462 0
    outer loop
      vertex 6.266491889953613 5.803740195930004 0
      vertex 6.266491889953613 5.803740195930004 3
      vertex 6.213525488972664 5.881677880883217 0
    endloop
  endfacet
  facet normal -0.8270805496986764 -0.5620834140144462 0
    outer loop
      vertex 6.213525488972664 5.881677880883217 3
      vertex 6.213525488972664 5.881677880883217 0
      vertex 6.266491889953613 5.803740195930004 3
    endloop
  endfacet
  facet normal -0.8607420676729967 -0.5090413469827522 0
    outer loop
      vertex 6.314460016787052 5.722630508244038 0
      vertex 6.314460016787052 5.722630508244038 3
      vertex 6.266491889953613 5.803740195930004 0
    endloop
  endfacet
  facet normal -0.8607420676729967 -0.5090413469827522 0
    outer loop
      vertex 6.266491889953613 5.803740195930004 3
      vertex 6.266491889953613 5.803740195930004 0
      vertex 6.314460016787052 5.722630508244038 3
    endloop
  endfacet
  facet normal -0.8910064934267663 -0.453990560112584 0
    outer loop
      vertex 6.357240580022335 5.638668939471245 0
      vertex 6.357240580022335 5.638668939471245 3
      vertex 6.314460016787052 5.722630508244038 0
    endloop
  endfacet
  facet normal -0.8910064934267663 -0.453990560112584 0
    outer loop
      vertex 6.314460016787052 5.722630508244038 3
      vertex 6.314460016787052 5.722630508244038 0
      vertex 6.357240580022335 5.638668939471245 3
    endloop
  endfacet
  facet normal -0.9177546361640466 -0.3971478664167774 0
    outer loop
      vertex 6.394664727151394 5.552186831831932 0
      vertex 6.394664727151394 5.552186831831932 3
      vertex 6.357240580022335 5.638668939471245 0
    endloop
  endfacet
  facet normal -0.9177546361640466 -0.3971478664167774 0
    outer loop
      vertex 6.357240580022335 5.638668939471245 3
      vertex 6.357240580022335 5.638668939471245 0
      vertex 6.394664727151394 5.552186831831932 3
    endloop
  endfacet
  facet normal -0.9408807755099763 -0.3387379020359927 0
    outer loop
      vertex 6.4265847727656364 5.463525488972664 0
      vertex 6.4265847727656364 5.463525488972664 3
      vertex 6.394664727151394 5.552186831831932 0
    endloop
  endfacet
  facet normal -0.9408807755099763 -0.3387379020359927 0
    outer loop
      vertex 6.394664727151394 5.552186831831932 3
      vertex 6.394664727151394 5.552186831831932 0
      vertex 6.4265847727656364 5.463525488972664 3
    endloop
  endfacet
  facet normal -0.9602936793776121 -0.2789911277216675 0
    outer loop
      vertex 6.45287474244833 5.373034827411175 0
      vertex 6.45287474244833 5.373034827411175 3
      vertex 6.4265847727656364 5.463525488972664 0
    endloop
  endfacet
  facet normal -0.9602936793776121 -0.2789911277216675 0
    outer loop
      vertex 6.4265847727656364 5.463525488972664 3
      vertex 6.4265847727656364 5.463525488972664 0
      vertex 6.45287474244833 5.373034827411175 3
    endloop
  endfacet
  facet normal -0.975916756226143 -0.21814326695326391 0
    outer loop
      vertex 6.473430879414082 5.2810719683766365 0
      vertex 6.473430879414082 5.2810719683766365 3
      vertex 6.45287474244833 5.373034827411175 0
    endloop
  endfacet
  facet normal -0.975916756226143 -0.21814326695326391 0
    outer loop
      vertex 6.45287474244833 5.373034827411175 3
      vertex 6.45287474244833 5.373034827411175 0
      vertex 6.473430879414082 5.2810719683766365 3
    endloop
  endfacet
  facet normal -0.9876883408987689 -0.1564344631231799 0
    outer loop
      vertex 6.4881720542907715 5.187999852001667 0
      vertex 6.4881720542907715 5.187999852001667 3
      vertex 6.473430879414082 5.2810719683766365 0
    endloop
  endfacet
  facet normal -0.9876883408987689 -0.1564344631231799 0
    outer loop
      vertex 6.473430879414082 5.2810719683766365 3
      vertex 6.473430879414082 5.2810719683766365 0
      vertex 6.4881720542907715 5.187999852001667 3
    endloop
  endfacet
  facet normal -0.9955619669782131 -0.09410828819222697 0
    outer loop
      vertex 6.497040092945099 5.0941857770085335 0
      vertex 6.497040092945099 5.0941857770085335 3
      vertex 6.4881720542907715 5.187999852001667 0
    endloop
  endfacet
  facet normal -0.9955619669782131 -0.09410828819222697 0
    outer loop
      vertex 6.4881720542907715 5.187999852001667 3
      vertex 6.4881720542907715 5.187999852001667 0
      vertex 6.497040092945099 5.0941857770085335 3
    endloop
  endfacet
  facet normal -0.9995065604426497 -0.03141075663054849 0
    outer loop
      vertex 6.5 5 0
      vertex 6.5 5 3
      vertex 6.497040092945099 5.0941857770085335 0
    endloop
  endfacet
  facet normal -0.9995065604426497 -0.03141075663054849 0
    outer loop
      vertex 6.497040092945099 5.0941857770085335 3
      vertex 6.497040092945099 5.0941857770085335 0
      vertex 6.5 5 3
    endloop
  endfacet
  facet normal -0.9995065604426497 0.03141075663054849 0
    outer loop
      vertex 6.497040092945099 4.9058142229914665 0
      vertex 6.497040092945099 4.9058142229914665 3
      vertex 6.5 5 0
    endloop
  endfacet
  facet normal -0.9995065604426497 0.03141075663054849 0
    outer loop
      vertex 6.5 5 3
      vertex 6.5 5 0
      vertex 6.497040092945099 4.9058142229914665 3
    endloop
  endfacet
  facet normal -0.9955619669782131 0.09410828819222697 0
    outer loop
      vertex 6.4881720542907715 4.812000147998333 0
      vertex 6.4881720542907715 4.812000147998333 3
      vertex 6.497040092945099 4.9058142229914665 0
    endloop
  endfacet
  facet normal -0.9955619669782131 0.09410828819222697 0
    outer loop
      vertex 6.497040092945099 4.9058142229914665 3
      vertex 6.497040092945099 4.9058142229914665 0
      vertex 6.4881720542907715 4.812000147998333 3
    endloop
  endfacet
  facet normal -0.9876883408987689 0.1564344631231799 0
    outer loop
      vertex 6.473430879414082 4.7189280316233635 0
      vertex 6.473430879414082 4.7189280316233635 3
      vertex 6.4881720542907715 4.812000147998333 0
    endloop
  endfacet
  facet normal -0.9876883408987689 0.1564344631231799 0
    outer loop
      vertex 6.4881720542907715 4.812000147998333 3
      vertex 6.4881720542907715 4.812000147998333 0
      vertex 6.473430879414082 4.7189280316233635 3
    endloop
  endfacet
  facet normal -0.975916756226143 0.21814326695326391 0
    outer loop
      vertex 6.45287474244833 4.626965172588825 0
      vertex 6.45287474244833 4.626965172588825 3
      vertex 6.473430879414082 4.7189280316233635 0
    endloop
  endfacet
  facet normal -0.975916756226143 0.21814326695326391 0
    outer loop
      vertex 6.473430879414082 4.7189280316233635 3
      vertex 6.473430879414082 4.7189280316233635 0
      vertex 6.45287474244833 4.626965172588825 3
    endloop
  endfacet
  facet normal -0.9602936793776121 0.2789911277216675 0
    outer loop
      vertex 6.4265847727656364 4.536474511027336 0
      vertex 6.4265847727656364 4.536474511027336 3
      vertex 6.45287474244833 4.626965172588825 0
    endloop
  endfacet
  facet normal -0.9602936793776121 0.2789911277216675 0
    outer loop
      vertex 6.45287474244833 4.626965172588825 3
      vertex 6.45287474244833 4.626965172588825 0
      vertex 6.4265847727656364 4.536474511027336 3
    endloop
  endfacet
  facet normal -0.9408807755099763 0.3387379020359927 0
    outer loop
      vertex 6.394664727151394 4.447813168168068 0
      vertex 6.394664727151394 4.447813168168068 3
      vertex 6.4265847727656364 4.536474511027336 0
    endloop
  endfacet
  facet normal -0.9408807755099763 0.3387379020359927 0
    outer loop
      vertex 6.4265847727656364 4.536474511027336 3
      vertex 6.4265847727656364 4.536474511027336 0
      vertex 6.394664727151394 4.447813168168068 3
    endloop
  endfacet
  facet normal -0.9177546361640466 0.3971478664167774 0
    outer loop
      vertex 6.357240580022335 4.361331060528755 0
      vertex 6.357240580022335 4.361331060528755 3
      vertex 6.394664727151394 4.447813168168068 0
    endloop
  endfacet
  facet normal -0.9177546361640466 0.3971478664167774 0
    outer loop
      vertex 6.394664727151394 4.447813168168068 3
      vertex 6.394664727151394 4.447813168168068 0
      vertex 6.357240580022335 4.361331060528755 3
    endloop
  endfacet
  facet normal -0.8910064934267663 0.453990560112584 0
    outer loop
      vertex 6.314460016787052 4.277369491755962 0
      vertex 6.314460016787052 4.277369491755962 3
      vertex 6.357240580022335 4.361331060528755 0
    endloop
  endfacet
  facet normal -0.8910064934267663 0.453990560112584 0
    outer loop
      vertex 6.357240580022335 4.361331060528755 3
      vertex 6.357240580022335 4.361331060528755 0
      vertex 6.314460016787052 4.277369491755962 3
    endloop
  endfacet
  facet normal -0.8607420676729967 0.5090413469827522 0
    outer loop
      vertex 6.266491889953613 4.196259804069996 0
      vertex 6.266491889953613 4.196259804069996 3
      vertex 6.314460016787052 4.277369491755962 0
    endloop
  endfacet
  facet normal -0.8607420676729967 0.5090413469827522 0
    outer loop
      vertex 6.314460016787052 4.277369491755962 3
      vertex 6.314460016787052 4.277369491755962 0
      vertex 6.266491889953613 4.196259804069996 3
    endloop
  endfacet
  facet normal -0.8270805496986764 0.5620834140144462 0
    outer loop
      vertex 6.213525488972664 4.118322119116783 0
      vertex 6.213525488972664 4.118322119116783 3
      vertex 6.266491889953613 4.196259804069996 0
    endloop
  endfacet
  facet normal -0.8270805496986764 0.5620834140144462 0
    outer loop
      vertex 6.266491889953613 4.196259804069996 3
      vertex 6.266491889953613 4.196259804069996 0
      vertex 6.213525488972664 4.118322119116783 3
    endloop
  endfacet
  facet normal -0.7901550204270126 0.6129070432732744 0
    outer loop
      vertex 6.155769862234592 4.043864011764526 0
      vertex 6.155769862234592 4.043864011764526 3
      vertex 6.213525488972664 4.118322119116783 0
    endloop
  endfacet
  facet normal -0.7901550204270126 0.6129070432732744 0
    outer loop
      vertex 6.213525488972664 4.118322119116783 3
      vertex 6.213525488972664 4.118322119116783 0
      vertex 6.155769862234592 4.043864011764526 3
    endloop
  endfacet
  facet normal -0.7501110494659154 0.6613118881958368 0
    outer loop
      vertex 6.09345293790102 3.973179340362549 0
      vertex 6.09345293790102 3.973179340362549 3
      vertex 6.155769862234592 4.043864011764526 0
    endloop
  endfacet
  facet normal -0.7501110494659154 0.6613118881958368 0
    outer loop
      vertex 6.155769862234592 4.043864011764526 3
      vertex 6.155769862234592 4.043864011764526 0
      vertex 6.09345293790102 3.973179340362549 3
    endloop
  endfacet
  facet normal -0.7071067811865475 0.7071067811865475 0
    outer loop
      vertex 6.026820659637451 3.90654706209898 0
      vertex 6.026820659637451 3.90654706209898 3
      vertex 6.09345293790102 3.973179340362549 0
    endloop
  endfacet
  facet normal -0.7071067811865475 0.7071067811865475 0
    outer loop
      vertex 6.09345293790102 3.973179340362549 3
      vertex 6.09345293790102 3.973179340362549 0
      vertex 6.026820659637451 3.90654706209898 3
    endloop
  endfacet
  facet normal -0.6613118881958368 0.7501110494659154 0
    outer loop
      vertex 5.956135988235474 3.8442301377654076 0
      vertex 5.956135988235474 3.8442301377654076 3
      vertex 6.026820659637451 3.90654706209898 0
    endloop
  endfacet
  facet normal -0.6613118881958368 0.7501110494659154 0
    outer loop
      vertex 6.026820659637451 3.90654706209898 3
      vertex 6.026820659637451 3.90654706209898 0
      vertex 5.956135988235474 3.8442301377654076 3
    endloop
  endfacet
  facet normal -0.6129070432732744 0.7901550204270126 0
    outer loop
      vertex 5.881677880883217 3.786474511027336 0
      vertex 5.881677880883217 3.786474511027336 3
      vertex 5.956135988235474 3.8442301377654076 0
    endloop
  endfacet
  facet normal -0.6129070432732744 0.7901550204270126 0
    outer loop
      vertex 5.956135988235474 3.8442301377654076 3
      vertex 5.956135988235474 3.8442301377654076 0
      vertex 5.881677880883217 3.786474511027336 3
    endloop
  endfacet
  facet normal -0.5620834140144462 0.8270805496986764 0
    outer loop
      vertex 5.803740195930004 3.7335081100463867 0
      vertex 5.803740195930004 3.7335081100463867 3
      vertex 5.881677880883217 3.786474511027336 0
    endloop
  endfacet
  facet normal -0.5620834140144462 0.8270805496986764 0
    outer loop
      vertex 5.881677880883217 3.786474511027336 3
      vertex 5.881677880883217 3.786474511027336 0
      vertex 5.803740195930004 3.7335081100463867 3
    endloop
  endfacet
  facet normal -0.5090413469827522 0.8607420676729967 0
    outer loop
      vertex 5.722630508244038 3.685539983212948 0
      vertex 5.722630508244038 3.685539983212948 3
      vertex 5.803740195930004 3.7335081100463867 0
    endloop
  endfacet
  facet normal -0.5090413469827522 0.8607420676729967 0
    outer loop
      vertex 5.803740195930004 3.7335081100463867 3
      vertex 5.803740195930004 3.7335081100463867 0
      vertex 5.722630508244038 3.685539983212948 3
    endloop
  endfacet
  facet normal -0.453990560112584 0.8910064934267663 0
    outer loop
      vertex 5.638668939471245 3.642759419977665 0
      vertex 5.638668939471245 3.642759419977665 3
      vertex 5.722630508244038 3.685539983212948 0
    endloop
  endfacet
  facet normal -0.453990560112584 0.8910064934267663 0
    outer loop
      vertex 5.722630508244038 3.685539983212948 3
      vertex 5.722630508244038 3.685539983212948 0
      vertex 5.638668939471245 3.642759419977665 3
    endloop
  endfacet
  facet normal -0.3971478664167774 0.9177546361640466 0
    outer loop
      vertex 5.552186831831932 3.605335272848606 0
      vertex 5.552186831831932 3.605335272848606 3
      vertex 5.638668939471245 3.642759419977665 0
    endloop
  endfacet
  facet normal -0.3971478664167774 0.9177546361640466 0
    outer loop
      vertex 5.638668939471245 3.642759419977665 3
      vertex 5.638668939471245 3.642759419977665 0
      vertex 5.552186831831932 3.605335272848606 3
    endloop
  endfacet
  facet normal -0.3387379020359927 0.9408807755099763 0
    outer loop
      vertex 5.463525488972664 3.5734152272343636 0
      vertex 5.463525488972664 3.5734152272343636 3
      vertex 5.552186831831932 3.605335272848606 0
    endloop
  endfacet
  facet normal -0.3387379020359927 0.9408807755099763 0
    outer loop
      vertex 5.552186831831932 3.605335272848606 3
      vertex 5.552186831831932 3.605335272848606 0
      vertex 5.463525488972664 3.5734152272343636 3
    endloop
  endfacet
  facet normal -0.2789911277216675 0.9602936793776121 0
    outer loop
      vertex 5.373034827411175 3.54712525755167 0
      vertex 5.373034827411175 3.54712525755167 3
      vertex 5.463525488972664 3.5734152272343636 0
    endloop
  endfacet
  facet normal -0.2789911277216675 0.9602936793776121 0
    outer loop
      vertex 5.463525488972664 3.5734152272343636 3
      vertex 5.463525488972664 3.5734152272343636 0
      vertex 5.373034827411175 3.54712525755167 3
    endloop
  endfacet
  facet normal -0.21814326695326391 0.975916756226143 0
    outer loop
      vertex 5.2810719683766365 3.5265691205859184 0
      vertex 5.2810719683766365 3.5265691205859184 3
      vertex 5.373034827411175 3.54712525755167 0
    endloop
  endfacet
  facet normal -0.21814326695326391 0.975916756226143 0
    outer loop
      vertex 5.373034827411175 3.54712525755167 3
      vertex 5.373034827411175 3.54712525755167 0
      vertex 5.2810719683766365 3.5265691205859184 3
    endloop
  endfacet
  facet normal -0.1564344631231799 0.9876883408987689 0
    outer loop
      vertex 5.187999852001667 3.5118279457092285 0
      vertex 5.187999852001667 3.5118279457092285 3
      vertex 5.2810719683766365 3.5265691205859184 0
    endloop
  endfacet
  facet normal -0.1564344631231799 0.9876883408987689 0
    outer loop
      vertex 5.2810719683766365 3.5265691205859184 3
      vertex 5.2810719683766365 3.5265691205859184 0
      vertex 5.187999852001667 3.5118279457092285 3
    endloop
  endfacet
  facet normal -0.09410828819222697 0.9955619669782131 0
    outer loop
      vertex 5.0941857770085335 3.502959907054901 0
      vertex 5.0941857770085335 3.502959907054901 3
      vertex 5.187999852001667 3.5118279457092285 0
    endloop
  endfacet
  facet normal -0.09410828819222697 0.9955619669782131 0
    outer loop
      vertex 5.187999852001667 3.5118279457092285 3
      vertex 5.187999852001667 3.5118279457092285 0
      vertex 5.0941857770085335 3.502959907054901 3
    endloop
  endfacet
  facet normal -0.03141075663054849 0.9995065604426497 0
    outer loop
      vertex 5 3.5 0
      vertex 5 3.5 3
      vertex 5.0941857770085335 3.502959907054901 0
    endloop
  endfacet
  facet normal -0.03141075663054849 0.9995065604426497 0
    outer loop
      vertex 5.0941857770085335 3.502959907054901 3
      vertex 5.0941857770085335 3.502959907054901 0
      vertex 5 3.5 3
    endloop
  endfacet
  facet normal 0.03141075663054849 0.9995065604426497 0
    outer loop
      vertex 4.9058142229914665 3.502959907054901 0
      vertex 4.9058142229914665 3.502959907054901 3
      vertex 5 3.5 0
    endloop
  endfacet
  facet normal 0.03141075663054849 0.9995065604426497 0
    outer loop
      vertex 5 3.5 3
      vertex 5 3.5 0
      vertex 4.9058142229914665 3.502959907054901 3
    endloop
  endfacet
  facet normal 0.09410828819222697 0.9955619669782131 0
    outer loop
      vertex 19.812000147998333 3.5118279457092285 0
      vertex 19.812000147998333 3.5118279457092285 3
      vertex 19.905814222991467 3.502959907054901 0
    endloop
  endfacet
  facet normal 0.09410828819222697 0.9955619669782131 0
    outer loop
      vertex 19.905814222991467 3.502959907054901 3
      vertex 19.905814222991467 3.502959907054901 0
      vertex 19.812000147998333 3.5118279457092285 3
    endloop
  endfacet
  facet normal 0.1564344631231799 0.9876883408987689 0
    outer loop
      vertex 19.718928031623363 3.5265691205859184 0
      vertex 19.718928031623363 3.5265691205859184 3
      vertex 19.812000147998333 3.5118279457092285 0
    endloop
  endfacet
  facet normal 0.1564344631231799 0.9876883408987689 0
    outer loop
      vertex 19.812000147998333 3.5118279457092285 3
      vertex 19.812000147998333 3.5118279457092285 0
      vertex 19.718928031623363 3.5265691205859184 3
    endloop
  endfacet
  facet normal 0.21814326695326391 0.975916756226143 0
    outer loop
      vertex 19.626965172588825 3.54712525755167 0
      vertex 19.626965172588825 3.54712525755167 3
      vertex 19.718928031623363 3.5265691205859184 0
    endloop
  endfacet
  facet normal 0.21814326695326391 0.975916756226143 0
    outer loop
      vertex 19.718928031623363 3.5265691205859184 3
      vertex 19.718928031623363 3.5265691205859184 0
      vertex 19.626965172588825 3.54712525755167 3
    endloop
  endfacet
  facet normal 0.2789911277216675 0.9602936793776121 0
    outer loop
      vertex 19.536474511027336 3.5734152272343636 0
      vertex 19.536474511027336 3.5734152272343636 3
      vertex 19.626965172588825 3.54712525755167 0
    endloop
  endfacet
  facet normal 0.2789911277216675 0.9602936793776121 0
    outer loop
      vertex 19.626965172588825 3.54712525755167 3
      vertex 19.626965172588825 3.54712525755167 0
      vertex 19.536474511027336 3.5734152272343636 3
    endloop
  endfacet
  facet normal 0.3387379020359927 0.9408807755099763 0
    outer loop
      vertex 19.447813168168068 3.605335272848606 0
      vertex 19.447813168168068 3.605335272848606 3
      vertex 19.536474511027336 3.5734152272343636 0
    endloop
  endfacet
  facet normal 0.3387379020359927 0.9408807755099763 0
    outer loop
      vertex 19.536474511027336 3.5734152272343636 3
      vertex 19.536474511027336 3.5734152272343636 0
      vertex 19.447813168168068 3.605335272848606 3
    endloop
  endfacet
  facet normal 0.3971478664167774 0.9177546361640466 0
    outer loop
      vertex 19.361331060528755 3.642759419977665 0
      vertex 19.361331060528755 3.642759419977665 3
      vertex 19.447813168168068 3.605335272848606 0
    endloop
  endfacet
  facet normal 0.3971478664167774 0.9177546361640466 0
    outer loop
      vertex 19.447813168168068 3.605335272848606 3
      vertex 19.447813168168068 3.605335272848606 0
      vertex 19.361331060528755 3.642759419977665 3
    endloop
  endfacet
  facet normal 0.453990560112584 0.8910064934267663 0
    outer loop
      vertex 19.277369491755962 3.685539983212948 0
      vertex 19.277369491755962 3.685539983212948 3
      vertex 19.361331060528755 3.642759419977665 0
    endloop
  endfacet
  facet normal 0.453990560112584 0.8910064934267663 0
    outer loop
      vertex 19.361331060528755 3.642759419977665 3
      vertex 19.361331060528755 3.642759419977665 0
      vertex 19.277369491755962 3.685539983212948 3
    endloop
  endfacet
  facet normal 0.5090413469827522 0.8607420676729967 0
    outer loop
      vertex 19.196259804069996 3.7335081100463867 0
      vertex 19.196259804069996 3.7335081100463867 3
      vertex 19.277369491755962 3.685539983212948 0
    endloop
  endfacet
  facet normal 0.5090413469827522 0.8607420676729967 0
    outer loop
      vertex 19.277369491755962 3.685539983212948 3
      vertex 19.277369491755962 3.685539983212948 0
      vertex 19.196259804069996 3.7335081100463867 3
    endloop
  endfacet
  facet normal 0.5620834140144462 0.8270805496986764 0
    outer loop
      vertex 19.118322119116783 3.786474511027336 0
      vertex 19.118322119116783 3.786474511027336 3
      vertex 19.196259804069996 3.7335081100463867 0
    endloop
  endfacet
  facet normal 0.5620834140144462 0.8270805496986764 0
    outer loop
      vertex 19.196259804069996 3.7335081100463867 3
      vertex 19.196259804069996 3.7335081100463867 0
      vertex 19.118322119116783 3.786474511027336 3
    endloop
  endfacet
  facet normal 0.6129070432732744 0.7901550204270126 0
    outer loop
      vertex 19.043864011764526 3.8442301377654076 0
      vertex 19.043864011764526 3.8442301377654076 3
      vertex 19.118322119116783 3.786474511027336 0
    endloop
  endfacet
  facet normal 0.6129070432732744 0.7901550204270126 0
    outer loop
      vertex 19.118322119116783 3.786474511027336 3
      vertex 19.118322119116783 3.786474511027336 0
      vertex 19.043864011764526 3.8442301377654076 3
    endloop
  endfacet
  facet normal 0.6613118881958368 0.7501110494659154 0
    outer loop
      vertex 18.97317934036255 3.90654706209898 0
      vertex 18.97317934036255 3.90654706209898 3
      vertex 19.043864011764526 3.8442301377654076 0
    endloop
  endfacet
  facet normal 0.6613118881958368 0.7501110494659154 0
    outer loop
      vertex 19.043864011764526 3.8442301377654076 3
      vertex 19.043864011764526 3.8442301377654076 0
      vertex 18.97317934036255 3.90654706209898 3
    endloop
  endfacet
  facet normal 0.7071067811865475 0.7071067811865475 0
    outer loop
      vertex 18.90654706209898 3.973179340362549 0
      vertex 18.90654706209898 3.973179340362549 3
      vertex 18.97317934036255 3.90654706209898 0
    endloop
  endfacet
  facet normal 0.7071067811865475 0.7071067811865475 0
    outer loop
      vertex 18.97317934036255 3.90654706209898 3
      vertex 18.97317934036255 3.90654706209898 0
      vertex 18.90654706209898 3.973179340362549 3
    endloop
  endfacet
  facet normal 0.7501110494659154 0.6613118881958368 0
    outer loop
      vertex 18.844230137765408 4.043864011764526 0
      vertex 18.844230137765408 4.043864011764526 3
      vertex 18.90654706209898 3.973179340362549 0
    endloop
  endfacet
  facet normal 0.7501110494659154 0.6613118881958368 0
    outer loop
      vertex 18.90654706209898 3.973179340362549 3
      vertex 18.90654706209898 3.973179340362549 0
      vertex 18.844230137765408 4.043864011764526 3
    endloop
  endfacet
  facet normal 0.7901550204270126 0.6129070432732744 0
    outer loop
      vertex 18.786474511027336 4.118322119116783 0
      vertex 18.786474511027336 4.118322119116783 3
      vertex 18.844230137765408 4.043864011764526 0
    endloop
  endfacet
  facet normal 0.7901550204270126 0.6129070432732744 0
    outer loop
      vertex 18.844230137765408 4.043864011764526 3
      vertex 18.844230137765408 4.043864011764526 0
      vertex 18.786474511027336 4.118322119116783 3
    endloop
  endfacet
  facet normal 0.8270805496986764 0.5620834140144462 0
    outer loop
      vertex 18.733508110046387 4.196259804069996 0
      vertex 18.733508110046387 4.196259804069996 3
      vertex 18.786474511027336 4.118322119116783 0
    endloop
  endfacet
  facet normal 0.8270805496986764 0.5620834140144462 0
    outer loop
      vertex 18.786474511027336 4.118322119116783 3
      vertex 18.786474511027336 4.118322119116783 0
      vertex 18.733508110046387 4.196259804069996 3
    endloop
  endfacet
  facet normal 0.8607420676729967 0.5090413469827522 0
    outer loop
      vertex 18.685539983212948 4.277369491755962 0
      vertex 18.685539983212948 4.277369491755962 3
      vertex 18.733508110046387 4.196259804069996 0
    endloop
  endfacet
  facet normal 0.8607420676729967 0.5090413469827522 0
    outer loop
      vertex 18.733508110046387 4.196259804069996 3
      vertex 18.733508110046387 4.196259804069996 0
      vertex 18.685539983212948 4.277369491755962 3
    endloop
  endfacet
  facet normal 0.8910064934267663 0.453990560112584 0
    outer loop
      vertex 18.642759419977665 4.361331060528755 0
      vertex 18.642759419977665 4.361331060528755 3
      vertex 18.685539983212948 4.277369491755962 0
    endloop
  endfacet
  facet normal 0.8910064934267663 0.453990560112584 0
    outer loop
      vertex 18.685539983212948 4.277369491755962 3
      vertex 18.685539983212948 4.277369491755962 0
      vertex 18.642759419977665 4.361331060528755 3
    endloop
  endfacet
  facet normal 0.9177546361640466 0.3971478664167774 0
    outer loop
      vertex 18.605335272848606 4.447813168168068 0
      vertex 18.605335272848606 4.447813168168068 3
      vertex 18.642759419977665 4.361331060528755 0
    endloop
  endfacet
  facet normal 0.9177546361640466 0.3971478664167774 0
    outer loop
      vertex 18.642759419977665 4.361331060528755 3
      vertex 18.642759419977665 4.361331060528755 0
      vertex 18.605335272848606 4.447813168168068 3
    endloop
  endfacet
  facet normal 0.9408807755099763 0.3387379020359927 0
    outer loop
      vertex 18.573415227234364 4.536474511027336 0
      vertex 18.573415227234364 4.536474511027336 3
      vertex 18.605335272848606 4.447813168168068 0
    endloop
  endfacet
  facet normal 0.9408807755099763 0.3387379020359927 0
    outer loop
      vertex 18.605335272848606 4.447813168168068 3
      vertex 18.605335272848606 4.447813168168068 0
      vertex 18.573415227234364 4.536474511027336 3
    endloop
  endfacet
  facet normal 0.9602936793776121 0.2789911277216675 0
    outer loop
      vertex 18.54712525755167 4.626965172588825 0
      vertex 18.54712525755167 4.626965172588825 3
      vertex 18.573415227234364 4.536474511027336 0
    endloop
  endfacet
  facet normal 0.9602936793776121 0.2789911277216675 0
    outer loop
      vertex 18.573415227234364 4.536474511027336 3
      vertex 18.573415227234364 4.536474511027336 0
      vertex 18.54712525755167 4.626965172588825 3
    endloop
  endfacet
  facet normal 0.975916756226143 0.21814326695326391 0
    outer loop
      vertex 18.52656912058592 4.7189280316233635 0
      vertex 18.52656912058592 4.7189280316233635 3
      vertex 18.54712525755167 4.626965172588825 0
    endloop
  endfacet
  facet normal 0.975916756226143 0.21814326695326391 0
    outer loop
      vertex 18.54712525755167 4.626965172588825 3
      vertex 18.54712525755167 4.626965172588825 0
      vertex 18.52656912058592 4.7189280316233635 3
    endloop
  endfacet
  facet normal 0.9876883408987689 0.1564344631231799 0
    outer loop
      vertex 18.51182794570923 4.812000147998333 0
      vertex 18.51182794570923 4.812000147998333 3
      vertex 18.52656912058592 4.7189280316233635 0
    endloop
  endfacet
  facet normal 0.9876883408987689 0.1564344631231799 0
    outer loop
      vertex 18.52656912058592 4.7189280316233635 3
      vertex 18.52656912058592 4.7189280316233635 0
      vertex 18.51182794570923 4.812000147998333 3
    endloop
  endfacet
  facet normal 0.9955619669782131 0.09410828819222697 0
    outer loop
      vertex 18.5029599070549 4.9058142229914665 0
      vertex 18.5029599070549 4.9058142229914665 3
      vertex 18.51182794570923 4.812000147998333 0
    endloop
  endfacet
  facet normal 0.9955619669782131 0.09410828819222697 0
    outer loop
      vertex 18.51182794570923 4.812000147998333 3
      vertex 18.51182794570923 4.812000147998333 0
      vertex 18.5029599070549 4.9058142229914665 3
    endloop
  endfacet
  facet normal 0.9995065604426497 0.03141075663054849 0
    outer loop
      vertex 18.5 5 0
      vertex 18.5 5 3
      vertex 18.5029599070549 4.9058142229914665 0
    endloop
  endfacet
  facet normal 0.9995065604426497 0.03141075663054849 0
    outer loop
      vertex 18.5029599070549 4.9058142229914665 3
      vertex 18.5029599070549 4.9058142229914665 0
      vertex 18.5 5 3
    endloop
  endfacet
  facet normal 0.9995065604426497 -0.03141075663054849 0
    outer loop
      vertex 18.5029599070549 5.0941857770085335 0
      vertex 18.5029599070549 5.0941857770085335 3
      vertex 18.5 5 0
    endloop
  endfacet
  facet normal 0.9995065604426497 -0.03141075663054849 0
    outer loop
      vertex 18.5 5 3
      vertex 18.5 5 0
      vertex 18.5029599070549 5.0941857770085335 3
    endloop
  endfacet
  facet normal 0.9955619669782131 -0.09410828819222697 0
    outer loop
      vertex 18.51182794570923 5.187999852001667 0
      vertex 18.51182794570923 5.187999852001667 3
      vertex 18.5029599070549 5.0941857770085335 0
    endloop
  endfacet
  facet normal 0.9955619669782131 -0.09410828819222697 0
    outer loop
      vertex 18.5029599070549 5.0941857770085335 3
      vertex 18.5029599070549 5.0941857770085335 0
      vertex 18.51182794570923 5.187999852001667 3
    endloop
  endfacet
  facet normal 0.9876883408987689 -0.1564344631231799 0
    outer loop
      vertex 18.52656912058592 5.2810719683766365 0
      vertex 18.52656912058592 5.2810719683766365 3
      vertex 18.51182794570923 5.187999852001667 0
    endloop
  endfacet
  facet normal 0.9876883408987689 -0.1564344631231799 0
    outer loop
      vertex 18.51182794570923 5.187999852001667 3
      vertex 18.51182794570923 5.187999852001667 0
      vertex 18.52656912058592 5.2810719683766365 3
    endloop
  endfacet
  facet normal 0.975916756226143 -0.21814326695326391 0
    outer loop
      vertex 18.54712525755167 5.373034827411175 0
      vertex 18.54712525755167 5.373034827411175 3
      vertex 18.52656912058592 5.2810719683766365 0
    endloop
  endfacet
  facet normal 0.975916756226143 -0.21814326695326391 0
    outer loop
      vertex 18.52656912058592 5.2810719683766365 3
      vertex 18.52656912058592 5.2810719683766365 0
      vertex 18.54712525755167 5.373034827411175 3
    endloop
  endfacet
  facet normal 0.9602936793776121 -0.2789911277216675 0
    outer loop
      vertex 18.573415227234364 5.463525488972664 0
      vertex 18.573415227234364 5.463525488972664 3
      vertex 18.54712525755167 5.373034827411175 0
    endloop
  endfacet
  facet normal 0.9602936793776121 -0.2789911277216675 0
    outer loop
      vertex 18.54712525755167 5.373034827411175 3
      vertex 18.54712525755167 5.373034827411175 0
      vertex 18.573415227234364 5.463525488972664 3
    endloop
  endfacet
  facet normal 0.9408807755099763 -0.3387379020359927 0
    outer loop
      vertex 18.605335272848606 5.552186831831932 0
      vertex 18.605335272848606 5.552186831831932 3
      vertex 18.573415227234364 5.463525488972664 0
    endloop
  endfacet
  facet normal 0.9408807755099763 -0.3387379020359927 0
    outer loop
      vertex 18.573415227234364 5.463525488972664 3
      vertex 18.573415227234364 5.463525488972664 0
      vertex 18.605335272848606 5.552186831831932 3
    endloop
  endfacet
  facet normal 0.9177546361640466 -0.3971478664167774 0
    outer loop
      vertex 18.642759419977665 5.638668939471245 0
      vertex 18.642759419977665 5.638668939471245 3
      vertex 18.605335272848606 5.552186831831932 0
    endloop
  endfacet
  facet normal 0.9177546361640466 -0.3971478664167774 0
    outer loop
      vertex 18.605335272848606 5.552186831831932 3
      vertex 18.605335272848606 5.552186831831932 0
      vertex 18.642759419977665 5.638668939471245 3
    endloop
  endfacet
  facet normal 0.8910064934267663 -0.453990560112584 0
    outer loop
      vertex 18.685539983212948 5.722630508244038 0
      vertex 18.685539983212948 5.722630508244038 3
      vertex 18.642759419977665 5.638668939471245 0
    endloop
  endfacet
  facet normal 0.8910064934267663 -0.453990560112584 0
    outer loop
      vertex 18.642759419977665 5.638668939471245 3
      vertex 18.642759419977665 5.638668939471245 0
      vertex 18.685539983212948 5.722630508244038 3
    endloop
  endfacet
  facet normal 0.8607420676729967 -0.5090413469827522 0
    outer loop
      vertex 18.733508110046387 5.803740195930004 0
      vertex 18.733508110046387 5.803740195930004 3
      vertex 18.685539983212948 5.722630508244038 0
    endloop
  endfacet
  facet normal 0.8607420676729967 -0.5090413469827522 0
    outer loop
      vertex 18.685539983212948 5.722630508244038 3
      vertex 18.685539983212948 5.722630508244038 0
      vertex 18.733508110046387 5.803740195930004 3
    endloop
  endfacet
  facet normal 0.8270805496986764 -0.5620834140144462 0
    outer loop
      vertex 18.786474511027336 5.881677880883217 0
      vertex 18.786474511027336 5.881677880883217 3
      vertex 18.733508110046387 5.803740195930004 0
    endloop
  endfacet
  facet normal 0.8270805496986764 -0.5620834140144462 0
    outer loop
      vertex 18.733508110046387 5.803740195930004 3
      vertex 18.733508110046387 5.803740195930004 0
      vertex 18.786474511027336 5.881677880883217 3
    endloop
  endfacet
  facet normal 0.7901550204270126 -0.6129070432732744 0
    outer loop
      vertex 18.844230137765408 5.956135988235474 0
      vertex 18.844230137765408 5.956135988235474 3
      vertex 18.786474511027336 5.881677880883217 0
    endloop
  endfacet
  facet normal 0.7901550204270126 -0.6129070432732744 0
    outer loop
      vertex 18.786474511027336 5.881677880883217 3
      vertex 18.786474511027336 5.881677880883217 0
      vertex 18.844230137765408 5.956135988235474 3
    endloop
  endfacet
  facet normal 0.7501110494659154 -0.6613118881958368 0
    outer loop
      vertex 18.90654706209898 6.026820659637451 0
      vertex 18.90654706209898 6.026820659637451 3
      vertex 18.844230137765408 5.956135988235474 0
    endloop
  endfacet
  facet normal 0.7501110494659154 -0.6613118881958368 0
    outer loop
      vertex 18.844230137765408 5.956135988235474 3
      vertex 18.844230137765408 5.956135988235474 0
      vertex 18.90654706209898 6.026820659637451 3
    endloop
  endfacet
  facet normal 0.7071067811865475 -0.7071067811865475 0
    outer loop
      vertex 18.97317934036255 6.09345293790102 0
      vertex 18.97317934036255 6.09345293790102 3
      vertex 18.90654706209898 6.026820659637451 0
    endloop
  endfacet
  facet normal 0.7071067811865475 -0.7071067811865475 0
    outer loop
      vertex 18.90654706209898 6.026820659637451 3
      vertex 18.90654706209898 6.026820659637451 0
      vertex 18.97317934036255 6.09345293790102 3
    endloop
  endfacet
  facet normal 0.6613118881958368 -0.7501110494659154 0
    outer loop
      vertex 19.043864011764526 6.155769862234592 0
      vertex 19.043864011764526 6.155769862234592 3
      vertex 18.97317934036255 6.09345293790102 0
    endloop
  endfacet
  facet normal 0.6613118881958368 -0.7501110494659154 0
    outer loop
      vertex 18.97317934036255 6.09345293790102 3
      vertex 18.97317934036255 6.09345293790102 0
      vertex 19.043864011764526 6.155769862234592 3
    endloop
  endfacet
  facet normal 0.6129070432732744 -0.7901550204270126 0
    outer loop
      vertex 19.118322119116783 6.213525488972664 0
      vertex 19.118322119116783 6.213525488972664 3
      vertex 19.043864011764526 6.155769862234592 0
    endloop
  endfacet
  facet normal 0.6129070432732744 -0.7901550204270126 0
    outer loop
      vertex 19.043864011764526 6.155769862234592 3
      vertex 19.043864011764526 6.155769862234592 0
      vertex 19.118322119116783 6.213525488972664 3
    endloop
  endfacet
  facet normal 0.5620834140144462 -0.8270805496986764 0
    outer loop
      vertex 19.196259804069996 6.266491889953613 0
      vertex 19.196259804069996 6.266491889953613 3
      vertex 19.118322119116783 6.213525488972664 0
    endloop
  endfacet
  facet normal 0.5620834140144462 -0.8270805496986764 0
    outer loop
      vertex 19.118322119116783 6.213525488972664 3
      vertex 19.118322119116783 6.213525488972664 0
      vertex 19.196259804069996 6.266491889953613 3
    endloop
  endfacet
  facet normal 0.5090413469827522 -0.8607420676729967 0
    outer loop
      vertex 19.277369491755962 6.314460016787052 0
      vertex 19.277369491755962 6.314460016787052 3
      vertex 19.196259804069996 6.266491889953613 0
    endloop
  endfacet
  facet normal 0.5090413469827522 -0.8607420676729967 0
    outer loop
      vertex 19.196259804069996 6.266491889953613 3
      vertex 19.196259804069996 6.266491889953613 0
      vertex 19.277369491755962 6.314460016787052 3
    endloop
  endfacet
  facet normal 0.453990560112584 -0.8910064934267663 0
    outer loop
      vertex 19.361331060528755 6.357240580022335 0
      vertex 19.361331060528755 6.357240580022335 3
      vertex 19.277369491755962 6.314460016787052 0
    endloop
  endfacet
  facet normal 0.453990560112584 -0.8910064934267663 0
    outer loop
      vertex 19.277369491755962 6.314460016787052 3
      vertex 19.277369491755962 6.314460016787052 0
      vertex 19.361331060528755 6.357240580022335 3
    endloop
  endfacet
  facet normal 0.3971478664167774 -0.9177546361640466 0
    outer loop
      vertex 19.447813168168068 6.394664727151394 0
      vertex 19.447813168168068 6.394664727151394 3
      vertex 19.361331060528755 6.357240580022335 0
    endloop
  endfacet
  facet normal 0.3971478664167774 -0.9177546361640466 0
    outer loop
      vertex 19.361331060528755 6.357240580022335 3
      vertex 19.361331060528755 6.357240580022335 0
      vertex 19.447813168168068 6.394664727151394 3
    endloop
  endfacet
  facet normal 0.3387379020359927 -0.9408807755099763 0
    outer loop
      vertex 19.536474511027336 6.4265847727656364 0
      vertex 19.536474511027336 6.4265847727656364 3
      vertex 19.447813168168068 6.394664727151394 0
    endloop
  endfacet
  facet normal 0.3387379020359927 -0.9408807755099763 0
    outer loop
      vertex 19.447813168168068 6.394664727151394 3
      vertex 19.447813168168068 6.394664727151394 0
      vertex 19.536474511027336 6.4265847727656364 3
    endloop
  endfacet
  facet normal 0.2789911277216675 -0.9602936793776121 0
    outer loop
      vertex 19.626965172588825 6.45287474244833 0
      vertex 19.626965172588825 6.45287474244833 3
      vertex 19.536474511027336 6.4265847727656364 0
    endloop
  endfacet
  facet normal 0.2789911277216675 -0.9602936793776121 0
    outer loop
      vertex 19.536474511027336 6.4265847727656364 3
      vertex 19.536474511027336 6.4265847727656364 0
      vertex 19.626965172588825 6.45287474244833 3
    endloop
  endfacet
  facet normal 0.21814326695326391 -0.975916756226143 0
    outer loop
      vertex 19.718928031623363 6.473430879414082 0
      vertex 19.718928031623363 6.473430879414082 3
      vertex 19.626965172588825 6.45287474244833 0
    endloop
  endfacet
  facet normal 0.21814326695326391 -0.975916756226143 0
    outer loop
      vertex 19.626965172588825 6.45287474244833 3
      vertex 19.626965172588825 6.45287474244833 0
      vertex 19.718928031623363 6.473430879414082 3
    endloop
  endfacet
  facet normal 0.1564344631231799 -0.9876883408987689 0
    outer loop
      vertex 19.812000147998333 6.4881720542907715 0
      vertex 19.812000147998333 6.4881720542907715 3
      vertex 19.718928031623363 6.473430879414082 0
    endloop
  endfacet
  facet normal 0.1564344631231799 -0.9876883408987689 0
    outer loop
      vertex 19.718928031623363 6.473430879414082 3
      vertex 19.718928031623363 6.473430879414082 0
      vertex 19.812000147998333 6.4881720542907715 3
    endloop
  endfacet
  facet normal 0.09410828819222697 -0.9955619669782131 0
    outer loop
      vertex 19.905814222991467 6.497040092945099 0
      vertex 19.905814222991467 6.497040092945099 3
      vertex 19.812000147998333 6.4881720542907715 0
    endloop
  endfacet
  facet normal 0.09410828819222697 -0.9955619669782131 0
    outer loop
      vertex 19.812000147998333 6.4881720542907715 3
      vertex 19.812000147998333 6.4881720542907715 0
      vertex 19.905814222991467 6.497040092945099 3
    endloop
  endfacet
  facet normal 0.03141075663054849 -0.9995065604426497 0
    outer loop
      vertex 20 6.5 0
      vertex 20 6.5 3
      vertex 19.905814222991467 6.497040092945099 0
    endloop
  endfacet
  facet normal 0.03141075663054849 -0.9995065604426497 0
    outer loop
      vertex 19.905814222991467 6.497040092945099 3
      vertex 19.905814222991467 6.497040092945099 0
      vertex 20 6.5 3
    endloop
  endfacet
  facet normal -0.03141075663054849 -0.9995065604426497 0
    outer loop
      vertex 20.094185777008533 6.497040092945099 0
      vertex 20.094185777008533 6.497040092945099 3
      vertex 20 6.5 0
    endloop
  endfacet
  facet normal -0.03141075663054849 -0.9995065604426497 0
    outer loop
      vertex 20 6.5 3
      vertex 20 6.5 0
      vertex 20.094185777008533 6.497040092945099 3
    endloop
  endfacet
  facet normal -0.09410828819222697 -0.9955619669782131 0
    outer loop
      vertex 20.187999852001667 6.4881720542907715 0
      vertex 20.187999852001667 6.4881720542907715 3
      vertex 20.094185777008533 6.497040092945099 0
    endloop
  endfacet
  facet normal -0.09410828819222697 -0.9955619669782131 0
    outer loop
      vertex 20.094185777008533 6.497040092945099 3
      vertex 20.094185777008533 6.497040092945099 0
      vertex 20.187999852001667 6.4881720542907715 3
    endloop
  endfacet
  facet normal -0.1564344631231799 -0.9876883408987689 0
    outer loop
      vertex 20.281071968376637 6.473430879414082 0
      vertex 20.281071968376637 6.473430879414082 3
      vertex 20.187999852001667 6.4881720542907715 0
    endloop
  endfacet
  facet normal -0.1564344631231799 -0.9876883408987689 0
    outer loop
      vertex 20.187999852001667 6.4881720542907715 3
      vertex 20.187999852001667 6.4881720542907715 0
      vertex 20.281071968376637 6.473430879414082 3
    endloop
  endfacet
  facet normal -0.21814326695326391 -0.975916756226143 0
    outer loop
      vertex 20.373034827411175 6.45287474244833 0
      vertex 20.373034827411175 6.45287474244833 3
      vertex 20.281071968376637 6.473430879414082 0
    endloop
  endfacet
  facet normal -0.21814326695326391 -0.975916756226143 0
    outer loop
      vertex 20.281071968376637 6.473430879414082 3
      vertex 20.281071968376637 6.473430879414082 0
      vertex 20.373034827411175 6.45287474244833 3
    endloop
  endfacet
  facet normal -0.2789911277216675 -0.9602936793776121 0
    outer loop
      vertex 20.463525488972664 6.4265847727656364 0
      vertex 20.463525488972664 6.4265847727656364 3
      vertex 20.373034827411175 6.45287474244833 0
    endloop
  endfacet
  facet normal -0.2789911277216675 -0.9602936793776121 0
    outer loop
      vertex 20.373034827411175 6.45287474244833 3
      vertex 20.373034827411175 6.45287474244833 0
      vertex 20.463525488972664 6.4265847727656364 3
    endloop
  endfacet
  facet normal -0.3387379020359927 -0.9408807755099763 0
    outer loop
      vertex 20.552186831831932 6.394664727151394 0
      vertex 20.552186831831932 6.394664727151394 3
      vertex 20.463525488972664 6.4265847727656364 0
    endloop
  endfacet
  facet normal -0.3387379020359927 -0.9408807755099763 0
    outer loop
      vertex 20.463525488972664 6.4265847727656364 3
      vertex 20.463525488972664 6.4265847727656364 0
      vertex 20.552186831831932 6.394664727151394 3
    endloop
  endfacet
  facet normal -0.3971478664167774 -0.9177546361640466 0
    outer loop
      vertex 20.638668939471245 6.357240580022335 0
      vertex 20.638668939471245 6.357240580022335 3
      vertex 20.552186831831932 6.394664727151394 0
    endloop
  endfacet
  facet normal -0.3971478664167774 -0.9177546361640466 0
    outer loop
      vertex 20.552186831831932 6.394664727151394 3
      vertex 20.552186831831932 6.394664727151394 0
      vertex 20.638668939471245 6.357240580022335 3
    endloop
  endfacet
  facet normal -0.453990560112584 -0.8910064934267663 0
    outer loop
      vertex 20.722630508244038 6.314460016787052 0
      vertex 20.722630508244038 6.314460016787052 3
      vertex 20.638668939471245 6.357240580022335 0
    endloop
  endfacet
  facet normal -0.453990560112584 -0.8910064934267663 0
    outer loop
      vertex 20.638668939471245 6.357240580022335 3
      vertex 20.638668939471245 6.357240580022335 0
      vertex 20.722630508244038 6.314460016787052 3
    endloop
  endfacet
  facet normal -0.5090413469827522 -0.8607420676729967 0
    outer loop
      vertex 20.803740195930004 6.266491889953613 0
      vertex 20.803740195930004 6.266491889953613 3
      vertex 20.722630508244038 6.314460016787052 0
    endloop
  endfacet
  facet normal -0.5090413469827522 -0.8607420676729967 0
    outer loop
      vertex 20.722630508244038 6.314460016787052 3
      vertex 20.722630508244038 6.314460016787052 0
      vertex 20.803740195930004 6.266491889953613 3
    endloop
  endfacet
  facet normal -0.5620834140144462 -0.8270805496986764 0
    outer loop
      vertex 20.881677880883217 6.213525488972664 0
      vertex 20.881677880883217 6.213525488972664 3
      vertex 20.803740195930004 6.266491889953613 0
    endloop
  endfacet
  facet normal -0.5620834140144462 -0.8270805496986764 0
    outer loop
      vertex 20.803740195930004 6.266491889953613 3
      vertex 20.803740195930004 6.266491889953613 0
      vertex 20.881677880883217 6.213525488972664 3
    endloop
  endfacet
  facet normal -0.6129070432732744 -0.7901550204270126 0
    outer loop
      vertex 20.956135988235474 6.155769862234592 0
      vertex 20.956135988235474 6.155769862234592 3
      vertex 20.881677880883217 6.213525488972664 0
    endloop
  endfacet
  facet normal -0.6129070432732744 -0.7901550204270126 0
    outer loop
      vertex 20.881677880883217 6.213525488972664 3
      vertex 20.881677880883217 6.213525488972664 0
      vertex 20.956135988235474 6.155769862234592 3
    endloop
  endfacet
  facet normal -0.6613118881958368 -0.7501110494659154 0
    outer loop
      vertex 21.02682065963745 6.09345293790102 0
      vertex 21.02682065963745 6.09345293790102 3
      vertex 20.956135988235474 6.155769862234592 0
    endloop
  endfacet
  facet normal -0.6613118881958368 -0.7501110494659154 0
    outer loop
      vertex 20.956135988235474 6.155769862234592 3
      vertex 20.956135988235474 6.155769862234592 0
      vertex 21.02682065963745 6.09345293790102 3
    endloop
  endfacet
  facet normal -0.7071067811865475 -0.7071067811865475 0
    outer loop
      vertex 21.09345293790102 6.026820659637451 0
      vertex 21.09345293790102 6.026820659637451 3
      vertex 21.02682065963745 6.09345293790102 0
    endloop
  endfacet
  facet normal -0.7071067811865475 -0.7071067811865475 0
    outer loop
      vertex 21.02682065963745 6.09345293790102 3
      vertex 21.02682065963745 6.09345293790102 0
      vertex 21.09345293790102 6.026820659637451 3
    endloop
  endfacet
  facet normal -0.7501110494659154 -0.6613118881958368 0
    outer loop
      vertex 21.155769862234592 5.956135988235474 0
      vertex 21.155769862234592 5.956135988235474 3
      vertex 21.09345293790102 6.026820659637451 0
    endloop
  endfacet
  facet normal -0.7501110494659154 -0.6613118881958368 0
    outer loop
      vertex 21.09345293790102 6.026820659637451 3
      vertex 21.09345293790102 6.026820659637451 0
      vertex 21.155769862234592 5.956135988235474 3
    endloop
  endfacet
  facet normal -0.7901550204270126 -0.6129070432732744 0
    outer loop
      vertex 21.213525488972664 5.881677880883217 0
      vertex 21.213525488972664 5.881677880883217 3
      vertex 21.155769862234592 5.956135988235474 0
    endloop
  endfacet
  facet normal -0.7901550204270126 -0.6129070432732744 0
    outer loop
      vertex 21.155769862234592 5.956135988235474 3
      vertex 21.155769862234592 5.956135988235474 0
      vertex 21.213525488972664 5.881677880883217 3
    endloop
  endfacet
  facet normal -0.8270805496986764 -0.5620834140144462 0
    outer loop
      vertex 21.266491889953613 5.803740195930004 0
      vertex 21.266491889953613 5.803740195930004 3
      vertex 21.213525488972664 5.881677880883217 0
    endloop
  endfacet
  facet normal -0.8270805496986764 -0.5620834140144462 0
    outer loop
      vertex 21.213525488972664 5.881677880883217 3
      vertex 21.213525488972664 5.881677880883217 0
      vertex 21.266491889953613 5.803740195930004 3
    endloop
  endfacet
  facet normal -0.8607420676729967 -0.5090413469827522 0
    outer loop
      vertex 21.314460016787052 5.722630508244038 0
      vertex 21.314460016787052 5.722630508244038 3
      vertex 21.266491889953613 5.803740195930004 0
    endloop
  endfacet
  facet normal -0.8607420676729967 -0.5090413469827522 0
    outer loop
      vertex 21.266491889953613 5.803740195930004 3
      vertex 21.266491889953613 5.803740195930004 0
      vertex 21.314460016787052 5.722630508244038 3
    endloop
  endfacet
  facet normal -0.8910064934267663 -0.453990560112584 0
    outer loop
      vertex 21.357240580022335 5.638668939471245 0
      vertex 21.357240580022335 5.638668939471245 3
      vertex 21.314460016787052 5.722630508244038 0
    endloop
  endfacet
  facet normal -0.8910064934267663 -0.453990560112584 0
    outer loop
      vertex 21.314460016787052 5.722630508244038 3
      vertex 21.314460016787052 5.722630508244038 0
      vertex 21.357240580022335 5.638668939471245 3
    endloop
  endfacet
  facet normal -0.9177546361640466 -0.3971478664167774 0
    outer loop
      vertex 21.394664727151394 5.552186831831932 0
      vertex 21.394664727151394 5.552186831831932 3
      vertex 21.357240580022335 5.638668939471245 0
    endloop
  endfacet
  facet normal -0.9177546361640466 -0.3971478664167774 0
    outer loop
      vertex 21.357240580022335 5.638668939471245 3
      vertex 21.357240580022335 5.638668939471245 0
      vertex 21.394664727151394 5.552186831831932 3
    endloop
  endfacet
  facet normal -0.9408807755099763 -0.3387379020359927 0
    outer loop
      vertex 21.426584772765636 5.463525488972664 0
      vertex 21.426584772765636 5.463525488972664 3
      vertex 21.394664727151394 5.552186831831932 0
    endloop
  endfacet
  facet normal -0.9408807755099763 -0.3387379020359927 0
    outer loop
      vertex 21.394664727151394 5.552186831831932 3
      vertex 21.394664727151394 5.552186831831932 0
      vertex 21.426584772765636 5.463525488972664 3
    endloop
  endfacet
  facet normal -0.9602936793776121 -0.2789911277216675 0
    outer loop
      vertex 21.45287474244833 5.373034827411175 0
      vertex 21.45287474244833 5.373034827411175 3
      vertex 21.426584772765636 5.463525488972664 0
    endloop
  endfacet
  facet normal -0.9602936793776121 -0.2789911277216675 0
    outer loop
      vertex 21.426584772765636 5.463525488972664 3
      vertex 21.426584772765636 5.463525488972664 0
      vertex 21.45287474244833 5.373034827411175 3
    endloop
  endfacet
  facet normal -0.975916756226143 -0.21814326695326391 0
    outer loop
      vertex 21.47343087941408 5.2810719683766365 0
      vertex 21.47343087941408 5.2810719683766365 3
      vertex 21.45287474244833 5.373034827411175 0
    endloop
  endfacet
  facet normal -0.975916756226143 -0.21814326695326391 0
    outer loop
      vertex 21.45287474244833 5.373034827411175 3
      vertex 21.45287474244833 5.373034827411175 0
      vertex 21.47343087941408 5.2810719683766365 3
    endloop
  endfacet
  facet normal -0.9876883408987689 -0.1564344631231799 0
    outer loop
      vertex 21.48817205429077 5.187999852001667 0
      vertex 21.48817205429077 5.187999852001667 3
      vertex 21.47343087941408 5.2810719683766365 0
    endloop
  endfacet
  facet normal -0.9876883408987689 -0.1564344631231799 0
    outer loop
      vertex 21.47343087941408 5.2810719683766365 3
      vertex 21.47343087941408 5.2810719683766365 0
      vertex 21.48817205429077 5.187999852001667 3
    endloop
  endfacet
  facet normal -0.9955619669782131 -0.09410828819222697 0
    outer loop
      vertex 21.4970400929451 5.0941857770085335 0
      vertex 21.4970400929451 5.0941857770085335 3
      vertex 21.48817205429077 5.187999852001667 0
    endloop
  endfacet
  facet normal -0.9955619669782131 -0.09410828819222697 0
    outer loop
      vertex 21.48817205429077 5.187999852001667 3
      vertex 21.48817205429077 5.187999852001667 0
      vertex 21.4970400929451 5.0941857770085335 3
    endloop
  endfacet
  facet normal -0.9995065604426497 -0.03141075663054849 0
    outer loop
      vertex 21.5 5 0
      vertex 21.5 5 3
      vertex 21.4970400929451 5.0941857770085335 0
    endloop
  endfacet
  facet normal -0.9995065604426497 -0.03141075663054849 0
    outer loop
      vertex 21.4970400929451 5.0941857770085335 3
      vertex 21.4970400929451 5.0941857770085335 0
      vertex 21.5 5 3
    endloop
  endfacet
  facet normal -0.9995065604426497 0.03141075663054849 0
    outer loop
      vertex 21.4970400929451 4.9058142229914665 0
      vertex 21.4970400929451 4.9058142229914665 3
      vertex 21.5 5 0
    endloop
  endfacet
  facet normal -0.9995065604426497 0.03141075663054849 0
    outer loop
      vertex 21.5 5 3
      vertex 21.5 5 0
      vertex 21.4970400929451 4.9058142229914665 3
    endloop
  endfacet
  facet normal -0.9955619669782131 0.09410828819222697 0
    outer loop
      vertex 21.48817205429077 4.812000147998333 0
      vertex 21.48817205429077 4.812000147998333 3
      vertex 21.4970400929451 4.9058142229914665 0
    endloop
  endfacet
  facet normal -0.9955619669782131 0.09410828819222697 0
    outer loop
      vertex 21.4970400929451 4.9058142229914665 3
      vertex 21.4970400929451 4.9058142229914665 0
      vertex 21.48817205429077 4.812000147998333 3
    endloop
  endfacet
  facet normal -0.9876883408987689 0.1564344631231799 0
    outer loop
      vertex 21.47343087941408 4.7189280316233635 0
      vertex 21.47343087941408 4.7189280316233635 3
      vertex 21.48817205429077 4.812000147998333 0
    endloop
  endfacet
  facet normal -0.9876883408987689 0.1564344631231799 0
    outer loop
      vertex 21.48817205429077 4.812000147998333 3
      vertex 21.48817205429077 4.812000147998333 0
      vertex 21.47343087941408 4.7189280316233635 3
    endloop
  endfacet
  facet normal -0.975916756226143 0.21814326695326391 0
    outer loop
      vertex 21.45287474244833 4.626965172588825 0
      vertex 21.45287474244833 4.626965172588825 3
      vertex 21.47343087941408 4.7189280316233635 0
    endloop
  endfacet
  facet normal -0.975916756226143 0.21814326695326391 0
    outer loop
      vertex 21.47343087941408 4.7189280316233635 3
      vertex 21.47343087941408 4.7189280316233635 0
      vertex 21.45287474244833 4.626965172588825 3
    endloop
  endfacet
  facet normal -0.9602936793776121 0.2789911277216675 0
    outer loop
      vertex 21.426584772765636 4.536474511027336 0
      vertex 21.426584772765636 4.536474511027336 3
      vertex 21.45287474244833 4.626965172588825 0
    endloop
  endfacet
  facet normal -0.9602936793776121 0.2789911277216675 0
    outer loop
      vertex 21.45287474244833 4.626965172588825 3
      vertex 21.45287474244833 4.626965172588825 0
      vertex 21.426584772765636 4.536474511027336 3
    endloop
  endfacet
  facet normal -0.9408807755099763 0.3387379020359927 0
    outer loop
      vertex 21.394664727151394 4.447813168168068 0
      vertex 21.394664727151394 4.447813168168068 3
      vertex 21.426584772765636 4.536474511027336 0
    endloop
  endfacet
  facet normal -0.9408807755099763 0.3387379020359927 0
    outer loop
      vertex 21.426584772765636 4.536474511027336 3
      vertex 21.426584772765636 4.536474511027336 0
      vertex 21.394664727151394 4.447813168168068 3
    endloop
  endfacet
  facet normal -0.9177546361640466 0.3971478664167774 0
    outer loop
      vertex 21.357240580022335 4.361331060528755 0
      vertex 21.357240580022335 4.361331060528755 3
      vertex 21.394664727151394 4.447813168168068 0
    endloop
  endfacet
  facet normal -0.9177546361640466 0.3971478664167774 0
    outer loop
      vertex 21.394664727151394 4.447813168168068 3
      vertex 21.394664727151394 4.447813168168068 0
      vertex 21.357240580022335 4.361331060528755 3
    endloop
  endfacet
  facet normal -0.8910064934267663 0.453990560112584 0
    outer loop
      vertex 21.314460016787052 4.277369491755962 0
      vertex 21.314460016787052 4.277369491755962 3
      vertex 21.357240580022335 4.361331060528755 0
    endloop
  endfacet
  facet normal -0.8910064934267663 0.453990560112584 0
    outer loop
      vertex 21.357240580022335 4.361331060528755 3
      vertex 21.357240580022335 4.361331060528755 0
      vertex 21.314460016787052 4.277369491755962 3
    endloop
  endfacet
  facet normal -0.8607420676729967 0.5090413469827522 0
    outer loop
      vertex 21.266491889953613 4.196259804069996 0
      vertex 21.266491889953613 4.196259804069996 3
      vertex 21.314460016787052 4.277369491755962 0
    endloop
  endfacet
  facet normal -0.8607420676729967 0.5090413469827522 0
    outer loop
      vertex 21.314460016787052 4.277369491755962 3
      vertex 21.314460016787052 4.277369491755962 0
      vertex 21.266491889953613 4.196259804069996 3
    endloop
  endfacet
  facet normal -0.8270805496986764 0.5620834140144462 0
    outer loop
      vertex 21.213525488972664 4.118322119116783 0
      vertex 21.213525488972664 4.118322119116783 3
      vertex 21.266491889953613 4.196259804069996 0
    endloop
  endfacet
  facet normal -0.8270805496986764 0.5620834140144462 0
    outer loop
      vertex 21.266491889953613 4.196259804069996 3
      vertex 21.266491889953613 4.196259804069996 0
      vertex 21.213525488972664 4.118322119116783 3
    endloop
  endfacet
  facet normal -0.7901550204270126 0.6129070432732744 0
    outer loop
      vertex 21.155769862234592 4.043864011764526 0
      vertex 21.155769862234592 4.043864011764526 3
      vertex 21.213525488972664 4.118322119116783 0
    endloop
  endfacet
  facet normal -0.7901550204270126 0.6129070432732744 0
    outer loop
      vertex 21.213525488972664 4.118322119116783 3
      vertex 21.213525488972664 4.118322119116783 0
      vertex 21.155769862234592 4.043864011764526 3
    endloop
  endfacet
  facet normal -0.7501110494659154 0.6613118881958368 0
    outer loop
      vertex 21.09345293790102 3.973179340362549 0
      vertex 21.09345293790102 3.973179340362549 3
      vertex 21.155769862234592 4.043864011764526 0
    endloop
  endfacet
  facet normal -0.7501110494659154 0.6613118881958368 0
    outer loop
      vertex 21.155769862234592 4.043864011764526 3
      vertex 21.155769862234592 4.043864011764526 0
      vertex 21.09345293790102 3.973179340362549 3
    endloop
  endfacet
  facet normal -0.7071067811865475 0.7071067811865475 0
    outer loop
      vertex 21.02682065963745 3.90654706209898 0
      vertex 21.02682065963745 3.90654706209898 3
      vertex 21.09345293790102 3.973179340362549 0
    endloop
  endfacet
  facet normal -0.7071067811865475 0.7071067811865475 0
    outer loop
      vertex 21.09345293790102 3.973179340362549 3
      vertex 21.09345293790102 3.973179340362549 0
      vertex 21.02682065963745 3.90654706209898 3
    endloop
  endfacet
  facet normal -0.6613118881958368 0.7501110494659154 0
    outer loop
      vertex 20.956135988235474 3.8442301377654076 0
      vertex 20.956135988235474 3.8442301377654076 3
      vertex 21.02682065963745 3.90654706209898 0
    endloop
  endfacet
  facet normal -0.6613118881958368 0.7501110494659154 0
    outer loop
      vertex 21.02682065963745 3.90654706209898 3
      vertex 21.02682065963745 3.90654706209898 0
      vertex 20.956135988235474 3.8442301377654076 3
    endloop
  endfacet
  facet normal -0.6129070432732744 0.7901550204270126 0
    outer loop
      vertex 20.881677880883217 3.786474511027336 0
      vertex 20.881677880883217 3.786474511027336 3
      vertex 20.956135988235474 3.8442301377654076 0
    endloop
  endfacet
  facet normal -0.6129070432732744 0.7901550204270126 0
    outer loop
      vertex 20.956135988235474 3.8442301377654076 3
      vertex 20.956135988235474 3.8442301377654076 0
      vertex 20.881677880883217 3.786474511027336 3
    endloop
  endfacet
  facet normal -0.5620834140144462 0.8270805496986764 0
    outer loop
      vertex 20.803740195930004 3.7335081100463867 0
      vertex 20.803740195930004 3.7335081100463867 3
      vertex 20.881677880883217 3.786474511027336 0
    endloop
  endfacet
  facet normal -0.5620834140144462 0.8270805496986764 0
    outer loop
      vertex 20.881677880883217 3.786474511027336 3
      vertex 20.881677880883217 3.786474511027336 0
      vertex 20.803740195930004 3.7335081100463867 3
    endloop
  endfacet
  facet normal -0.5090413469827522 0.8607420676729967 0
    outer loop
      vertex 20.722630508244038 3.685539983212948 0
      vertex 20.722630508244038 3.685539983212948 3
      vertex 20.803740195930004 3.7335081100463867 0
    endloop
  endfacet
  facet normal -0.5090413469827522 0.8607420676729967 0
    outer loop
      vertex 20.803740195930004 3.7335081100463867 3
      vertex 20.803740195930004 3.7335081100463867 0
      vertex 20.722630508244038 3.685539983212948 3
    endloop
  endfacet
  facet normal -0.453990560112584 0.8910064934267663 0
    outer loop
      vertex 20.638668939471245 3.642759419977665 0
      vertex 20.638668939471245 3.642759419977665 3
      vertex 20.722630508244038 3.685539983212948 0
    endloop
  endfacet
  facet normal -0.453990560112584 0.8910064934267663 0
    outer loop
      vertex 20.722630508244038 3.685539983212948 3
      vertex 20.722630508244038 3.685539983212948 0
      vertex 20.638668939471245 3.642759419977665 3
    endloop
  endfacet
  facet normal -0.3971478664167774 0.9177546361640466 0
    outer loop
      vertex 20.552186831831932 3.605335272848606 0
      vertex 20.552186831831932 3.605335272848606 3
      vertex 20.638668939471245 3.642759419977665 0
    endloop
  endfacet
  facet normal -0.3971478664167774 0.9177546361640466 0
    outer loop
      vertex 20.638668939471245 3.642759419977665 3
      vertex 20.638668939471245 3.642759419977665 0
      vertex 20.552186831831932 3.605335272848606 3
    endloop
  endfacet
  facet normal -0.3387379020359927 0.9408807755099763 0
    outer loop
      vertex 20.463525488972664 3.5734152272343636 0
      vertex 20.463525488972664 3.5734152272343636 3
      vertex 20.552186831831932 3.605335272848606 0
    endloop
  endfacet
  facet normal -0.3387379020359927 0.9408807755099763 0
    outer loop
      vertex 20.552186831831932 3.605335272848606 3
      vertex 20.552186831831932 3.605335272848606 0
      vertex 20.463525488972664 3.5734152272343636 3
    endloop
  endfacet
  facet normal -0.2789911277216675 0.9602936793776121 0
    outer loop
      vertex 20.373034827411175 3.54712525755167 0
      vertex 20.373034827411175 3.54712525755167 3
      vertex 20.463525488972664 3.5734152272343636 0
    endloop
  endfacet
  facet normal -0.2789911277216675 0.9602936793776121 0
    outer loop
      vertex 20.463525488972664 3.5734152272343636 3
      vertex 20.463525488972664 3.5734152272343636 0
      vertex 20.373034827411175 3.54712525755167 3
    endloop
  endfacet
  facet normal -0.21814326695326391 0.975916756226143 0
    outer loop
      vertex 20.281071968376637 3.5265691205859184 0
      vertex 20.281071968376637 3.5265691205859184 3
      vertex 20.373034827411175 3.54712525755167 0
    endloop
  endfacet
  facet normal -0.21814326695326391 0.975916756226143 0
    outer loop
      vertex 20.373034827411175 3.54712525755167 3
      vertex 20.373034827411175 3.54712525755167 0
      vertex 20.281071968376637 3.5265691205859184 3
    endloop
  endfacet
  facet normal -0.1564344631231799 0.9876883408987689 0
    outer loop
      vertex 20.187999852001667 3.5118279457092285 0
      vertex 20.187999852001667 3.5118279457092285 3
      vertex 20.281071968376637 3.5265691205859184 0
    endloop
  endfacet
  facet normal -0.1564344631231799 0.9876883408987689 0
    outer loop
      vertex 20.281071968376637 3.5265691205859184 3
      vertex 20.281071968376637 3.5265691205859184 0
      vertex 20.187999852001667 3.5118279457092285 3
    endloop
  endfacet
  facet normal -0.09410828819222697 0.9955619669782131 0
    outer loop
      vertex 20.094185777008533 3.502959907054901 0
      vertex 20.094185777008533 3.502959907054901 3
      vertex 20.187999852001667 3.5118279457092285 0
    endloop
  endfacet
  facet normal -0.09410828819222697 0.9955619669782131 0
    outer loop
      vertex 20.187999852001667 3.5118279457092285 3
      vertex 20.187999852001667 3.5118279457092285 0
      vertex 20.094185777008533 3.502959907054901 3
    endloop
  endfacet
  facet normal -0.03141075663054849 0.9995065604426497 0
    outer loop
      vertex 20 3.5 0
      vertex 20 3.5 3
      vertex 20.094185777008533 3.502959907054901 0
    endloop
  endfacet
  facet normal -0.03141075663054849 0.9995065604426497 0
    outer loop
      vertex 20.094185777008533 3.502959907054901 3
      vertex 20.094185777008533 3.502959907054901 0
      vertex 20 3.5 3
    endloop
  endfacet
  facet normal 0.03141075663054849 0.9995065604426497 0
    outer loop
      vertex 19.905814222991467 3.502959907054901 0
      vertex 19.905814222991467 3.502959907054901 3
      vertex 20 3.5 0
    endloop
  endfacet
  facet normal 0.03141075663054849 0.9995065604426497 0
    outer loop
      vertex 20 3.5 3
      vertex 20 3.5 0
      vertex 19.905814222991467 3.502959907054901 3
    endloop
  endfacet
  facet normal 0 0 -1
    outer loop
      vertex 6.5 5 0
      vertex 18.5 5 0
      vertex 18.5029599070549 4.9058142229914665 0
    endloop
  endfacet
  facet normal 0 0 -1
    outer loop
      vertex 6.497040092945099 4.9058142229914665 0
      vertex 6.5 5 0
      vertex 18.5029599070549 4.9058142229914665 0
    endloop
  endfacet
  facet normal 0 0 -1
    outer loop
      vertex 18.5 5 0
      vertex 6.5 5 0
      vertex 6.497040092945099 5.0941857770085335 0
    endloop
  endfacet
  facet normal 0 0 -1
    outer loop
      vertex 18.5029599070549 5.0941857770085335 0
      vertex 18.5 5 0
      vertex 6.497040092945099 5.0941857770085335 0
    endloop
  endfacet
  facet normal 0 0 -1
    outer loop
      vertex 6.5 20 0
      vertex 18.5 20 0
      vertex 18.5029599070549 19.905814222991467 0
    endloop
  endfacet
  facet normal 0 0 -1
    outer loop
      vertex 6.497040092945099 19.905814222991467 0
      vertex 6.5 20 0
      vertex 18.5029599070549 19.905814222991467 0
    endloop
  endfacet
  facet normal 0 0 -1
    outer loop
      vertex 18.5 20 0
      vertex 6.5 20 0
      vertex 6.497040092945099 20.094185777008533 0
    endloop
  endfacet
  facet normal 0 0 -1
    outer loop
      vertex 18.5029599070549 20.094185777008533 0
      vertex 18.5 20 0
      vertex 6.497040092945099 20.094185777008533 0
    endloop
  endfacet
  facet normal 0 0 -1
    outer loop
      vertex 6.497040092945099 4.9058142229914665 0
      vertex 18.5029599070549 4.9058142229914665 0
      vertex 18.51182794570923 4.812000147998333 0
    endloop
  endfacet
  facet normal 0 0 -1
    outer loop
      vertex 6.4881720542907715 4.812000147998333 0
      vertex 6.497040092945099 4.9058142229914665 0
      vertex 18.51182794570923 4.812000147998333 0
    endloop
  endfacet
  facet normal 0 0 -1
    outer loop
      vertex 18.5029599070549 5.0941857770085335 0
      vertex 6.497040092945099 5.0941857770085335 0
      vertex 6.4881720542907715 5.187999852001667 0
    endloop
  endfacet
  facet normal 0 0 -1
    outer loop
      vertex 18.51182794570923 5.187999852001667 0
      vertex 18.5029599070549 5.0941857770085335 0
      vertex 6.4881720542907715 5.187999852001667 0
    endloop
  endfacet
  facet normal 0 0 -1
    outer loop
      vertex 6.497040092945099 19.905814222991467 0
      vertex 18.5029599070549 19.905814222991467 0
      vertex 18.51182794570923 19.812000147998333 0
    endloop
  endfacet
  facet normal 0 0 -1
    outer loop
      vertex 6.4881720542907715 19.812000147998333 0
      vertex 6.497040092945099 19.905814222991467 0
      vertex 18.51182794570923 19.812000147998333 0
    endloop
  endfacet
  facet normal 0 0 -1
    outer loop
      vertex 18.5029599070549 20.094185777008533 0
      vertex 6.497040092945099 20.094185777008533 0
      vertex 6.4881720542907715 20.187999852001667 0
    endloop
  endfacet
  facet normal 0 0 -1
    outer loop
      vertex 18.51182794570923 20.187999852001667 0
      vertex 18.5029599070549 20.094185777008533 0
      vertex 6.4881720542907715 20.187999852001667 0
    endloop
  endfacet
  facet normal 0 0 -1
    outer loop
      vertex 6.4881720542907715 4.812000147998333 0
      vertex 18.51182794570923 4.812000147998333 0
      vertex 18.52656912058592 4.7189280316233635 0
    endloop
  endfacet
  facet normal 0 0 -1
    outer loop
      vertex 6.473430879414082 4.7189280316233635 0
      vertex 6.4881720542907715 4.812000147998333 0
      vertex 18.52656912058592 4.7189280316233635 0
    endloop
  endfacet
  facet normal 0 0 -1
    outer loop
      vertex 18.51182794570923 5.187999852001667 0
      vertex 6.4881720542907715 5.187999852001667 0
      vertex 6.473430879414082 5.2810719683766365 0
    endloop
  endfacet
  facet normal 0 0 -1
    outer loop
      vertex 18.52656912058592 5.2810719683766365 0
      vertex 18.51182794570923 5.187999852001667 0
      vertex 6.473430879414082 5.2810719683766365 0
    endloop
  endfacet
  facet normal 0 0 -1
    outer loop
      vertex 6.4881720542907715 19.812000147998333 0
      vertex 18.51182794570923 19.812000147998333 0
      vertex 18.52656912058592 19.718928031623363 0
    endloop
  endfacet
  facet normal 0 0 -1
    outer loop
      vertex 6.473430879414082 19.718928031623363 0
      vertex 6.4881720542907715 19.812000147998333 0
      vertex 18.52656912058592 19.718928031623363 0
    endloop
  endfacet
  facet normal 0 0 -1
    outer loop
      vertex 18.51182794570923 20.187999852001667 0
      vertex 6.4881720542907715 20.187999852001667 0
      vertex 6.473430879414082 20.281071968376637 0
    endloop
  endfacet
  facet normal 0 0 -1
    outer loop
      vertex 18.52656912058592 20.281071968376637 0
      vertex 18.51182794570923 20.187999852001667 0
      vertex 6.473430879414082 20.281071968376637 0
    endloop
  endfacet
  facet normal 0 0 -1
    outer loop
      vertex 6.473430879414082 4.7189280316233635 0
      vertex 18.52656912058592 4.7189280316233635 0
      vertex 18.54712525755167 4.626965172588825 0
    endloop
  endfacet
  facet normal 0 0 -1
    outer loop
      vertex 6.45287474244833 4.626965172588825 0
      vertex 6.473430879414082 4.7189280316233635 0
      vertex 18.54712525755167 4.626965172588825 0
    endloop
  endfacet
  facet normal 0 0 -1
    outer loop
      vertex 18.52656912058592 5.2810719683766365 0
      vertex 6.473430879414082 5.2810719683766365 0
      vertex 6.45287474244833 5.373034827411175 0
    endloop
  endfacet
  facet normal 0 0 -1
    outer loop
      vertex 18.54712525755167 5.373034827411175 0
      vertex 18.52656912058592 5.2810719683766365 0
      vertex 6.45287474244833 5.373034827411175 0
    endloop
  endfacet
  facet normal 0 0 -1
    outer loop
      vertex 6.473430879414082 19.718928031623363 0
      vertex 18.52656912058592 19.718928031623363 0
      vertex 18.54712525755167 19.626965172588825 0
    endloop
  endfacet
  facet normal 0 0 -1
    outer loop
      vertex 6.45287474244833 19.626965172588825 0
      vertex 6.473430879414082 19.718928031623363 0
      vertex 18.54712525755167 19.626965172588825 0
    endloop
  endfacet
  facet normal 0 0 -1
    outer loop
      vertex 18.52656912058592 20.281071968376637 0
      vertex 6.473430879414082 20.281071968376637 0
      vertex 6.45287474244833 20.373034827411175 0
    endloop
  endfacet
  facet normal 0 0 -1
    outer loop
      vertex 18.54712525755167 20.373034827411175 0
      vertex 18.52656912058592 20.281071968376637 0
      vertex 6.45287474244833 20.373034827411175 0
    endloop
  endfacet
  facet normal 0 0 -1
    outer loop
      vertex 21.4970400929451 4.9058142229914665 0
      vertex 21.5 5 0
      vertex 25 0 0
    endloop
  endfacet
  facet normal 0 0 -1
    outer loop
      vertex 21.48817205429077 4.812000147998333 0
      vertex 21.4970400929451 4.9058142229914665 0
      vertex 25 0 0
    endloop
  endfacet
  facet normal 0 0 -1
    outer loop
      vertex 21.47343087941408 4.7189280316233635 0
      vertex 21.48817205429077 4.812000147998333 0
      vertex 25 0 0
    endloop
  endfacet
  facet normal 0 0 -1
    outer loop
      vertex 21.45287474244833 4.626965172588825 0
      vertex 21.47343087941408 4.7189280316233635 0
      vertex 25 0 0
    endloop
  endfacet
  facet normal 0 0 -1
    outer loop
      vertex 21.426584772765636 4.536474511027336 0
      vertex 21.45287474244833 4.626965172588825 0
      vertex 25 0 0
    endloop
  endfacet
  facet normal 0 0 -1
    outer loop
      vertex 21.394664727151394 4.447813168168068 0
      vertex 21.426584772765636 4.536474511027336 0
      vertex 25 0 0
    endloop
  endfacet
  facet normal 0 0 -1
    outer loop
      vertex 21.357240580022335 4.361331060528755 0
      vertex 21.394664727151394 4.447813168168068 0
      vertex 25 0 0
    endloop
  endfacet
  facet normal 0 0 -1
    outer loop
      vertex 21.314460016787052 4.277369491755962 0
      vertex 21.357240580022335 4.361331060528755 0
      vertex 25 0 0
    endloop
  endfacet
  facet normal 0 0 -1
    outer loop
      vertex 21.266491889953613 4.196259804069996 0
      vertex 21.314460016787052 4.277369491755962 0
      vertex 25 0 0
    endloop
  endfacet
  facet normal 0 0 -1
    outer loop
      vertex 21.213525488972664 4.118322119116783 0
      vertex 21.266491889953613 4.196259804069996 0
      vertex 25 0 0
    endloop
  endfacet
  facet normal 0 0 -1
    outer loop
      vertex 21.155769862234592 4.043864011764526 0
      vertex 21.213525488972664 4.118322119116783 0
      vertex 25 0 0
    endloop
  endfacet
  facet normal 0 0 -1
    outer loop
      vertex 21.09345293790102 3.973179340362549 0
      vertex 21.155769862234592 4.043864011764526 0
      vertex 25 0 0
    endloop
  endfacet
  facet normal 0 0 -1
    outer loop
      vertex 21.02682065963745 3.90654706209898 0
      vertex 21.09345293790102 3.973179340362549 0
      vertex 25 0 0
    endloop
  endfacet
  facet normal 0 0 -1
    outer loop
      vertex 20.956135988235474 3.8442301377654076 0
      vertex 21.02682065963745 3.90654706209898 0
      vertex 25 0 0
    endloop
  endfacet
  facet normal 0 0 -1
    outer loop
      vertex 20.881677880883217 3.786474511027336 0
      vertex 20.956135988235474 3.8442301377654076 0
      vertex 25 0 0
    endloop
  endfacet
  facet normal 0 0 -1
    outer loop
      vertex 20.803740195930004 3.7335081100463867 0
      vertex 20.881677880883217 3.786474511027336 0
      vertex 25 0 0
    endloop
  endfacet
  facet normal 0 0 -1
    outer loop
      vertex 25 25 0
      vertex 21.5 20 0
      vertex 21.4970400929451 20.094185777008533 0
    endloop
  endfacet
  facet normal 0 0 -1
    outer loop
      vertex 25 25 0
      vertex 21.4970400929451 20.094185777008533 0
      vertex 21.48817205429077 20.187999852001667 0
    endloop
  endfacet
  facet normal 0 0 -1
    outer loop
      vertex 25 25 0
      vertex 21.48817205429077 20.187999852001667 0
      vertex 21.47343087941408 20.281071968376637 0
    endloop
  endfacet
  facet normal 0 0 -1
    outer loop
      vertex 25 25 0
      vertex 21.47343087941408 20.281071968376637 0
      vertex 21.45287474244833 20.373034827411175 0
    endloop
  endfacet
  facet normal 0 0 -1
    outer loop
      vertex 25 25 0
      vertex 21.45287474244833 20.373034827411175 0
      vertex 21.426584772765636 20.463525488972664 0
    endloop
  endfacet
  facet normal 0 0 -1
    outer loop
      vertex 25 25 0
      vertex 21.426584772765636 20.463525488972664 0
      vertex 21.394664727151394 20.552186831831932 0
    endloop
  endfacet
  facet normal 0 0 -1
    outer loop
      vertex 25 25 0
      vertex 21.394664727151394 20.552186831831932 0
      vertex 21.357240580022335 20.638668939471245 0
    endloop
  endfacet
  facet normal 0 0 -1
    outer loop
      vertex 25 25 0
      vertex 21.357240580022335 20.638668939471245 0
      vertex 21.314460016787052 20.722630508244038 0
    endloop
  endfacet
  facet normal 0 0 -1
    outer loop
      vertex 25 25 0
      vertex 21.314460016787052 20.722630508244038 0
      vertex 21.266491889953613 20.803740195930004 0
    endloop
  endfacet
  facet normal 0 0 -1
    outer loop
      vertex 25 25 0
      vertex 21.266491889953613 20.803740195930004 0
      vertex 21.213525488972664 20.881677880883217 0
    endloop
  endfacet
  facet normal 0 0 -1
    outer loop
      vertex 25 25 0
      vertex 21.213525488972664 20.881677880883217 0
      vertex 21.155769862234592 20.956135988235474 0
    endloop
  endfacet
  facet normal 0 0 -1
    outer loop
      vertex 25 25 0
      vertex 21.155769862234592 20.956135988235474 0
      vertex 21.09345293790102 21.02682065963745 0
    endloop
  endfacet
  facet normal 0 0 -1
    outer loop
      vertex 25 25 0
      vertex 21.09345293790102 21.02682065963745 0
      vertex 21.02682065963745 21.09345293790102 0
    endloop
  endfacet
  facet normal 0 0 -1
    outer loop
      vertex 25 25 0
      vertex 21.02682065963745 21.09345293790102 0
      vertex 20.956135988235474 21.155769862234592 0
    endloop
  endfacet
  facet normal 0 0 -1
    outer loop
      vertex 25 25 0
      vertex 20.956135988235474 21.155769862234592 0
      vertex 20.881677880883217 21.213525488972664 0
    endloop
  endfacet
  facet normal 0 0 -1
    outer loop
      vertex 25 25 0
      vertex 20.881677880883217 21.213525488972664 0
      vertex 20.803740195930004 21.266491889953613 0
    endloop
  endfacet
  facet normal 0 0 -1
    outer loop
      vertex 6.45287474244833 4.626965172588825 0
      vertex 18.54712525755167 4.626965172588825 0
      vertex 18.573415227234364 4.536474511027336 0
    endloop
  endfacet
  facet normal 0 0 -1
    outer loop
      vertex 6.4265847727656364 4.536474511027336 0
      vertex 6.45287474244833 4.626965172588825 0
      vertex 18.573415227234364 4.536474511027336 0
    endloop
  endfacet
  facet normal 0 0 -1
    outer loop
      vertex 18.54712525755167 5.373034827411175 0
      vertex 6.45287474244833 5.373034827411175 0
      vertex 6.4265847727656364 5.463525488972664 0
    endloop
  endfacet
  facet normal 0 0 -1
    outer loop
      vertex 18.573415227234364 5.463525488972664 0
      vertex 18.54712525755167 5.373034827411175 0
      vertex 6.4265847727656364 5.463525488972664 0
    endloop
  endfacet
  facet normal 0 0 -1
    outer loop
      vertex 6.45287474244833 19.626965172588825 0
      vertex 18.54712525755167 19.626965172588825 0
      vertex 18.573415227234364 19.536474511027336 0
    endloop
  endfacet
  facet normal 0 0 -1
    outer loop
      vertex 6.4265847727656364 19.536474511027336 0
      vertex 6.45287474244833 19.626965172588825 0
      vertex 18.573415227234364 19.536474511027336 0
    endloop
  endfacet
  facet normal 0 0 -1
    outer loop
      vertex 18.54712525755167 20.373034827411175 0
      vertex 6.45287474244833 20.373034827411175 0
      vertex 6.4265847727656364 20.463525488972664 0
    endloop
  endfacet
  facet normal 0 0 -1
    outer loop
      vertex 18.573415227234364 20.463525488972664 0
      vertex 18.54712525755167 20.373034827411175 0
      vertex 6.4265847727656364 20.463525488972664 0
    endloop
  endfacet
  facet normal 0 0 -1
    outer loop
      vertex 20.722630508244038 3.685539983212948 0
      vertex 20.803740195930004 3.7335081100463867 0
      vertex 25 0 0
    endloop
  endfacet
  facet normal 0 0 -1
    outer loop
      vertex 25 25 0
      vertex 20.803740195930004 21.266491889953613 0
      vertex 20.722630508244038 21.314460016787052 0
    endloop
  endfacet
  facet normal 0 0 -1
    outer loop
      vertex 6.4265847727656364 4.536474511027336 0
      vertex 18.573415227234364 4.536474511027336 0
      vertex 18.605335272848606 4.447813168168068 0
    endloop
  endfacet
  facet normal 0 0 -1
    outer loop
      vertex 6.394664727151394 4.447813168168068 0
      vertex 6.4265847727656364 4.536474511027336 0
      vertex 18.605335272848606 4.447813168168068 0
    endloop
  endfacet
  facet normal 0 0 -1
    outer loop
      vertex 18.573415227234364 5.463525488972664 0
      vertex 6.4265847727656364 5.463525488972664 0
      vertex 6.394664727151394 5.552186831831932 0
    endloop
  endfacet
  facet normal 0 0 -1
    outer loop
      vertex 18.605335272848606 5.552186831831932 0
      vertex 18.573415227234364 5.463525488972664 0
      vertex 6.394664727151394 5.552186831831932 0
    endloop
  endfacet
  facet normal 0 0 -1
    outer loop
      vertex 6.4265847727656364 19.536474511027336 0
      vertex 18.573415227234364 19.536474511027336 0
      vertex 18.605335272848606 19.447813168168068 0
    endloop
  endfacet
  facet normal 0 0 -1
    outer loop
      vertex 6.394664727151394 19.447813168168068 0
      vertex 6.4265847727656364 19.536474511027336 0
      vertex 18.605335272848606 19.447813168168068 0
    endloop
  endfacet
  facet normal 0 0 -1
    outer loop
      vertex 18.573415227234364 20.463525488972664 0
      vertex 6.4265847727656364 20.463525488972664 0
      vertex 6.394664727151394 20.552186831831932 0
    endloop
  endfacet
  facet normal 0 0 -1
    outer loop
      vertex 18.605335272848606 20.552186831831932 0
      vertex 18.573415227234364 20.463525488972664 0
      vertex 6.394664727151394 20.552186831831932 0
    endloop
  endfacet
  facet normal 0 0 -1
    outer loop
      vertex 20.638668939471245 3.642759419977665 0
      vertex 20.722630508244038 3.685539983212948 0
      vertex 25 0 0
    endloop
  endfacet
  facet normal 0 0 -1
    outer loop
      vertex 25 25 0
      vertex 20.722630508244038 21.314460016787052 0
      vertex 20.638668939471245 21.357240580022335 0
    endloop
  endfacet
  facet normal 0 0 -1
    outer loop
      vertex 6.394664727151394 4.447813168168068 0
      vertex 18.605335272848606 4.447813168168068 0
      vertex 18.642759419977665 4.361331060528755 0
    endloop
  endfacet
  facet normal 0 0 -1
    outer loop
      vertex 6.357240580022335 4.361331060528755 0
      vertex 6.394664727151394 4.447813168168068 0
      vertex 18.642759419977665 4.361331060528755 0
    endloop
  endfacet
  facet normal 0 0 -1
    outer loop
      vertex 18.605335272848606 5.552186831831932 0
      vertex 6.394664727151394 5.552186831831932 0
      vertex 6.357240580022335 5.638668939471245 0
    endloop
  endfacet
  facet normal 0 0 -1
    outer loop
      vertex 18.642759419977665 5.638668939471245 0
      vertex 18.605335272848606 5.552186831831932 0
      vertex 6.357240580022335 5.638668939471245 0
    endloop
  endfacet
  facet normal 0 0 -1
    outer loop
      vertex 6.394664727151394 19.447813168168068 0
      vertex 18.605335272848606 19.447813168168068 0
      vertex 18.642759419977665 19.361331060528755 0
    endloop
  endfacet
  facet normal 0 0 -1
    outer loop
      vertex 6.357240580022335 19.361331060528755 0
      vertex 6.394664727151394 19.447813168168068 0
      vertex 18.642759419977665 19.361331060528755 0
    endloop
  endfacet
  facet normal 0 0 -1
    outer loop
      vertex 18.605335272848606 20.552186831831932 0
      vertex 6.394664727151394 20.552186831831932 0
      vertex 6.357240580022335 20.638668939471245 0
    endloop
  endfacet
  facet normal 0 0 -1
    outer loop
      vertex 18.642759419977665 20.638668939471245 0
      vertex 18.605335272848606 20.552186831831932 0
      vertex 6.357240580022335 20.638668939471245 0
    endloop
  endfacet
  facet normal 0 0 -1
    outer loop
      vertex 20.552186831831932 3.605335272848606 0
      vertex 20.638668939471245 3.642759419977665 0
      vertex 25 0 0
    endloop
  endfacet
  facet normal 0 0 -1
    outer loop
      vertex 25 25 0
      vertex 20.638668939471245 21.357240580022335 0
      vertex 20.552186831831932 21.394664727151394 0
    endloop
  endfacet
  facet normal 0 0 -1
    outer loop
      vertex 6.357240580022335 4.361331060528755 0
      vertex 18.642759419977665 4.361331060528755 0
      vertex 18.685539983212948 4.277369491755962 0
    endloop
  endfacet
  facet normal 0 0 -1
    outer loop
      vertex 6.314460016787052 4.277369491755962 0
      vertex 6.357240580022335 4.361331060528755 0
      vertex 18.685539983212948 4.277369491755962 0
    endloop
  endfacet
  facet normal 0 0 -1
    outer loop
      vertex 18.642759419977665 5.638668939471245 0
      vertex 6.357240580022335 5.638668939471245 0
      vertex 6.314460016787052 5.722630508244038 0
    endloop
  endfacet
  facet normal 0 0 -1
    outer loop
      vertex 18.685539983212948 5.722630508244038 0
      vertex 18.642759419977665 5.638668939471245 0
      vertex 6.314460016787052 5.722630508244038 0
    endloop
  endfacet
  facet normal 0 0 -1
    outer loop
      vertex 6.357240580022335 19.361331060528755 0
      vertex 18.642759419977665 19.361331060528755 0
      vertex 18.685539983212948 19.277369491755962 0
    endloop
  endfacet
  facet normal 0 0 -1
    outer loop
      vertex 6.314460016787052 19.277369491755962 0
      vertex 6.357240580022335 19.361331060528755 0
      vertex 18.685539983212948 19.277369491755962 0
    endloop
  endfacet
  facet normal 0 0 -1
    outer loop
      vertex 18.642759419977665 20.638668939471245 0
      vertex 6.357240580022335 20.638668939471245 0
      vertex 6.314460016787052 20.722630508244038 0
    endloop
  endfacet
  facet normal 0 0 -1
    outer loop
      vertex 18.685539983212948 20.722630508244038 0
      vertex 18.642759419977665 20.638668939471245 0
      vertex 6.314460016787052 20.722630508244038 0
    endloop
  endfacet
  facet normal 0 0 -1
    outer loop
      vertex 6.314460016787052 4.277369491755962 0
      vertex 18.685539983212948 4.277369491755962 0
      vertex 18.733508110046387 4.196259804069996 0
    endloop
  endfacet
  facet normal 0 0 -1
    outer loop
      vertex 6.266491889953613 4.196259804069996 0
      vertex 6.314460016787052 4.277369491755962 0
      vertex 18.733508110046387 4.196259804069996 0
    endloop
  endfacet
  facet normal 0 0 -1
    outer loop
      vertex 18.685539983212948 5.722630508244038 0
      vertex 6.314460016787052 5.722630508244038 0
      vertex 6.266491889953613 5.803740195930004 0
    endloop
  endfacet
  facet normal 0 0 -1
    outer loop
      vertex 18.733508110046387 5.803740195930004 0
      vertex 18.685539983212948 5.722630508244038 0
      vertex 6.266491889953613 5.803740195930004 0
    endloop
  endfacet
  facet normal 0 0 -1
    outer loop
      vertex 6.314460016787052 19.277369491755962 0
      vertex 18.685539983212948 19.277369491755962 0
      vertex 18.733508110046387 19.196259804069996 0
    endloop
  endfacet
  facet normal 0 0 -1
    outer loop
      vertex 6.266491889953613 19.196259804069996 0
      vertex 6.314460016787052 19.277369491755962 0
      vertex 18.733508110046387 19.196259804069996 0
    endloop
  endfacet
  facet normal 0 0 -1
    outer loop
      vertex 18.685539983212948 20.722630508244038 0
      vertex 6.314460016787052 20.722630508244038 0
      vertex 6.266491889953613 20.803740195930004 0
    endloop
  endfacet
  facet normal 0 0 -1
    outer loop
      vertex 18.733508110046387 20.803740195930004 0
      vertex 18.685539983212948 20.722630508244038 0
      vertex 6.266491889953613 20.803740195930004 0
    endloop
  endfacet
  facet normal 0 0 -1
    outer loop
      vertex 20.463525488972664 3.5734152272343636 0
      vertex 20.552186831831932 3.605335272848606 0
      vertex 25 0 0
    endloop
  endfacet
  facet normal 0 0 -1
    outer loop
      vertex 25 25 0
      vertex 20.552186831831932 21.394664727151394 0
      vertex 20.463525488972664 21.426584772765636 0
    endloop
  endfacet
  facet normal 0 0 -1
    outer loop
      vertex 6.266491889953613 4.196259804069996 0
      vertex 18.733508110046387 4.196259804069996 0
      vertex 18.786474511027336 4.118322119116783 0
    endloop
  endfacet
  facet normal 0 0 -1
    outer loop
      vertex 6.213525488972664 4.118322119116783 0
      vertex 6.266491889953613 4.196259804069996 0
      vertex 18.786474511027336 4.118322119116783 0
    endloop
  endfacet
  facet normal 0 0 -1
    outer loop
      vertex 18.733508110046387 5.803740195930004 0
      vertex 6.266491889953613 5.803740195930004 0
      vertex 6.213525488972664 5.881677880883217 0
    endloop
  endfacet
  facet normal 0 0 -1
    outer loop
      vertex 18.786474511027336 5.881677880883217 0
      vertex 18.733508110046387 5.803740195930004 0
      vertex 6.213525488972664 5.881677880883217 0
    endloop
  endfacet
  facet normal 0 0 -1
    outer loop
      vertex 6.266491889953613 19.196259804069996 0
      vertex 18.733508110046387 19.196259804069996 0
      vertex 18.786474511027336 19.118322119116783 0
    endloop
  endfacet
  facet normal 0 0 -1
    outer loop
      vertex 6.213525488972664 19.118322119116783 0
      vertex 6.266491889953613 19.196259804069996 0
      vertex 18.786474511027336 19.118322119116783 0
    endloop
  endfacet
  facet normal 0 0 -1
    outer loop
      vertex 18.733508110046387 20.803740195930004 0
      vertex 6.266491889953613 20.803740195930004 0
      vertex 6.213525488972664 20.881677880883217 0
    endloop
  endfacet
  facet normal 0 0 -1
    outer loop
      vertex 18.786474511027336 20.881677880883217 0
      vertex 18.733508110046387 20.803740195930004 0
      vertex 6.213525488972664 20.881677880883217 0
    endloop
  endfacet
  facet normal 0 0 -1
    outer loop
      vertex 20.373034827411175 3.54712525755167 0
      vertex 20.463525488972664 3.5734152272343636 0
      vertex 25 0 0
    endloop
  endfacet
  facet normal 0 0 -1
    outer loop
      vertex 25 25 0
      vertex 20.463525488972664 21.426584772765636 0
      vertex 20.373034827411175 21.45287474244833 0
    endloop
  endfacet
  facet normal 0 0 -1
    outer loop
      vertex 6.213525488972664 4.118322119116783 0
      vertex 18.786474511027336 4.118322119116783 0
      vertex 18.844230137765408 4.043864011764526 0
    endloop
  endfacet
  facet normal 0 0 -1
    outer loop
      vertex 6.155769862234592 4.043864011764526 0
      vertex 6.213525488972664 4.118322119116783 0
      vertex 18.844230137765408 4.043864011764526 0
    endloop
  endfacet
  facet normal 0 0 -1
    outer loop
      vertex 18.786474511027336 5.881677880883217 0
      vertex 6.213525488972664 5.881677880883217 0
      vertex 6.155769862234592 5.956135988235474 0
    endloop
  endfacet
  facet normal 0 0 -1
    outer loop
      vertex 18.844230137765408 5.956135988235474 0
      vertex 18.786474511027336 5.881677880883217 0
      vertex 6.155769862234592 5.956135988235474 0
    endloop
  endfacet
  facet normal 0 0 -1
    outer loop
      vertex 6.213525488972664 19.118322119116783 0
      vertex 18.786474511027336 19.118322119116783 0
      vertex 18.844230137765408 19.043864011764526 0
    endloop
  endfacet
  facet normal 0 0 -1
    outer loop
      vertex 6.155769862234592 19.043864011764526 0
      vertex 6.213525488972664 19.118322119116783 0
      vertex 18.844230137765408 19.043864011764526 0
    endloop
  endfacet
  facet normal 0 0 -1
    outer loop
      vertex 18.786474511027336 20.881677880883217 0
      vertex 6.213525488972664 20.881677880883217 0
      vertex 6.155769862234592 20.956135988235474 0
    endloop
  endfacet
  facet normal 0 0 -1
    outer loop
      vertex 18.844230137765408 20.956135988235474 0
      vertex 18.786474511027336 20.881677880883217 0
      vertex 6.155769862234592 20.956135988235474 0
    endloop
  endfacet
  facet normal 0 0 -1
    outer loop
      vertex 20.281071968376637 3.5265691205859184 0
      vertex 20.373034827411175 3.54712525755167 0
      vertex 25 0 0
    endloop
  endfacet
  facet normal 0 0 -1
    outer loop
      vertex 25 25 0
      vertex 20.373034827411175 21.45287474244833 0
      vertex 20.281071968376637 21.47343087941408 0
    endloop
  endfacet
  facet normal 0 0 -1
    outer loop
      vertex 6.155769862234592 4.043864011764526 0
      vertex 18.844230137765408 4.043864011764526 0
      vertex 18.90654706209898 3.973179340362549 0
    endloop
  endfacet
  facet normal 0 0 -1
    outer loop
      vertex 6.09345293790102 3.973179340362549 0
      vertex 6.155769862234592 4.043864011764526 0
      vertex 18.90654706209898 3.973179340362549 0
    endloop
  endfacet
  facet normal 0 0 -1
    outer loop
      vertex 18.844230137765408 5.956135988235474 0
      vertex 6.155769862234592 5.956135988235474 0
      vertex 6.09345293790102 6.026820659637451 0
    endloop
  endfacet
  facet normal 0 0 -1
    outer loop
      vertex 18.90654706209898 6.026820659637451 0
      vertex 18.844230137765408 5.956135988235474 0
      vertex 6.09345293790102 6.026820659637451 0
    endloop
  endfacet
  facet normal 0 0 -1
    outer loop
      vertex 6.155769862234592 19.043864011764526 0
      vertex 18.844230137765408 19.043864011764526 0
      vertex 18.90654706209898 18.97317934036255 0
    endloop
  endfacet
  facet normal 0 0 -1
    outer loop
      vertex 6.09345293790102 18.97317934036255 0
      vertex 6.155769862234592 19.043864011764526 0
      vertex 18.90654706209898 18.97317934036255 0
    endloop
  endfacet
  facet normal 0 0 -1
    outer loop
      vertex 18.844230137765408 20.956135988235474 0
      vertex 6.155769862234592 20.956135988235474 0
      vertex 6.09345293790102 21.02682065963745 0
    endloop
  endfacet
  facet normal 0 0 -1
    outer loop
      vertex 18.90654706209898 21.02682065963745 0
      vertex 18.844230137765408 20.956135988235474 0
      vertex 6.09345293790102 21.02682065963745 0
    endloop
  endfacet
  facet normal 0 0 -1
    outer loop
      vertex 20.187999852001667 3.5118279457092285 0
      vertex 20.281071968376637 3.5265691205859184 0
      vertex 25 0 0
    endloop
  endfacet
  facet normal 0 0 -1
    outer loop
      vertex 25 25 0
      vertex 20.281071968376637 21.47343087941408 0
      vertex 20.187999852001667 21.48817205429077 0
    endloop
  endfacet
  facet normal 0 0 -1
    outer loop
      vertex 6.09345293790102 3.973179340362549 0
      vertex 18.90654706209898 3.973179340362549 0
      vertex 18.97317934036255 3.90654706209898 0
    endloop
  endfacet
  facet normal 0 0 -1
    outer loop
      vertex 6.026820659637451 3.90654706209898 0
      vertex 6.09345293790102 3.973179340362549 0
      vertex 18.97317934036255 3.90654706209898 0
    endloop
  endfacet
  facet normal 0 0 -1
    outer loop
      vertex 18.90654706209898 6.026820659637451 0
      vertex 6.09345293790102 6.026820659637451 0
      vertex 6.026820659637451 6.09345293790102 0
    endloop
  endfacet
  facet normal 0 0 -1
    outer loop
      vertex 18.97317934036255 6.09345293790102 0
      vertex 18.90654706209898 6.026820659637451 0
      vertex 6.026820659637451 6.09345293790102 0
    endloop
  endfacet
  facet normal 0 0 -1
    outer loop
      vertex 6.09345293790102 18.97317934036255 0
      vertex 18.90654706209898 18.97317934036255 0
      vertex 18.97317934036255 18.90654706209898 0
    endloop
  endfacet
  facet normal 0 0 -1
    outer loop
      vertex 6.026820659637451 18.90654706209898 0
      vertex 6.09345293790102 18.97317934036255 0
      vertex 18.97317934036255 18.90654706209898 0
    endloop
  endfacet
  facet normal 0 0 -1
    outer loop
      vertex 18.90654706209898 21.02682065963745 0
      vertex 6.09345293790102 21.02682065963745 0
      vertex 6.026820659637451 21.09345293790102 0
    endloop
  endfacet
  facet normal 0 0 -1
    outer loop
      vertex 18.97317934036255 21.09345293790102 0
      vertex 18.90654706209898 21.02682065963745 0
      vertex 6.026820659637451 21.09345293790102 0
    endloop
  endfacet
  facet normal 0 0 -1
    outer loop
      vertex 20.094185777008533 3.502959907054901 0
      vertex 20.187999852001667 3.5118279457092285 0
      vertex 25 0 0
    endloop
  endfacet
  facet normal 0 0 -1
    outer loop
      vertex 25 25 0
      vertex 20.187999852001667 21.48817205429077 0
      vertex 20.094185777008533 21.4970400929451 0
    endloop
  endfacet
  facet normal 0 0 -1
    outer loop
      vertex 6.026820659637451 3.90654706209898 0
      vertex 18.97317934036255 3.90654706209898 0
      vertex 19.043864011764526 3.8442301377654076 0
    endloop
  endfacet
  facet normal 0 0 -1
    outer loop
      vertex 5.956135988235474 3.8442301377654076 0
      vertex 6.026820659637451 3.90654706209898 0
      vertex 19.043864011764526 3.8442301377654076 0
    endloop
  endfacet
  facet normal 0 0 -1
    outer loop
      vertex 18.97317934036255 6.09345293790102 0
      vertex 6.026820659637451 6.09345293790102 0
      vertex 5.956135988235474 6.155769862234592 0
    endloop
  endfacet
  facet normal 0 0 -1
    outer loop
      vertex 19.043864011764526 6.155769862234592 0
      vertex 18.97317934036255 6.09345293790102 0
      vertex 5.956135988235474 6.155769862234592 0
    endloop
  endfacet
  facet normal 0 0 -1
    outer loop
      vertex 6.026820659637451 18.90654706209898 0
      vertex 18.97317934036255 18.90654706209898 0
      vertex 19.043864011764526 18.844230137765408 0
    endloop
  endfacet
  facet normal 0 0 -1
    outer loop
      vertex 5.956135988235474 18.844230137765408 0
      vertex 6.026820659637451 18.90654706209898 0
      vertex 19.043864011764526 18.844230137765408 0
    endloop
  endfacet
  facet normal 0 0 -1
    outer loop
      vertex 18.97317934036255 21.09345293790102 0
      vertex 6.026820659637451 21.09345293790102 0
      vertex 5.956135988235474 21.155769862234592 0
    endloop
  endfacet
  facet normal 0 0 -1
    outer loop
      vertex 19.043864011764526 21.155769862234592 0
      vertex 18.97317934036255 21.09345293790102 0
      vertex 5.956135988235474 21.155769862234592 0
    endloop
  endfacet
  facet normal 0 0 -1
    outer loop
      vertex 5.956135988235474 3.8442301377654076 0
      vertex 19.043864011764526 3.8442301377654076 0
      vertex 19.118322119116783 3.786474511027336 0
    endloop
  endfacet
  facet normal 0 0 -1
    outer loop
      vertex 5.881677880883217 3.786474511027336 0
      vertex 5.956135988235474 3.8442301377654076 0
      vertex 19.118322119116783 3.786474511027336 0
    endloop
  endfacet
  facet normal 0 0 -1
    outer loop
      vertex 19.043864011764526 6.155769862234592 0
      vertex 5.956135988235474 6.155769862234592 0
      vertex 5.881677880883217 6.213525488972664 0
    endloop
  endfacet
  facet normal 0 0 -1
    outer loop
      vertex 19.118322119116783 6.213525488972664 0
      vertex 19.043864011764526 6.155769862234592 0
      vertex 5.881677880883217 6.213525488972664 0
    endloop
  endfacet
  facet normal 0 0 -1
    outer loop
      vertex 5.956135988235474 18.844230137765408 0
      vertex 19.043864011764526 18.844230137765408 0
      vertex 19.118322119116783 18.786474511027336 0
    endloop
  endfacet
  facet normal 0 0 -1
    outer loop
      vertex 5.881677880883217 18.786474511027336 0
      vertex 5.956135988235474 18.844230137765408 0
      vertex 19.118322119116783 18.786474511027336 0
    endloop
  endfacet
  facet normal 0 0 -1
    outer loop
      vertex 19.043864011764526 21.155769862234592 0
      vertex 5.956135988235474 21.155769862234592 0
      vertex 5.881677880883217 21.213525488972664 0
    endloop
  endfacet
  facet normal 0 0 -1
    outer loop
      vertex 19.118322119116783 21.213525488972664 0
      vertex 19.043864011764526 21.155769862234592 0
      vertex 5.881677880883217 21.213525488972664 0
    endloop
  endfacet
  facet normal 0 0 -1
    outer loop
      vertex 20 3.5 0
      vertex 20.094185777008533 3.502959907054901 0
      vertex 25 0 0
    endloop
  endfacet
  facet normal 0 0 -1
    outer loop
      vertex 25 25 0
      vertex 20.094185777008533 21.4970400929451 0
      vertex 20 21.5 0
    endloop
  endfacet
  facet normal 0 0 -1
    outer loop
      vertex 20 3.5 0
      vertex 25 0 0
      vertex 0 0 0
    endloop
  endfacet
  facet normal 0 0 -1
    outer loop
      vertex 0 25 0
      vertex 25 25 0
      vertex 20 21.5 0
    endloop
  endfacet
  facet normal 0 0 -1
    outer loop
      vertex 19.905814222991467 3.502959907054901 0
      vertex 20 3.5 0
      vertex 0 0 0
    endloop
  endfacet
  facet normal 0 0 -1
    outer loop
      vertex 0 25 0
      vertex 20 21.5 0
      vertex 19.905814222991467 21.4970400929451 0
    endloop
  endfacet
  facet normal 0 0 -1
    outer loop
      vertex 19.812000147998333 3.5118279457092285 0
      vertex 19.905814222991467 3.502959907054901 0
      vertex 0 0 0
    endloop
  endfacet
  facet normal 0 0 -1
    outer loop
      vertex 0 25 0
      vertex 19.905814222991467 21.4970400929451 0
      vertex 19.812000147998333 21.48817205429077 0
    endloop
  endfacet
  facet normal 0 0 -1
    outer loop
      vertex 19.718928031623363 3.5265691205859184 0
      vertex 19.812000147998333 3.5118279457092285 0
      vertex 0 0 0
    endloop
  endfacet
  facet normal 0 0 -1
    outer loop
      vertex 0 25 0
      vertex 19.812000147998333 21.48817205429077 0
      vertex 19.718928031623363 21.47343087941408 0
    endloop
  endfacet
  facet normal 0 0 -1
    outer loop
      vertex 19.626965172588825 3.54712525755167 0
      vertex 19.718928031623363 3.5265691205859184 0
      vertex 0 0 0
    endloop
  endfacet
  facet normal 0 0 -1
    outer loop
      vertex 0 25 0
      vertex 19.718928031623363 21.47343087941408 0
      vertex 19.626965172588825 21.45287474244833 0
    endloop
  endfacet
  facet normal 0 0 -1
    outer loop
      vertex 19.536474511027336 3.5734152272343636 0
      vertex 19.626965172588825 3.54712525755167 0
      vertex 0 0 0
    endloop
  endfacet
  facet normal 0 0 -1
    outer loop
      vertex 0 25 0
      vertex 19.626965172588825 21.45287474244833 0
      vertex 19.536474511027336 21.426584772765636 0
    endloop
  endfacet
  facet normal 0 0 -1
    outer loop
      vertex 25 25 0
      vertex 25 0 0
      vertex 21.5 5 0
    endloop
  endfacet
  facet normal 0 0 -1
    outer loop
      vertex 21.5 20 0
      vertex 25 25 0
      vertex 21.5 5 0
    endloop
  endfacet
  facet normal 0 0 -1
    outer loop
      vertex 21.5 20 0
      vertex 21.5 5 0
      vertex 21.4970400929451 5.0941857770085335 0
    endloop
  endfacet
  facet normal 0 0 -1
    outer loop
      vertex 21.4970400929451 19.905814222991467 0
      vertex 21.5 20 0
      vertex 21.4970400929451 5.0941857770085335 0
    endloop
  endfacet
  facet normal 0 0 -1
    outer loop
      vertex 21.4970400929451 19.905814222991467 0
      vertex 21.4970400929451 5.0941857770085335 0
      vertex 21.48817205429077 5.187999852001667 0
    endloop
  endfacet
  facet normal 0 0 -1
    outer loop
      vertex 21.48817205429077 19.812000147998333 0
      vertex 21.4970400929451 19.905814222991467 0
      vertex 21.48817205429077 5.187999852001667 0
    endloop
  endfacet
  facet normal 0 0 -1
    outer loop
      vertex 21.48817205429077 19.812000147998333 0
      vertex 21.48817205429077 5.187999852001667 0
      vertex 21.47343087941408 5.2810719683766365 0
    endloop
  endfacet
  facet normal 0 0 -1
    outer loop
      vertex 21.47343087941408 19.718928031623363 0
      vertex 21.48817205429077 19.812000147998333 0
      vertex 21.47343087941408 5.2810719683766365 0
    endloop
  endfacet
  facet normal 0 0 -1
    outer loop
      vertex 21.47343087941408 19.718928031623363 0
      vertex 21.47343087941408 5.2810719683766365 0
      vertex 21.45287474244833 5.373034827411175 0
    endloop
  endfacet
  facet normal 0 0 -1
    outer loop
      vertex 21.45287474244833 19.626965172588825 0
      vertex 21.47343087941408 19.718928031623363 0
      vertex 21.45287474244833 5.373034827411175 0
    endloop
  endfacet
  facet normal 0 0 -1
    outer loop
      vertex 21.45287474244833 19.626965172588825 0
      vertex 21.45287474244833 5.373034827411175 0
      vertex 21.426584772765636 5.463525488972664 0
    endloop
  endfacet
  facet normal 0 0 -1
    outer loop
      vertex 21.426584772765636 19.536474511027336 0
      vertex 21.45287474244833 19.626965172588825 0
      vertex 21.426584772765636 5.463525488972664 0
    endloop
  endfacet
  facet normal 0 0 -1
    outer loop
      vertex 21.426584772765636 19.536474511027336 0
      vertex 21.426584772765636 5.463525488972664 0
      vertex 21.394664727151394 5.552186831831932 0
    endloop
  endfacet
  facet normal 0 0 -1
    outer loop
      vertex 21.394664727151394 19.447813168168068 0
      vertex 21.426584772765636 19.536474511027336 0
      vertex 21.394664727151394 5.552186831831932 0
    endloop
  endfacet
  facet normal 0 0 -1
    outer loop
      vertex 21.394664727151394 19.447813168168068 0
      vertex 21.394664727151394 5.552186831831932 0
      vertex 21.357240580022335 5.638668939471245 0
    endloop
  endfacet
  facet normal 0 0 -1
    outer loop
      vertex 21.357240580022335 19.361331060528755 0
      vertex 21.394664727151394 19.447813168168068 0
      vertex 21.357240580022335 5.638668939471245 0
    endloop
  endfacet
  facet normal 0 0 -1
    outer loop
      vertex 21.357240580022335 19.361331060528755 0
      vertex 21.357240580022335 5.638668939471245 0
      vertex 21.314460016787052 5.722630508244038 0
    endloop
  endfacet
  facet normal 0 0 -1
    outer loop
      vertex 21.314460016787052 19.277369491755962 0
      vertex 21.357240580022335 19.361331060528755 0
      vertex 21.314460016787052 5.722630508244038 0
    endloop
  endfacet
  facet normal 0 0 -1
    outer loop
      vertex 21.314460016787052 19.277369491755962 0
      vertex 21.314460016787052 5.722630508244038 0
      vertex 21.266491889953613 5.803740195930004 0
    endloop
  endfacet
  facet normal 0 0 -1
    outer loop
      vertex 21.266491889953613 19.196259804069996 0
      vertex 21.314460016787052 19.277369491755962 0
      vertex 21.266491889953613 5.803740195930004 0
    endloop
  endfacet
  facet normal 0 0 -1
    outer loop
      vertex 21.266491889953613 19.196259804069996 0
      vertex 21.266491889953613 5.803740195930004 0
      vertex 21.213525488972664 5.881677880883217 0
    endloop
  endfacet
  facet normal 0 0 -1
    outer loop
      vertex 21.213525488972664 19.118322119116783 0
      vertex 21.266491889953613 19.196259804069996 0
      vertex 21.213525488972664 5.881677880883217 0
    endloop
  endfacet
  facet normal 0 0 -1
    outer loop
      vertex 21.213525488972664 19.118322119116783 0
      vertex 21.213525488972664 5.881677880883217 0
      vertex 21.155769862234592 5.956135988235474 0
    endloop
  endfacet
  facet normal 0 0 -1
    outer loop
      vertex 21.155769862234592 19.043864011764526 0
      vertex 21.213525488972664 19.118322119116783 0
      vertex 21.155769862234592 5.956135988235474 0
    endloop
  endfacet
  facet normal 0 0 -1
    outer loop
      vertex 21.155769862234592 19.043864011764526 0
      vertex 21.155769862234592 5.956135988235474 0
      vertex 21.09345293790102 6.026820659637451 0
    endloop
  endfacet
  facet normal 0 0 -1
    outer loop
      vertex 21.09345293790102 18.97317934036255 0
      vertex 21.155769862234592 19.043864011764526 0
      vertex 21.09345293790102 6.026820659637451 0
    endloop
  endfacet
  facet normal 0 0 -1
    outer loop
      vertex 21.09345293790102 18.97317934036255 0
      vertex 21.09345293790102 6.026820659637451 0
      vertex 21.02682065963745 6.09345293790102 0
    endloop
  endfacet
  facet normal 0 0 -1
    outer loop
      vertex 21.02682065963745 18.90654706209898 0
      vertex 21.09345293790102 18.97317934036255 0
      vertex 21.02682065963745 6.09345293790102 0
    endloop
  endfacet
  facet normal 0 0 -1
    outer loop
      vertex 21.02682065963745 18.90654706209898 0
      vertex 21.02682065963745 6.09345293790102 0
      vertex 20.956135988235474 6.155769862234592 0
    endloop
  endfacet
  facet normal 0 0 -1
    outer loop
      vertex 20.956135988235474 18.844230137765408 0
      vertex 21.02682065963745 18.90654706209898 0
      vertex 20.956135988235474 6.155769862234592 0
    endloop
  endfacet
  facet normal 0 0 -1
    outer loop
      vertex 20.956135988235474 18.844230137765408 0
      vertex 20.956135988235474 6.155769862234592 0
      vertex 20.881677880883217 6.213525488972664 0
    endloop
  endfacet
  facet normal 0 0 -1
    outer loop
      vertex 20.881677880883217 18.786474511027336 0
      vertex 20.956135988235474 18.844230137765408 0
      vertex 20.881677880883217 6.213525488972664 0
    endloop
  endfacet
  facet normal 0 0 -1
    outer loop
      vertex 20.881677880883217 18.786474511027336 0
      vertex 20.881677880883217 6.213525488972664 0
      vertex 20.803740195930004 6.266491889953613 0
    endloop
  endfacet
  facet normal 0 0 -1
    outer loop
      vertex 20.803740195930004 18.733508110046387 0
      vertex 20.881677880883217 18.786474511027336 0
      vertex 20.803740195930004 6.266491889953613 0
    endloop
  endfacet
  facet normal 0 0 -1
    outer loop
      vertex 20.803740195930004 18.733508110046387 0
      vertex 20.803740195930004 6.266491889953613 0
      vertex 20.722630508244038 6.314460016787052 0
    endloop
  endfacet
  facet normal 0 0 -1
    outer loop
      vertex 20.722630508244038 18.685539983212948 0
      vertex 20.803740195930004 18.733508110046387 0
      vertex 20.722630508244038 6.314460016787052 0
    endloop
  endfacet
  facet normal 0 0 -1
    outer loop
      vertex 20.722630508244038 18.685539983212948 0
      vertex 20.722630508244038 6.314460016787052 0
      vertex 20.638668939471245 6.357240580022335 0
    endloop
  endfacet
  facet normal 0 0 -1
    outer loop
      vertex 20.638668939471245 18.642759419977665 0
      vertex 20.722630508244038 18.685539983212948 0
      vertex 20.638668939471245 6.357240580022335 0
    endloop
  endfacet
  facet normal 0 0 -1
    outer loop
      vertex 20.638668939471245 18.642759419977665 0
      vertex 20.638668939471245 6.357240580022335 0
      vertex 20.552186831831932 6.394664727151394 0
    endloop
  endfacet
  facet normal 0 0 -1
    outer loop
      vertex 20.552186831831932 18.605335272848606 0
      vertex 20.638668939471245 18.642759419977665 0
      vertex 20.552186831831932 6.394664727151394 0
    endloop
  endfacet
  facet normal 0 0 -1
    outer loop
      vertex 20.552186831831932 18.605335272848606 0
      vertex 20.552186831831932 6.394664727151394 0
      vertex 20.463525488972664 6.4265847727656364 0
    endloop
  endfacet
  facet normal 0 0 -1
    outer loop
      vertex 20.463525488972664 18.573415227234364 0
      vertex 20.552186831831932 18.605335272848606 0
      vertex 20.463525488972664 6.4265847727656364 0
    endloop
  endfacet
  facet normal 0 0 -1
    outer loop
      vertex 20.463525488972664 18.573415227234364 0
      vertex 20.463525488972664 6.4265847727656364 0
      vertex 20.373034827411175 6.45287474244833 0
    endloop
  endfacet
  facet normal 0 0 -1
    outer loop
      vertex 20.373034827411175 18.54712525755167 0
      vertex 20.463525488972664 18.573415227234364 0
      vertex 20.373034827411175 6.45287474244833 0
    endloop
  endfacet
  facet normal 0 0 -1
    outer loop
      vertex 20.373034827411175 18.54712525755167 0
      vertex 20.373034827411175 6.45287474244833 0
      vertex 20.281071968376637 6.473430879414082 0
    endloop
  endfacet
  facet normal 0 0 -1
    outer loop
      vertex 20.281071968376637 18.52656912058592 0
      vertex 20.373034827411175 18.54712525755167 0
      vertex 20.281071968376637 6.473430879414082 0
    endloop
  endfacet
  facet normal 0 0 -1
    outer loop
      vertex 20.281071968376637 18.52656912058592 0
      vertex 20.281071968376637 6.473430879414082 0
      vertex 20.187999852001667 6.4881720542907715 0
    endloop
  endfacet
  facet normal 0 0 -1
    outer loop
      vertex 20.187999852001667 18.51182794570923 0
      vertex 20.281071968376637 18.52656912058592 0
      vertex 20.187999852001667 6.4881720542907715 0
    endloop
  endfacet
  facet normal 0 0 -1
    outer loop
      vertex 20.187999852001667 18.51182794570923 0
      vertex 20.187999852001667 6.4881720542907715 0
      vertex 20.094185777008533 6.497040092945099 0
    endloop
  endfacet
  facet normal 0 0 -1
    outer loop
      vertex 20.094185777008533 18.5029599070549 0
      vertex 20.187999852001667 18.51182794570923 0
      vertex 20.094185777008533 6.497040092945099 0
    endloop
  endfacet
  facet normal 0 0 -1
    outer loop
      vertex 20.094185777008533 18.5029599070549 0
      vertex 20.094185777008533 6.497040092945099 0
      vertex 20 6.5 0
    endloop
  endfacet
  facet normal 0 0 -1
    outer loop
      vertex 20 18.5 0
      vertex 20.094185777008533 18.5029599070549 0
      vertex 20 6.5 0
    endloop
  endfacet
  facet normal 0 0 -1
    outer loop
      vertex 20 18.5 0
      vertex 20 6.5 0
      vertex 19.905814222991467 6.497040092945099 0
    endloop
  endfacet
  facet normal 0 0 -1
    outer loop
      vertex 19.905814222991467 18.5029599070549 0
      vertex 20 18.5 0
      vertex 19.905814222991467 6.497040092945099 0
    endloop
  endfacet
  facet normal 0 0 -1
    outer loop
      vertex 19.905814222991467 18.5029599070549 0
      vertex 19.905814222991467 6.497040092945099 0
      vertex 19.812000147998333 6.4881720542907715 0
    endloop
  endfacet
  facet normal 0 0 -1
    outer loop
      vertex 19.812000147998333 18.51182794570923 0
      vertex 19.905814222991467 18.5029599070549 0
      vertex 19.812000147998333 6.4881720542907715 0
    endloop
  endfacet
  facet normal 0 0 -1
    outer loop
      vertex 19.812000147998333 18.51182794570923 0
      vertex 19.812000147998333 6.4881720542907715 0
      vertex 19.718928031623363 6.473430879414082 0
    endloop
  endfacet
  facet normal 0 0 -1
    outer loop
      vertex 19.718928031623363 18.52656912058592 0
      vertex 19.812000147998333 18.51182794570923 0
      vertex 19.718928031623363 6.473430879414082 0
    endloop
  endfacet
  facet normal 0 0 -1
    outer loop
      vertex 19.718928031623363 18.52656912058592 0
      vertex 19.718928031623363 6.473430879414082 0
      vertex 19.626965172588825 6.45287474244833 0
    endloop
  endfacet
  facet normal 0 0 -1
    outer loop
      vertex 19.626965172588825 18.54712525755167 0
      vertex 19.718928031623363 18.52656912058592 0
      vertex 19.626965172588825 6.45287474244833 0
    endloop
  endfacet
  facet normal 0 0 -1
    outer loop
      vertex 19.626965172588825 18.54712525755167 0
      vertex 19.626965172588825 6.45287474244833 0
      vertex 19.536474511027336 6.4265847727656364 0
    endloop
  endfacet
  facet normal 0 0 -1
    outer loop
      vertex 19.536474511027336 18.573415227234364 0
      vertex 19.626965172588825 18.54712525755167 0
      vertex 19.536474511027336 6.4265847727656364 0
    endloop
  endfacet
  facet normal 0 0 -1
    outer loop
      vertex 19.536474511027336 18.573415227234364 0
      vertex 19.536474511027336 6.4265847727656364 0
      vertex 19.447813168168068 6.394664727151394 0
    endloop
  endfacet
  facet normal 0 0 -1
    outer loop
      vertex 19.447813168168068 18.605335272848606 0
      vertex 19.536474511027336 18.573415227234364 0
      vertex 19.447813168168068 6.394664727151394 0
    endloop
  endfacet
  facet normal 0 0 -1
    outer loop
      vertex 19.447813168168068 18.605335272848606 0
      vertex 19.447813168168068 6.394664727151394 0
      vertex 19.361331060528755 6.357240580022335 0
    endloop
  endfacet
  facet normal 0 0 -1
    outer loop
      vertex 19.361331060528755 18.642759419977665 0
      vertex 19.447813168168068 18.605335272848606 0
      vertex 19.361331060528755 6.357240580022335 0
    endloop
  endfacet
  facet normal 0 0 -1
    outer loop
      vertex 19.361331060528755 18.642759419977665 0
      vertex 19.361331060528755 6.357240580022335 0
      vertex 19.277369491755962 6.314460016787052 0
    endloop
  endfacet
  facet normal 0 0 -1
    outer loop
      vertex 19.277369491755962 18.685539983212948 0
      vertex 19.361331060528755 18.642759419977665 0
      vertex 19.277369491755962 6.314460016787052 0
    endloop
  endfacet
  facet normal 0 0 -1
    outer loop
      vertex 19.277369491755962 18.685539983212948 0
      vertex 19.277369491755962 6.314460016787052 0
      vertex 19.196259804069996 6.266491889953613 0
    endloop
  endfacet
  facet normal 0 0 -1
    outer loop
      vertex 19.196259804069996 18.733508110046387 0
      vertex 19.277369491755962 18.685539983212948 0
      vertex 19.196259804069996 6.266491889953613 0
    endloop
  endfacet
  facet normal 0 0 -1
    outer loop
      vertex 19.196259804069996 18.733508110046387 0
      vertex 19.196259804069996 6.266491889953613 0
      vertex 19.118322119116783 6.213525488972664 0
    endloop
  endfacet
  facet normal 0 0 -1
    outer loop
      vertex 19.196259804069996 18.733508110046387 0
      vertex 19.118322119116783 6.213525488972664 0
      vertex 5.881677880883217 6.213525488972664 0
    endloop
  endfacet
  facet normal 0 0 -1
    outer loop
      vertex 19.118322119116783 18.786474511027336 0
      vertex 19.196259804069996 18.733508110046387 0
      vertex 5.881677880883217 6.213525488972664 0
    endloop
  endfacet
  facet normal 0 0 -1
    outer loop
      vertex 5.881677880883217 18.786474511027336 0
      vertex 19.118322119116783 18.786474511027336 0
      vertex 5.881677880883217 6.213525488972664 0
    endloop
  endfacet
  facet normal 0 0 -1
    outer loop
      vertex 5.881677880883217 18.786474511027336 0
      vertex 5.881677880883217 6.213525488972664 0
      vertex 5.803740195930004 6.266491889953613 0
    endloop
  endfacet
  facet normal 0 0 -1
    outer loop
      vertex 5.803740195930004 18.733508110046387 0
      vertex 5.881677880883217 18.786474511027336 0
      vertex 5.803740195930004 6.266491889953613 0
    endloop
  endfacet
  facet normal 0 0 -1
    outer loop
      vertex 5.803740195930004 18.733508110046387 0
      vertex 5.803740195930004 6.266491889953613 0
      vertex 5.722630508244038 6.314460016787052 0
    endloop
  endfacet
  facet normal 0 0 -1
    outer loop
      vertex 5.722630508244038 18.685539983212948 0
      vertex 5.803740195930004 18.733508110046387 0
      vertex 5.722630508244038 6.314460016787052 0
    endloop
  endfacet
  facet normal 0 0 -1
    outer loop
      vertex 5.722630508244038 18.685539983212948 0
      vertex 5.722630508244038 6.314460016787052 0
      vertex 5.638668939471245 6.357240580022335 0
    endloop
  endfacet
  facet normal 0 0 -1
    outer loop
      vertex 5.638668939471245 18.642759419977665 0
      vertex 5.722630508244038 18.685539983212948 0
      vertex 5.638668939471245 6.357240580022335 0
    endloop
  endfacet
  facet normal 0 0 -1
    outer loop
      vertex 5.638668939471245 18.642759419977665 0
      vertex 5.638668939471245 6.357240580022335 0
      vertex 5.552186831831932 6.394664727151394 0
    endloop
  endfacet
  facet normal 0 0 -1
    outer loop
      vertex 5.552186831831932 18.605335272848606 0
      vertex 5.638668939471245 18.642759419977665 0
      vertex 5.552186831831932 6.394664727151394 0
    endloop
  endfacet
  facet normal 0 0 -1
    outer loop
      vertex 5.552186831831932 18.605335272848606 0
      vertex 5.552186831831932 6.394664727151394 0
      vertex 5.463525488972664 6.4265847727656364 0
    endloop
  endfacet
  facet normal 0 0 -1
    outer loop
      vertex 5.463525488972664 18.573415227234364 0
      vertex 5.552186831831932 18.605335272848606 0
      vertex 5.463525488972664 6.4265847727656364 0
    endloop
  endfacet
  facet normal 0 0 -1
    outer loop
      vertex 5.463525488972664 18.573415227234364 0
      vertex 5.463525488972664 6.4265847727656364 0
      vertex 5.373034827411175 6.45287474244833 0
    endloop
  endfacet
  facet normal 0 0 -1
    outer loop
      vertex 5.373034827411175 18.54712525755167 0
      vertex 5.463525488972664 18.573415227234364 0
      vertex 5.373034827411175 6.45287474244833 0
    endloop
  endfacet
  facet normal 0 0 -1
    outer loop
      vertex 5.373034827411175 18.54712525755167 0
      vertex 5.373034827411175 6.45287474244833 0
      vertex 5.2810719683766365 6.473430879414082 0
    endloop
  endfacet
  facet normal 0 0 -1
    outer loop
      vertex 5.2810719683766365 18.52656912058592 0
      vertex 5.373034827411175 18.54712525755167 0
      vertex 5.2810719683766365 6.473430879414082 0
    endloop
  endfacet
  facet normal 0 0 -1
    outer loop
      vertex 5.2810719683766365 18.52656912058592 0
      vertex 5.2810719683766365 6.473430879414082 0
      vertex 5.187999852001667 6.4881720542907715 0
    endloop
  endfacet
  facet normal 0 0 -1
    outer loop
      vertex 5.187999852001667 18.51182794570923 0
      vertex 5.2810719683766365 18.52656912058592 0
      vertex 5.187999852001667 6.4881720542907715 0
    endloop
  endfacet
  facet normal 0 0 -1
    outer loop
      vertex 5.187999852001667 18.51182794570923 0
      vertex 5.187999852001667 6.4881720542907715 0
      vertex 5.0941857770085335 6.497040092945099 0
    endloop
  endfacet
  facet normal 0 0 -1
    outer loop
      vertex 5.0941857770085335 18.5029599070549 0
      vertex 5.187999852001667 18.51182794570923 0
      vertex 5.0941857770085335 6.497040092945099 0
    endloop
  endfacet
  facet normal 0 0 -1
    outer loop
      vertex 5.0941857770085335 18.5029599070549 0
      vertex 5.0941857770085335 6.497040092945099 0
      vertex 5 6.5 0
    endloop
  endfacet
  facet normal 0 0 -1
    outer loop
      vertex 5 18.5 0
      vertex 5.0941857770085335 18.5029599070549 0
      vertex 5 6.5 0
    endloop
  endfacet
  facet normal 0 0 -1
    outer loop
      vertex 5 18.5 0
      vertex 5 6.5 0
      vertex 4.9058142229914665 6.497040092945099 0
    endloop
  endfacet
  facet normal 0 0 -1
    outer loop
      vertex 4.9058142229914665 18.5029599070549 0
      vertex 5 18.5 0
      vertex 4.9058142229914665 6.497040092945099 0
    endloop
  endfacet
  facet normal 0 0 -1
    outer loop
      vertex 4.9058142229914665 18.5029599070549 0
      vertex 4.9058142229914665 6.497040092945099 0
      vertex 4.812000147998333 6.4881720542907715 0
    endloop
  endfacet
  facet normal 0 0 -1
    outer loop
      vertex 4.812000147998333 18.51182794570923 0
      vertex 4.9058142229914665 18.5029599070549 0
      vertex 4.812000147998333 6.4881720542907715 0
    endloop
  endfacet
  facet normal 0 0 -1
    outer loop
      vertex 4.812000147998333 18.51182794570923 0
      vertex 4.812000147998333 6.4881720542907715 0
      vertex 4.7189280316233635 6.473430879414082 0
    endloop
  endfacet
  facet normal 0 0 -1
    outer loop
      vertex 4.7189280316233635 18.52656912058592 0
      vertex 4.812000147998333 18.51182794570923 0
      vertex 4.7189280316233635 6.473430879414082 0
    endloop
  endfacet
  facet normal 0 0 -1
    outer loop
      vertex 4.7189280316233635 18.52656912058592 0
      vertex 4.7189280316233635 6.473430879414082 0
      vertex 4.626965172588825 6.45287474244833 0
    endloop
  endfacet
  facet normal 0 0 -1
    outer loop
      vertex 4.626965172588825 18.54712525755167 0
      vertex 4.7189280316233635 18.52656912058592 0
      vertex 4.626965172588825 6.45287474244833 0
    endloop
  endfacet
  facet normal 0 0 -1
    outer loop
      vertex 4.626965172588825 18.54712525755167 0
      vertex 4.626965172588825 6.45287474244833 0
      vertex 4.536474511027336 6.4265847727656364 0
    endloop
  endfacet
  facet normal 0 0 -1
    outer loop
      vertex 4.536474511027336 18.573415227234364 0
      vertex 4.626965172588825 18.54712525755167 0
      vertex 4.536474511027336 6.4265847727656364 0
    endloop
  endfacet
  facet normal 0 0 -1
    outer loop
      vertex 4.536474511027336 18.573415227234364 0
      vertex 4.536474511027336 6.4265847727656364 0
      vertex 4.447813168168068 6.394664727151394 0
    endloop
  endfacet
  facet normal 0 0 -1
    outer loop
      vertex 4.447813168168068 18.605335272848606 0
      vertex 4.536474511027336 18.573415227234364 0
      vertex 4.447813168168068 6.394664727151394 0
    endloop
  endfacet
  facet normal 0 0 -1
    outer loop
      vertex 4.447813168168068 18.605335272848606 0
      vertex 4.447813168168068 6.394664727151394 0
      vertex 4.361331060528755 6.357240580022335 0
    endloop
  endfacet
  facet normal 0 0 -1
    outer loop
      vertex 4.361331060528755 18.642759419977665 0
      vertex 4.447813168168068 18.605335272848606 0
      vertex 4.361331060528755 6.357240580022335 0
    endloop
  endfacet
  facet normal 0 0 -1
    outer loop
      vertex 4.361331060528755 18.642759419977665 0
      vertex 4.361331060528755 6.357240580022335 0
      vertex 4.277369491755962 6.314460016787052 0
    endloop
  endfacet
  facet normal 0 0 -1
    outer loop
      vertex 4.277369491755962 18.685539983212948 0
      vertex 4.361331060528755 18.642759419977665 0
      vertex 4.277369491755962 6.314460016787052 0
    endloop
  endfacet
  facet normal 0 0 -1
    outer loop
      vertex 4.277369491755962 18.685539983212948 0
      vertex 4.277369491755962 6.314460016787052 0
      vertex 4.196259804069996 6.266491889953613 0
    endloop
  endfacet
  facet normal 0 0 -1
    outer loop
      vertex 4.196259804069996 18.733508110046387 0
      vertex 4.277369491755962 18.685539983212948 0
      vertex 4.196259804069996 6.266491889953613 0
    endloop
  endfacet
  facet normal 0 0 -1
    outer loop
      vertex 4.196259804069996 18.733508110046387 0
      vertex 4.196259804069996 6.266491889953613 0
      vertex 4.118322119116783 6.213525488972664 0
    endloop
  endfacet
  facet normal 0 0 -1
    outer loop
      vertex 4.118322119116783 18.786474511027336 0
      vertex 4.196259804069996 18.733508110046387 0
      vertex 4.118322119116783 6.213525488972664 0
    endloop
  endfacet
  facet normal 0 0 -1
    outer loop
      vertex 4.118322119116783 18.786474511027336 0
      vertex 4.118322119116783 6.213525488972664 0
      vertex 4.043864011764526 6.155769862234592 0
    endloop
  endfacet
  facet normal 0 0 -1
    outer loop
      vertex 4.043864011764526 18.844230137765408 0
      vertex 4.118322119116783 18.786474511027336 0
      vertex 4.043864011764526 6.155769862234592 0
    endloop
  endfacet
  facet normal 0 0 -1
    outer loop
      vertex 4.043864011764526 18.844230137765408 0
      vertex 4.043864011764526 6.155769862234592 0
      vertex 3.973179340362549 6.09345293790102 0
    endloop
  endfacet
  facet normal 0 0 -1
    outer loop
      vertex 3.973179340362549 18.90654706209898 0
      vertex 4.043864011764526 18.844230137765408 0
      vertex 3.973179340362549 6.09345293790102 0
    endloop
  endfacet
  facet normal 0 0 -1
    outer loop
      vertex 3.973179340362549 18.90654706209898 0
      vertex 3.973179340362549 6.09345293790102 0
      vertex 3.90654706209898 6.026820659637451 0
    endloop
  endfacet
  facet normal 0 0 -1
    outer loop
      vertex 3.90654706209898 18.97317934036255 0
      vertex 3.973179340362549 18.90654706209898 0
      vertex 3.90654706209898 6.026820659637451 0
    endloop
  endfacet
  facet normal 0 0 -1
    outer loop
      vertex 3.90654706209898 18.97317934036255 0
      vertex 3.90654706209898 6.026820659637451 0
      vertex 3.8442301377654076 5.956135988235474 0
    endloop
  endfacet
  facet normal 0 0 -1
    outer loop
      vertex 3.8442301377654076 19.043864011764526 0
      vertex 3.90654706209898 18.97317934036255 0
      vertex 3.8442301377654076 5.956135988235474 0
    endloop
  endfacet
  facet normal 0 0 -1
    outer loop
      vertex 3.8442301377654076 19.043864011764526 0
      vertex 3.8442301377654076 5.956135988235474 0
      vertex 3.786474511027336 5.881677880883217 0
    endloop
  endfacet
  facet normal 0 0 -1
    outer loop
      vertex 3.786474511027336 19.118322119116783 0
      vertex 3.8442301377654076 19.043864011764526 0
      vertex 3.786474511027336 5.881677880883217 0
    endloop
  endfacet
  facet normal 0 0 -1
    outer loop
      vertex 19.447813168168068 3.605335272848606 0
      vertex 19.536474511027336 3.5734152272343636 0
      vertex 0 0 0
    endloop
  endfacet
  facet normal 0 0 -1
    outer loop
      vertex 0 25 0
      vertex 19.536474511027336 21.426584772765636 0
      vertex 19.447813168168068 21.394664727151394 0
    endloop
  endfacet
  facet normal 0 0 -1
    outer loop
      vertex 19.361331060528755 3.642759419977665 0
      vertex 19.447813168168068 3.605335272848606 0
      vertex 0 0 0
    endloop
  endfacet
  facet normal 0 0 -1
    outer loop
      vertex 0 25 0
      vertex 19.447813168168068 21.394664727151394 0
      vertex 19.361331060528755 21.357240580022335 0
    endloop
  endfacet
  facet normal 0 0 -1
    outer loop
      vertex 19.277369491755962 3.685539983212948 0
      vertex 19.361331060528755 3.642759419977665 0
      vertex 0 0 0
    endloop
  endfacet
  facet normal 0 0 -1
    outer loop
      vertex 0 25 0
      vertex 19.361331060528755 21.357240580022335 0
      vertex 19.277369491755962 21.314460016787052 0
    endloop
  endfacet
  facet normal 0 0 -1
    outer loop
      vertex 19.196259804069996 3.7335081100463867 0
      vertex 19.277369491755962 3.685539983212948 0
      vertex 0 0 0
    endloop
  endfacet
  facet normal 0 0 -1
    outer loop
      vertex 0 25 0
      vertex 19.277369491755962 21.314460016787052 0
      vertex 19.196259804069996 21.266491889953613 0
    endloop
  endfacet
  facet normal 0 0 -1
    outer loop
      vertex 19.118322119116783 3.786474511027336 0
      vertex 19.196259804069996 3.7335081100463867 0
      vertex 0 0 0
    endloop
  endfacet
  facet normal 0 0 -1
    outer loop
      vertex 0 25 0
      vertex 19.196259804069996 21.266491889953613 0
      vertex 19.118322119116783 21.213525488972664 0
    endloop
  endfacet
  facet normal 0 0 -1
    outer loop
      vertex 5.803740195930004 3.7335081100463867 0
      vertex 5.881677880883217 3.786474511027336 0
      vertex 19.118322119116783 3.786474511027336 0
    endloop
  endfacet
  facet normal 0 0 -1
    outer loop
      vertex 5.803740195930004 3.7335081100463867 0
      vertex 19.118322119116783 3.786474511027336 0
      vertex 0 0 0
    endloop
  endfacet
  facet normal 0 0 -1
    outer loop
      vertex 5.722630508244038 3.685539983212948 0
      vertex 5.803740195930004 3.7335081100463867 0
      vertex 0 0 0
    endloop
  endfacet
  facet normal 0 0 -1
    outer loop
      vertex 5.638668939471245 3.642759419977665 0
      vertex 5.722630508244038 3.685539983212948 0
      vertex 0 0 0
    endloop
  endfacet
  facet normal 0 0 -1
    outer loop
      vertex 5.552186831831932 3.605335272848606 0
      vertex 5.638668939471245 3.642759419977665 0
      vertex 0 0 0
    endloop
  endfacet
  facet normal 0 0 -1
    outer loop
      vertex 5.463525488972664 3.5734152272343636 0
      vertex 5.552186831831932 3.605335272848606 0
      vertex 0 0 0
    endloop
  endfacet
  facet normal 0 0 -1
    outer loop
      vertex 5.373034827411175 3.54712525755167 0
      vertex 5.463525488972664 3.5734152272343636 0
      vertex 0 0 0
    endloop
  endfacet
  facet normal 0 0 -1
    outer loop
      vertex 5.2810719683766365 3.5265691205859184 0
      vertex 5.373034827411175 3.54712525755167 0
      vertex 0 0 0
    endloop
  endfacet
  facet normal 0 0 -1
    outer loop
      vertex 5.187999852001667 3.5118279457092285 0
      vertex 5.2810719683766365 3.5265691205859184 0
      vertex 0 0 0
    endloop
  endfacet
  facet normal 0 0 -1
    outer loop
      vertex 5.0941857770085335 3.502959907054901 0
      vertex 5.187999852001667 3.5118279457092285 0
      vertex 0 0 0
    endloop
  endfacet
  facet normal 0 0 -1
    outer loop
      vertex 5 3.5 0
      vertex 5.0941857770085335 3.502959907054901 0
      vertex 0 0 0
    endloop
  endfacet
  facet normal 0 0 -1
    outer loop
      vertex 4.9058142229914665 3.502959907054901 0
      vertex 5 3.5 0
      vertex 0 0 0
    endloop
  endfacet
  facet normal 0 0 -1
    outer loop
      vertex 4.812000147998333 3.5118279457092285 0
      vertex 4.9058142229914665 3.502959907054901 0
      vertex 0 0 0
    endloop
  endfacet
  facet normal 0 0 -1
    outer loop
      vertex 4.7189280316233635 3.5265691205859184 0
      vertex 4.812000147998333 3.5118279457092285 0
      vertex 0 0 0
    endloop
  endfacet
  facet normal 0 0 -1
    outer loop
      vertex 4.626965172588825 3.54712525755167 0
      vertex 4.7189280316233635 3.5265691205859184 0
      vertex 0 0 0
    endloop
  endfacet
  facet normal 0 0 -1
    outer loop
      vertex 4.536474511027336 3.5734152272343636 0
      vertex 4.626965172588825 3.54712525755167 0
      vertex 0 0 0
    endloop
  endfacet
  facet normal 0 0 -1
    outer loop
      vertex 4.447813168168068 3.605335272848606 0
      vertex 4.536474511027336 3.5734152272343636 0
      vertex 0 0 0
    endloop
  endfacet
  facet normal 0 0 -1
    outer loop
      vertex 4.361331060528755 3.642759419977665 0
      vertex 4.447813168168068 3.605335272848606 0
      vertex 0 0 0
    endloop
  endfacet
  facet normal 0 0 -1
    outer loop
      vertex 4.277369491755962 3.685539983212948 0
      vertex 4.361331060528755 3.642759419977665 0
      vertex 0 0 0
    endloop
  endfacet
  facet normal 0 0 -1
    outer loop
      vertex 4.196259804069996 3.7335081100463867 0
      vertex 4.277369491755962 3.685539983212948 0
      vertex 0 0 0
    endloop
  endfacet
  facet normal 0 0 -1
    outer loop
      vertex 4.118322119116783 3.786474511027336 0
      vertex 4.196259804069996 3.7335081100463867 0
      vertex 0 0 0
    endloop
  endfacet
  facet normal 0 0 -1
    outer loop
      vertex 4.043864011764526 3.8442301377654076 0
      vertex 4.118322119116783 3.786474511027336 0
      vertex 0 0 0
    endloop
  endfacet
  facet normal 0 0 -1
    outer loop
      vertex 3.973179340362549 3.90654706209898 0
      vertex 4.043864011764526 3.8442301377654076 0
      vertex 0 0 0
    endloop
  endfacet
  facet normal 0 0 -1
    outer loop
      vertex 3.90654706209898 3.973179340362549 0
      vertex 3.973179340362549 3.90654706209898 0
      vertex 0 0 0
    endloop
  endfacet
  facet normal 0 0 -1
    outer loop
      vertex 3.8442301377654076 4.043864011764526 0
      vertex 3.90654706209898 3.973179340362549 0
      vertex 0 0 0
    endloop
  endfacet
  facet normal 0 0 -1
    outer loop
      vertex 3.786474511027336 4.118322119116783 0
      vertex 3.8442301377654076 4.043864011764526 0
      vertex 0 0 0
    endloop
  endfacet
  facet normal 0 0 -1
    outer loop
      vertex 3.7335081100463867 4.196259804069996 0
      vertex 3.786474511027336 4.118322119116783 0
      vertex 0 0 0
    endloop
  endfacet
  facet normal 0 0 -1
    outer loop
      vertex 3.685539983212948 4.277369491755962 0
      vertex 3.7335081100463867 4.196259804069996 0
      vertex 0 0 0
    endloop
  endfacet
  facet normal 0 0 -1
    outer loop
      vertex 3.642759419977665 4.361331060528755 0
      vertex 3.685539983212948 4.277369491755962 0
      vertex 0 0 0
    endloop
  endfacet
  facet normal 0 0 -1
    outer loop
      vertex 3.605335272848606 4.447813168168068 0
      vertex 3.642759419977665 4.361331060528755 0
      vertex 0 0 0
    endloop
  endfacet
  facet normal 0 0 -1
    outer loop
      vertex 3.5734152272343636 4.536474511027336 0
      vertex 3.605335272848606 4.447813168168068 0
      vertex 0 0 0
    endloop
  endfacet
  facet normal 0 0 -1
    outer loop
      vertex 3.54712525755167 4.626965172588825 0
      vertex 3.5734152272343636 4.536474511027336 0
      vertex 0 0 0
    endloop
  endfacet
  facet normal 0 0 -1
    outer loop
      vertex 3.5265691205859184 4.7189280316233635 0
      vertex 3.54712525755167 4.626965172588825 0
      vertex 0 0 0
    endloop
  endfacet
  facet normal 0 0 -1
    outer loop
      vertex 3.5118279457092285 4.812000147998333 0
      vertex 3.5265691205859184 4.7189280316233635 0
      vertex 0 0 0
    endloop
  endfacet
  facet normal 0 0 -1
    outer loop
      vertex 3.502959907054901 4.9058142229914665 0
      vertex 3.5118279457092285 4.812000147998333 0
      vertex 0 0 0
    endloop
  endfacet
  facet normal 0 0 -1
    outer loop
      vertex 3.502959907054901 4.9058142229914665 0
      vertex 0 0 0
      vertex 0 25 0
    endloop
  endfacet
  facet normal 0 0 -1
    outer loop
      vertex 3.5 5 0
      vertex 3.502959907054901 4.9058142229914665 0
      vertex 0 25 0
    endloop
  endfacet
  facet normal 0 0 -1
    outer loop
      vertex 3.502959907054901 5.0941857770085335 0
      vertex 3.5 5 0
      vertex 0 25 0
    endloop
  endfacet
  facet normal 0 0 -1
    outer loop
      vertex 3.5118279457092285 5.187999852001667 0
      vertex 3.502959907054901 5.0941857770085335 0
      vertex 0 25 0
    endloop
  endfacet
  facet normal 0 0 -1
    outer loop
      vertex 3.5265691205859184 5.2810719683766365 0
      vertex 3.5118279457092285 5.187999852001667 0
      vertex 0 25 0
    endloop
  endfacet
  facet normal 0 0 -1
    outer loop
      vertex 3.54712525755167 5.373034827411175 0
      vertex 3.5265691205859184 5.2810719683766365 0
      vertex 0 25 0
    endloop
  endfacet
  facet normal 0 0 -1
    outer loop
      vertex 3.5734152272343636 5.463525488972664 0
      vertex 3.54712525755167 5.373034827411175 0
      vertex 0 25 0
    endloop
  endfacet
  facet normal 0 0 -1
    outer loop
      vertex 3.605335272848606 5.552186831831932 0
      vertex 3.5734152272343636 5.463525488972664 0
      vertex 0 25 0
    endloop
  endfacet
  facet normal 0 0 -1
    outer loop
      vertex 3.642759419977665 5.638668939471245 0
      vertex 3.605335272848606 5.552186831831932 0
      vertex 0 25 0
    endloop
  endfacet
  facet normal 0 0 -1
    outer loop
      vertex 3.685539983212948 5.722630508244038 0
      vertex 3.642759419977665 5.638668939471245 0
      vertex 0 25 0
    endloop
  endfacet
  facet normal 0 0 -1
    outer loop
      vertex 3.7335081100463867 5.803740195930004 0
      vertex 3.685539983212948 5.722630508244038 0
      vertex 0 25 0
    endloop
  endfacet
  facet normal 0 0 -1
    outer loop
      vertex 3.786474511027336 5.881677880883217 0
      vertex 3.7335081100463867 5.803740195930004 0
      vertex 0 25 0
    endloop
  endfacet
  facet normal 0 0 -1
    outer loop
      vertex 19.118322119116783 21.213525488972664 0
      vertex 5.881677880883217 21.213525488972664 0
      vertex 5.803740195930004 21.266491889953613 0
    endloop
  endfacet
  facet normal 0 0 -1
    outer loop
      vertex 0 25 0
      vertex 19.118322119116783 21.213525488972664 0
      vertex 5.803740195930004 21.266491889953613 0
    endloop
  endfacet
  facet normal 0 0 -1
    outer loop
      vertex 0 25 0
      vertex 5.803740195930004 21.266491889953613 0
      vertex 5.722630508244038 21.314460016787052 0
    endloop
  endfacet
  facet normal 0 0 -1
    outer loop
      vertex 0 25 0
      vertex 5.722630508244038 21.314460016787052 0
      vertex 5.638668939471245 21.357240580022335 0
    endloop
  endfacet
  facet normal 0 0 -1
    outer loop
      vertex 0 25 0
      vertex 5.638668939471245 21.357240580022335 0
      vertex 5.552186831831932 21.394664727151394 0
    endloop
  endfacet
  facet normal 0 0 -1
    outer loop
      vertex 0 25 0
      vertex 5.552186831831932 21.394664727151394 0
      vertex 5.463525488972664 21.426584772765636 0
    endloop
  endfacet
  facet normal 0 0 -1
    outer loop
      vertex 0 25 0
      vertex 5.463525488972664 21.426584772765636 0
      vertex 5.373034827411175 21.45287474244833 0
    endloop
  endfacet
  facet normal 0 0 -1
    outer loop
      vertex 0 25 0
      vertex 5.373034827411175 21.45287474244833 0
      vertex 5.2810719683766365 21.47343087941408 0
    endloop
  endfacet
  facet normal 0 0 -1
    outer loop
      vertex 0 25 0
      vertex 5.2810719683766365 21.47343087941408 0
      vertex 5.187999852001667 21.48817205429077 0
    endloop
  endfacet
  facet normal 0 0 -1
    outer loop
      vertex 0 25 0
      vertex 5.187999852001667 21.48817205429077 0
      vertex 5.0941857770085335 21.4970400929451 0
    endloop
  endfacet
  facet normal 0 0 -1
    outer loop
      vertex 0 25 0
      vertex 5.0941857770085335 21.4970400929451 0
      vertex 5 21.5 0
    endloop
  endfacet
  facet normal 0 0 -1
    outer loop
      vertex 0 25 0
      vertex 5 21.5 0
      vertex 4.9058142229914665 21.4970400929451 0
    endloop
  endfacet
  facet normal 0 0 -1
    outer loop
      vertex 0 25 0
      vertex 4.9058142229914665 21.4970400929451 0
      vertex 4.812000147998333 21.48817205429077 0
    endloop
  endfacet
  facet normal 0 0 -1
    outer loop
      vertex 0 25 0
      vertex 4.812000147998333 21.48817205429077 0
      vertex 4.7189280316233635 21.47343087941408 0
    endloop
  endfacet
  facet normal 0 0 -1
    outer loop
      vertex 0 25 0
      vertex 4.7189280316233635 21.47343087941408 0
      vertex 4.626965172588825 21.45287474244833 0
    endloop
  endfacet
  facet normal 0 0 -1
    outer loop
      vertex 0 25 0
      vertex 4.626965172588825 21.45287474244833 0
      vertex 4.536474511027336 21.426584772765636 0
    endloop
  endfacet
  facet normal 0 0 -1
    outer loop
      vertex 0 25 0
      vertex 4.536474511027336 21.426584772765636 0
      vertex 4.447813168168068 21.394664727151394 0
    endloop
  endfacet
  facet normal 0 0 -1
    outer loop
      vertex 0 25 0
      vertex 4.447813168168068 21.394664727151394 0
      vertex 4.361331060528755 21.357240580022335 0
    endloop
  endfacet
  facet normal 0 0 -1
    outer loop
      vertex 0 25 0
      vertex 4.361331060528755 21.357240580022335 0
      vertex 4.277369491755962 21.314460016787052 0
    endloop
  endfacet
  facet normal 0 0 -1
    outer loop
      vertex 0 25 0
      vertex 4.277369491755962 21.314460016787052 0
      vertex 4.196259804069996 21.266491889953613 0
    endloop
  endfacet
  facet normal 0 0 -1
    outer loop
      vertex 0 25 0
      vertex 4.196259804069996 21.266491889953613 0
      vertex 4.118322119116783 21.213525488972664 0
    endloop
  endfacet
  facet normal 0 0 -1
    outer loop
      vertex 0 25 0
      vertex 4.118322119116783 21.213525488972664 0
      vertex 4.043864011764526 21.155769862234592 0
    endloop
  endfacet
  facet normal 0 0 -1
    outer loop
      vertex 0 25 0
      vertex 4.043864011764526 21.155769862234592 0
      vertex 3.973179340362549 21.09345293790102 0
    endloop
  endfacet
  facet normal 0 0 -1
    outer loop
      vertex 0 25 0
      vertex 3.973179340362549 21.09345293790102 0
      vertex 3.90654706209898 21.02682065963745 0
    endloop
  endfacet
  facet normal 0 0 -1
    outer loop
      vertex 0 25 0
      vertex 3.90654706209898 21.02682065963745 0
      vertex 3.8442301377654076 20.956135988235474 0
    endloop
  endfacet
  facet normal 0 0 -1
    outer loop
      vertex 0 25 0
      vertex 3.8442301377654076 20.956135988235474 0
      vertex 3.786474511027336 20.881677880883217 0
    endloop
  endfacet
  facet normal 0 0 -1
    outer loop
      vertex 0 25 0
      vertex 3.786474511027336 20.881677880883217 0
      vertex 3.7335081100463867 20.803740195930004 0
    endloop
  endfacet
  facet normal 0 0 -1
    outer loop
      vertex 0 25 0
      vertex 3.7335081100463867 20.803740195930004 0
      vertex 3.685539983212948 20.722630508244038 0
    endloop
  endfacet
  facet normal 0 0 -1
    outer loop
      vertex 0 25 0
      vertex 3.685539983212948 20.722630508244038 0
      vertex 3.642759419977665 20.638668939471245 0
    endloop
  endfacet
  facet normal 0 0 -1
    outer loop
      vertex 0 25 0
      vertex 3.642759419977665 20.638668939471245 0
      vertex 3.605335272848606 20.552186831831932 0
    endloop
  endfacet
  facet normal 0 0 -1
    outer loop
      vertex 0 25 0
      vertex 3.605335272848606 20.552186831831932 0
      vertex 3.5734152272343636 20.463525488972664 0
    endloop
  endfacet
  facet normal 0 0 -1
    outer loop
      vertex 0 25 0
      vertex 3.5734152272343636 20.463525488972664 0
      vertex 3.54712525755167 20.373034827411175 0
    endloop
  endfacet
  facet normal 0 0 -1
    outer loop
      vertex 0 25 0
      vertex 3.54712525755167 20.373034827411175 0
      vertex 3.5265691205859184 20.281071968376637 0
    endloop
  endfacet
  facet normal 0 0 -1
    outer loop
      vertex 0 25 0
      vertex 3.5265691205859184 20.281071968376637 0
      vertex 3.5118279457092285 20.187999852001667 0
    endloop
  endfacet
  facet normal 0 0 -1
    outer loop
      vertex 0 25 0
      vertex 3.5118279457092285 20.187999852001667 0
      vertex 3.502959907054901 20.094185777008533 0
    endloop
  endfacet
  facet normal 0 0 -1
    outer loop
      vertex 0 25 0
      vertex 3.502959907054901 20.094185777008533 0
      vertex 3.5 20 0
    endloop
  endfacet
  facet normal 0 0 -1
    outer loop
      vertex 3.786474511027336 5.881677880883217 0
      vertex 0 25 0
      vertex 3.5 20 0
    endloop
  endfacet
  facet normal 0 0 -1
    outer loop
      vertex 3.786474511027336 5.881677880883217 0
      vertex 3.5 20 0
      vertex 3.502959907054901 19.905814222991467 0
    endloop
  endfacet
  facet normal 0 0 -1
    outer loop
      vertex 3.786474511027336 5.881677880883217 0
      vertex 3.502959907054901 19.905814222991467 0
      vertex 3.5118279457092285 19.812000147998333 0
    endloop
  endfacet
  facet normal 0 0 -1
    outer loop
      vertex 3.786474511027336 5.881677880883217 0
      vertex 3.5118279457092285 19.812000147998333 0
      vertex 3.5265691205859184 19.718928031623363 0
    endloop
  endfacet
  facet normal 0 0 -1
    outer loop
      vertex 3.786474511027336 5.881677880883217 0
      vertex 3.5265691205859184 19.718928031623363 0
      vertex 3.54712525755167 19.626965172588825 0
    endloop
  endfacet
  facet normal 0 0 -1
    outer loop
      vertex 3.786474511027336 5.881677880883217 0
      vertex 3.54712525755167 19.626965172588825 0
      vertex 3.5734152272343636 19.536474511027336 0
    endloop
  endfacet
  facet normal 0 0 -1
    outer loop
      vertex 3.786474511027336 5.881677880883217 0
      vertex 3.5734152272343636 19.536474511027336 0
      vertex 3.605335272848606 19.447813168168068 0
    endloop
  endfacet
  facet normal 0 0 -1
    outer loop
      vertex 3.786474511027336 5.881677880883217 0
      vertex 3.605335272848606 19.447813168168068 0
      vertex 3.642759419977665 19.361331060528755 0
    endloop
  endfacet
  facet normal 0 0 -1
    outer loop
      vertex 3.786474511027336 5.881677880883217 0
      vertex 3.642759419977665 19.361331060528755 0
      vertex 3.685539983212948 19.277369491755962 0
    endloop
  endfacet
  facet normal 0 0 -1
    outer loop
      vertex 3.786474511027336 5.881677880883217 0
      vertex 3.685539983212948 19.277369491755962 0
      vertex 3.7335081100463867 19.196259804069996 0
    endloop
  endfacet
  facet normal 0 0 -1
    outer loop
      vertex 3.786474511027336 19.118322119116783 0
      vertex 3.786474511027336 5.881677880883217 0
      vertex 3.7335081100463867 19.196259804069996 0
    endloop
  endfacet
  facet normal 0 0 1
    outer loop
      vertex 18.5029599070549 4.9058142229914665 3
      vertex 18.5 5 3
      vertex 6.5 5 3
    endloop
  endfacet
  facet normal 0 0 1
    outer loop
      vertex 18.5029599070549 4.9058142229914665 3
      vertex 6.5 5 3
      vertex 6.497040092945099 4.9058142229914665 3
    endloop
  endfacet
  facet normal 0 0 1
    outer loop
      vertex 6.497040092945099 5.0941857770085335 3
      vertex 6.5 5 3
      vertex 18.5 5 3
    endloop
  endfacet
  facet normal 0 0 1
    outer loop
      vertex 6.497040092945099 5.0941857770085335 3
      vertex 18.5 5 3
      vertex 18.5029599070549 5.0941857770085335 3
    endloop
  endfacet
  facet normal 0 0 1
    outer loop
      vertex 18.5029599070549 19.905814222991467 3
      vertex 18.5 20 3
      vertex 6.5 20 3
    endloop
  endfacet
  facet normal 0 0 1
    outer loop
      vertex 18.5029599070549 19.905814222991467 3
      vertex 6.5 20 3
      vertex 6.497040092945099 19.905814222991467 3
    endloop
  endfacet
  facet normal 0 0 1
    outer loop
      vertex 6.497040092945099 20.094185777008533 3
      vertex 6.5 20 3
      vertex 18.5 20 3
    endloop
  endfacet
  facet normal 0 0 1
    outer loop
      vertex 6.497040092945099 20.094185777008533 3
      vertex 18.5 20 3
      vertex 18.5029599070549 20.094185777008533 3
    endloop
  endfacet
  facet normal 0 0 1
    outer loop
      vertex 18.51182794570923 4.812000147998333 3
      vertex 18.5029599070549 4.9058142229914665 3
      vertex 6.497040092945099 4.9058142229914665 3
    endloop
  endfacet
  facet normal 0 0 1
    outer loop
      vertex 18.51182794570923 4.812000147998333 3
      vertex 6.497040092945099 4.9058142229914665 3
      vertex 6.4881720542907715 4.812000147998333 3
    endloop
  endfacet
  facet normal 0 0 1
    outer loop
      vertex 6.4881720542907715 5.187999852001667 3
      vertex 6.497040092945099 5.0941857770085335 3
      vertex 18.5029599070549 5.0941857770085335 3
    endloop
  endfacet
  facet normal 0 0 1
    outer loop
      vertex 6.4881720542907715 5.187999852001667 3
      vertex 18.5029599070549 5.0941857770085335 3
      vertex 18.51182794570923 5.187999852001667 3
    endloop
  endfacet
  facet normal 0 0 1
    outer loop
      vertex 18.51182794570923 19.812000147998333 3
      vertex 18.5029599070549 19.905814222991467 3
      vertex 6.497040092945099 19.905814222991467 3
    endloop
  endfacet
  facet normal 0 0 1
    outer loop
      vertex 18.51182794570923 19.812000147998333 3
      vertex 6.497040092945099 19.905814222991467 3
      vertex 6.4881720542907715 19.812000147998333 3
    endloop
  endfacet
  facet normal 0 0 1
    outer loop
      vertex 6.4881720542907715 20.187999852001667 3
      vertex 6.497040092945099 20.094185777008533 3
      vertex 18.5029599070549 20.094185777008533 3
    endloop
  endfacet
  facet normal 0 0 1
    outer loop
      vertex 6.4881720542907715 20.187999852001667 3
      vertex 18.5029599070549 20.094185777008533 3
      vertex 18.51182794570923 20.187999852001667 3
    endloop
  endfacet
  facet normal 0 0 1
    outer loop
      vertex 18.52656912058592 4.7189280316233635 3
      vertex 18.51182794570923 4.812000147998333 3
      vertex 6.4881720542907715 4.812000147998333 3
    endloop
  endfacet
  facet normal 0 0 1
    outer loop
      vertex 18.52656912058592 4.7189280316233635 3
      vertex 6.4881720542907715 4.812000147998333 3
      vertex 6.473430879414082 4.7189280316233635 3
    endloop
  endfacet
  facet normal 0 0 1
    outer loop
      vertex 6.473430879414082 5.2810719683766365 3
      vertex 6.4881720542907715 5.187999852001667 3
      vertex 18.51182794570923 5.187999852001667 3
    endloop
  endfacet
  facet normal 0 0 1
    outer loop
      vertex 6.473430879414082 5.2810719683766365 3
      vertex 18.51182794570923 5.187999852001667 3
      vertex 18.52656912058592 5.2810719683766365 3
    endloop
  endfacet
  facet normal 0 0 1
    outer loop
      vertex 18.52656912058592 19.718928031623363 3
      vertex 18.51182794570923 19.812000147998333 3
      vertex 6.4881720542907715 19.812000147998333 3
    endloop
  endfacet
  facet normal 0 0 1
    outer loop
      vertex 18.52656912058592 19.718928031623363 3
      vertex 6.4881720542907715 19.812000147998333 3
      vertex 6.473430879414082 19.718928031623363 3
    endloop
  endfacet
  facet normal 0 0 1
    outer loop
      vertex 6.473430879414082 20.281071968376637 3
      vertex 6.4881720542907715 20.187999852001667 3
      vertex 18.51182794570923 20.187999852001667 3
    endloop
  endfacet
  facet normal 0 0 1
    outer loop
      vertex 6.473430879414082 20.281071968376637 3
      vertex 18.51182794570923 20.187999852001667 3
      vertex 18.52656912058592 20.281071968376637 3
    endloop
  endfacet
  facet normal 0 0 1
    outer loop
      vertex 18.54712525755167 4.626965172588825 3
      vertex 18.52656912058592 4.7189280316233635 3
      vertex 6.473430879414082 4.7189280316233635 3
    endloop
  endfacet
  facet normal 0 0 1
    outer loop
      vertex 18.54712525755167 4.626965172588825 3
      vertex 6.473430879414082 4.7189280316233635 3
      vertex 6.45287474244833 4.626965172588825 3
    endloop
  endfacet
  facet normal 0 0 1
    outer loop
      vertex 6.45287474244833 5.373034827411175 3
      vertex 6.473430879414082 5.2810719683766365 3
      vertex 18.52656912058592 5.2810719683766365 3
    endloop
  endfacet
  facet normal 0 0 1
    outer loop
      vertex 6.45287474244833 5.373034827411175 3
      vertex 18.52656912058592 5.2810719683766365 3
      vertex 18.54712525755167 5.373034827411175 3
    endloop
  endfacet
  facet normal 0 0 1
    outer loop
      vertex 18.54712525755167 19.626965172588825 3
      vertex 18.52656912058592 19.718928031623363 3
      vertex 6.473430879414082 19.718928031623363 3
    endloop
  endfacet
  facet normal 0 0 1
    outer loop
      vertex 18.54712525755167 19.626965172588825 3
      vertex 6.473430879414082 19.718928031623363 3
      vertex 6.45287474244833 19.626965172588825 3
    endloop
  endfacet
  facet normal 0 0 1
    outer loop
      vertex 6.45287474244833 20.373034827411175 3
      vertex 6.473430879414082 20.281071968376637 3
      vertex 18.52656912058592 20.281071968376637 3
    endloop
  endfacet
  facet normal 0 0 1
    outer loop
      vertex 6.45287474244833 20.373034827411175 3
      vertex 18.52656912058592 20.281071968376637 3
      vertex 18.54712525755167 20.373034827411175 3
    endloop
  endfacet
  facet normal 0 0 1
    outer loop
      vertex 25 0 3
      vertex 21.5 5 3
      vertex 21.4970400929451 4.9058142229914665 3
    endloop
  endfacet
  facet normal 0 0 1
    outer loop
      vertex 25 0 3
      vertex 21.4970400929451 4.9058142229914665 3
      vertex 21.48817205429077 4.812000147998333 3
    endloop
  endfacet
  facet normal 0 0 1
    outer loop
      vertex 25 0 3
      vertex 21.48817205429077 4.812000147998333 3
      vertex 21.47343087941408 4.7189280316233635 3
    endloop
  endfacet
  facet normal 0 0 1
    outer loop
      vertex 25 0 3
      vertex 21.47343087941408 4.7189280316233635 3
      vertex 21.45287474244833 4.626965172588825 3
    endloop
  endfacet
  facet normal 0 0 1
    outer loop
      vertex 25 0 3
      vertex 21.45287474244833 4.626965172588825 3
      vertex 21.426584772765636 4.536474511027336 3
    endloop
  endfacet
  facet normal 0 0 1
    outer loop
      vertex 25 0 3
      vertex 21.426584772765636 4.536474511027336 3
      vertex 21.394664727151394 4.447813168168068 3
    endloop
  endfacet
  facet normal 0 0 1
    outer loop
      vertex 25 0 3
      vertex 21.394664727151394 4.447813168168068 3
      vertex 21.357240580022335 4.361331060528755 3
    endloop
  endfacet
  facet normal 0 0 1
    outer loop
      vertex 25 0 3
      vertex 21.357240580022335 4.361331060528755 3
      vertex 21.314460016787052 4.277369491755962 3
    endloop
  endfacet
  facet normal 0 0 1
    outer loop
      vertex 25 0 3
      vertex 21.314460016787052 4.277369491755962 3
      vertex 21.266491889953613 4.196259804069996 3
    endloop
  endfacet
  facet normal 0 0 1
    outer loop
      vertex 25 0 3
      vertex 21.266491889953613 4.196259804069996 3
      vertex 21.213525488972664 4.118322119116783 3
    endloop
  endfacet
  facet normal 0 0 1
    outer loop
      vertex 25 0 3
      vertex 21.213525488972664 4.118322119116783 3
      vertex 21.155769862234592 4.043864011764526 3
    endloop
  endfacet
  facet normal 0 0 1
    outer loop
      vertex 25 0 3
      vertex 21.155769862234592 4.043864011764526 3
      vertex 21.09345293790102 3.973179340362549 3
    endloop
  endfacet
  facet normal 0 0 1
    outer loop
      vertex 25 0 3
      vertex 21.09345293790102 3.973179340362549 3
      vertex 21.02682065963745 3.90654706209898 3
    endloop
  endfacet
  facet normal 0 0 1
    outer loop
      vertex 25 0 3
      vertex 21.02682065963745 3.90654706209898 3
      vertex 20.956135988235474 3.8442301377654076 3
    endloop
  endfacet
  facet normal 0 0 1
    outer loop
      vertex 25 0 3
      vertex 20.956135988235474 3.8442301377654076 3
      vertex 20.881677880883217 3.786474511027336 3
    endloop
  endfacet
  facet normal 0 0 1
    outer loop
      vertex 25 0 3
      vertex 20.881677880883217 3.786474511027336 3
      vertex 20.803740195930004 3.7335081100463867 3
    endloop
  endfacet
  facet normal 0 0 1
    outer loop
      vertex 21.4970400929451 20.094185777008533 3
      vertex 21.5 20 3
      vertex 25 25 3
    endloop
  endfacet
  facet normal 0 0 1
    outer loop
      vertex 21.48817205429077 20.187999852001667 3
      vertex 21.4970400929451 20.094185777008533 3
      vertex 25 25 3
    endloop
  endfacet
  facet normal 0 0 1
    outer loop
      vertex 21.47343087941408 20.281071968376637 3
      vertex 21.48817205429077 20.187999852001667 3
      vertex 25 25 3
    endloop
  endfacet
  facet normal 0 0 1
    outer loop
      vertex 21.45287474244833 20.373034827411175 3
      vertex 21.47343087941408 20.281071968376637 3
      vertex 25 25 3
    endloop
  endfacet
  facet normal 0 0 1
    outer loop
      vertex 21.426584772765636 20.463525488972664 3
      vertex 21.45287474244833 20.373034827411175 3
      vertex 25 25 3
    endloop
  endfacet
  facet normal 0 0 1
    outer loop
      vertex 21.394664727151394 20.552186831831932 3
      vertex 21.426584772765636 20.463525488972664 3
      vertex 25 25 3
    endloop
  endfacet
  facet normal 0 0 1
    outer loop
      vertex 21.357240580022335 20.638668939471245 3
      vertex 21.394664727151394 20.552186831831932 3
      vertex 25 25 3
    endloop
  endfacet
  facet normal 0 0 1
    outer loop
      vertex 21.314460016787052 20.722630508244038 3
      vertex 21.357240580022335 20.638668939471245 3
      vertex 25 25 3
    endloop
  endfacet
  facet normal 0 0 1
    outer loop
      vertex 21.266491889953613 20.803740195930004 3
      vertex 21.314460016787052 20.722630508244038 3
      vertex 25 25 3
    endloop
  endfacet
  facet normal 0 0 1
    outer loop
      vertex 21.213525488972664 20.881677880883217 3
      vertex 21.266491889953613 20.803740195930004 3
      vertex 25 25 3
    endloop
  endfacet
  facet normal 0 0 1
    outer loop
      vertex 21.155769862234592 20.956135988235474 3
      vertex 21.213525488972664 20.881677880883217 3
      vertex 25 25 3
    endloop
  endfacet
  facet normal 0 0 1
    outer loop
      vertex 21.09345293790102 21.02682065963745 3
      vertex 21.155769862234592 20.956135988235474 3
      vertex 25 25 3
    endloop
  endfacet
  facet normal 0 0 1
    outer loop
      vertex 21.02682065963745 21.09345293790102 3
      vertex 21.09345293790102 21.02682065963745 3
      vertex 25 25 3
    endloop
  endfacet
  facet normal 0 0 1
    outer loop
      vertex 20.956135988235474 21.155769862234592 3
      vertex 21.02682065963745 21.09345293790102 3
      vertex 25 25 3
    endloop
  endfacet
  facet normal 0 0 1
    outer loop
      vertex 20.881677880883217 21.213525488972664 3
      vertex 20.956135988235474 21.155769862234592 3
      vertex 25 25 3
    endloop
  endfacet
  facet normal 0 0 1
    outer loop
      vertex 20.803740195930004 21.266491889953613 3
      vertex 20.881677880883217 21.213525488972664 3
      vertex 25 25 3
    endloop
  endfacet
  facet normal 0 0 1
    outer loop
      vertex 18.573415227234364 4.536474511027336 3
      vertex 18.54712525755167 4.626965172588825 3
      vertex 6.45287474244833 4.626965172588825 3
    endloop
  endfacet
  facet normal 0 0 1
    outer loop
      vertex 18.573415227234364 4.536474511027336 3
      vertex 6.45287474244833 4.626965172588825 3
      vertex 6.4265847727656364 4.536474511027336 3
    endloop
  endfacet
  facet normal 0 0 1
    outer loop
      vertex 6.4265847727656364 5.463525488972664 3
      vertex 6.45287474244833 5.373034827411175 3
      vertex 18.54712525755167 5.373034827411175 3
    endloop
  endfacet
  facet normal 0 0 1
    outer loop
      vertex 6.4265847727656364 5.463525488972664 3
      vertex 18.54712525755167 5.373034827411175 3
      vertex 18.573415227234364 5.463525488972664 3
    endloop
  endfacet
  facet normal 0 0 1
    outer loop
      vertex 18.573415227234364 19.536474511027336 3
      vertex 18.54712525755167 19.626965172588825 3
      vertex 6.45287474244833 19.626965172588825 3
    endloop
  endfacet
  facet normal 0 0 1
    outer loop
      vertex 18.573415227234364 19.536474511027336 3
      vertex 6.45287474244833 19.626965172588825 3
      vertex 6.4265847727656364 19.536474511027336 3
    endloop
  endfacet
  facet normal 0 0 1
    outer loop
      vertex 6.4265847727656364 20.463525488972664 3
      vertex 6.45287474244833 20.373034827411175 3
      vertex 18.54712525755167 20.373034827411175 3
    endloop
  endfacet
  facet normal 0 0 1
    outer loop
      vertex 6.4265847727656364 20.463525488972664 3
      vertex 18.54712525755167 20.373034827411175 3
      vertex 18.573415227234364 20.463525488972664 3
    endloop
  endfacet
  facet normal 0 0 1
    outer loop
      vertex 25 0 3
      vertex 20.803740195930004 3.7335081100463867 3
      vertex 20.722630508244038 3.685539983212948 3
    endloop
  endfacet
  facet normal 0 0 1
    outer loop
      vertex 20.722630508244038 21.314460016787052 3
      vertex 20.803740195930004 21.266491889953613 3
      vertex 25 25 3
    endloop
  endfacet
  facet normal 0 0 1
    outer loop
      vertex 18.605335272848606 4.447813168168068 3
      vertex 18.573415227234364 4.536474511027336 3
      vertex 6.4265847727656364 4.536474511027336 3
    endloop
  endfacet
  facet normal 0 0 1
    outer loop
      vertex 18.605335272848606 4.447813168168068 3
      vertex 6.4265847727656364 4.536474511027336 3
      vertex 6.394664727151394 4.447813168168068 3
    endloop
  endfacet
  facet normal 0 0 1
    outer loop
      vertex 6.394664727151394 5.552186831831932 3
      vertex 6.4265847727656364 5.463525488972664 3
      vertex 18.573415227234364 5.463525488972664 3
    endloop
  endfacet
  facet normal 0 0 1
    outer loop
      vertex 6.394664727151394 5.552186831831932 3
      vertex 18.573415227234364 5.463525488972664 3
      vertex 18.605335272848606 5.552186831831932 3
    endloop
  endfacet
  facet normal 0 0 1
    outer loop
      vertex 18.605335272848606 19.447813168168068 3
      vertex 18.573415227234364 19.536474511027336 3
      vertex 6.4265847727656364 19.536474511027336 3
    endloop
  endfacet
  facet normal 0 0 1
    outer loop
      vertex 18.605335272848606 19.447813168168068 3
      vertex 6.4265847727656364 19.536474511027336 3
      vertex 6.394664727151394 19.447813168168068 3
    endloop
  endfacet
  facet normal 0 0 1
    outer loop
      vertex 6.394664727151394 20.552186831831932 3
      vertex 6.4265847727656364 20.463525488972664 3
      vertex 18.573415227234364 20.463525488972664 3
    endloop
  endfacet
  facet normal 0 0 1
    outer loop
      vertex 6.394664727151394 20.552186831831932 3
      vertex 18.573415227234364 20.463525488972664 3
      vertex 18.605335272848606 20.552186831831932 3
    endloop
  endfacet
  facet normal 0 0 1
    outer loop
      vertex 25 0 3
      vertex 20.722630508244038 3.685539983212948 3
      vertex 20.638668939471245 3.642759419977665 3
    endloop
  endfacet
  facet normal 0 0 1
    outer loop
      vertex 20.638668939471245 21.357240580022335 3
      vertex 20.722630508244038 21.314460016787052 3
      vertex 25 25 3
    endloop
  endfacet
  facet normal 0 0 1
    outer loop
      vertex 18.642759419977665 4.361331060528755 3
      vertex 18.605335272848606 4.447813168168068 3
      vertex 6.394664727151394 4.447813168168068 3
    endloop
  endfacet
  facet normal 0 0 1
    outer loop
      vertex 18.642759419977665 4.361331060528755 3
      vertex 6.394664727151394 4.447813168168068 3
      vertex 6.357240580022335 4.361331060528755 3
    endloop
  endfacet
  facet normal 0 0 1
    outer loop
      vertex 6.357240580022335 5.638668939471245 3
      vertex 6.394664727151394 5.552186831831932 3
      vertex 18.605335272848606 5.552186831831932 3
    endloop
  endfacet
  facet normal 0 0 1
    outer loop
      vertex 6.357240580022335 5.638668939471245 3
      vertex 18.605335272848606 5.552186831831932 3
      vertex 18.642759419977665 5.638668939471245 3
    endloop
  endfacet
  facet normal 0 0 1
    outer loop
      vertex 18.642759419977665 19.361331060528755 3
      vertex 18.605335272848606 19.447813168168068 3
      vertex 6.394664727151394 19.447813168168068 3
    endloop
  endfacet
  facet normal 0 0 1
    outer loop
      vertex 18.642759419977665 19.361331060528755 3
      vertex 6.394664727151394 19.447813168168068 3
      vertex 6.357240580022335 19.361331060528755 3
    endloop
  endfacet
  facet normal 0 0 1
    outer loop
      vertex 6.357240580022335 20.638668939471245 3
      vertex 6.394664727151394 20.552186831831932 3
      vertex 18.605335272848606 20.552186831831932 3
    endloop
  endfacet
  facet normal 0 0 1
    outer loop
      vertex 6.357240580022335 20.638668939471245 3
      vertex 18.605335272848606 20.552186831831932 3
      vertex 18.642759419977665 20.638668939471245 3
    endloop
  endfacet
  facet normal 0 0 1
    outer loop
      vertex 25 0 3
      vertex 20.638668939471245 3.642759419977665 3
      vertex 20.552186831831932 3.605335272848606 3
    endloop
  endfacet
  facet normal 0 0 1
    outer loop
      vertex 20.552186831831932 21.394664727151394 3
      vertex 20.638668939471245 21.357240580022335 3
      vertex 25 25 3
    endloop
  endfacet
  facet normal 0 0 1
    outer loop
      vertex 18.685539983212948 4.277369491755962 3
      vertex 18.642759419977665 4.361331060528755 3
      vertex 6.357240580022335 4.361331060528755 3
    endloop
  endfacet
  facet normal 0 0 1
    outer loop
      vertex 18.685539983212948 4.277369491755962 3
      vertex 6.357240580022335 4.361331060528755 3
      vertex 6.314460016787052 4.277369491755962 3
    endloop
  endfacet
  facet normal 0 0 1
    outer loop
      vertex 6.314460016787052 5.722630508244038 3
      vertex 6.357240580022335 5.638668939471245 3
      vertex 18.642759419977665 5.638668939471245 3
    endloop
  endfacet
  facet normal 0 0 1
    outer loop
      vertex 6.314460016787052 5.722630508244038 3
      vertex 18.642759419977665 5.638668939471245 3
      vertex 18.685539983212948 5.722630508244038 3
    endloop
  endfacet
  facet normal 0 0 1
    outer loop
      vertex 18.685539983212948 19.277369491755962 3
      vertex 18.642759419977665 19.361331060528755 3
      vertex 6.357240580022335 19.361331060528755 3
    endloop
  endfacet
  facet normal 0 0 1
    outer loop
      vertex 18.685539983212948 19.277369491755962 3
      vertex 6.357240580022335 19.361331060528755 3
      vertex 6.314460016787052 19.277369491755962 3
    endloop
  endfacet
  facet normal 0 0 1
    outer loop
      vertex 6.314460016787052 20.722630508244038 3
      vertex 6.357240580022335 20.638668939471245 3
      vertex 18.642759419977665 20.638668939471245 3
    endloop
  endfacet
  facet normal 0 0 1
    outer loop
      vertex 6.314460016787052 20.722630508244038 3
      vertex 18.642759419977665 20.638668939471245 3
      vertex 18.685539983212948 20.722630508244038 3
    endloop
  endfacet
  facet normal 0 0 1
    outer loop
      vertex 18.733508110046387 4.196259804069996 3
      vertex 18.685539983212948 4.277369491755962 3
      vertex 6.314460016787052 4.277369491755962 3
    endloop
  endfacet
  facet normal 0 0 1
    outer loop
      vertex 18.733508110046387 4.196259804069996 3
      vertex 6.314460016787052 4.277369491755962 3
      vertex 6.266491889953613 4.196259804069996 3
    endloop
  endfacet
  facet normal 0 0 1
    outer loop
      vertex 6.266491889953613 5.803740195930004 3
      vertex 6.314460016787052 5.722630508244038 3
      vertex 18.685539983212948 5.722630508244038 3
    endloop
  endfacet
  facet normal 0 0 1
    outer loop
      vertex 6.266491889953613 5.803740195930004 3
      vertex 18.685539983212948 5.722630508244038 3
      vertex 18.733508110046387 5.803740195930004 3
    endloop
  endfacet
  facet normal 0 0 1
    outer loop
      vertex 18.733508110046387 19.196259804069996 3
      vertex 18.685539983212948 19.277369491755962 3
      vertex 6.314460016787052 19.277369491755962 3
    endloop
  endfacet
  facet normal 0 0 1
    outer loop
      vertex 18.733508110046387 19.196259804069996 3
      vertex 6.314460016787052 19.277369491755962 3
      vertex 6.266491889953613 19.196259804069996 3
    endloop
  endfacet
  facet normal 0 0 1
    outer loop
      vertex 6.266491889953613 20.803740195930004 3
      vertex 6.314460016787052 20.722630508244038 3
      vertex 18.685539983212948 20.722630508244038 3
    endloop
  endfacet
  facet normal 0 0 1
    outer loop
      vertex 6.266491889953613 20.803740195930004 3
      vertex 18.685539983212948 20.722630508244038 3
      vertex 18.733508110046387 20.803740195930004 3
    endloop
  endfacet
  facet normal 0 0 1
    outer loop
      vertex 25 0 3
      vertex 20.552186831831932 3.605335272848606 3
      vertex 20.463525488972664 3.5734152272343636 3
    endloop
  endfacet
  facet normal 0 0 1
    outer loop
      vertex 20.463525488972664 21.426584772765636 3
      vertex 20.552186831831932 21.394664727151394 3
      vertex 25 25 3
    endloop
  endfacet
  facet normal 0 0 1
    outer loop
      vertex 18.786474511027336 4.118322119116783 3
      vertex 18.733508110046387 4.196259804069996 3
      vertex 6.266491889953613 4.196259804069996 3
    endloop
  endfacet
  facet normal 0 0 1
    outer loop
      vertex 18.786474511027336 4.118322119116783 3
      vertex 6.266491889953613 4.196259804069996 3
      vertex 6.213525488972664 4.118322119116783 3
    endloop
  endfacet
  facet normal 0 0 1
    outer loop
      vertex 6.213525488972664 5.881677880883217 3
      vertex 6.266491889953613 5.803740195930004 3
      vertex 18.733508110046387 5.803740195930004 3
    endloop
  endfacet
  facet normal 0 0 1
    outer loop
      vertex 6.213525488972664 5.881677880883217 3
      vertex 18.733508110046387 5.803740195930004 3
      vertex 18.786474511027336 5.881677880883217 3
    endloop
  endfacet
  facet normal 0 0 1
    outer loop
      vertex 18.786474511027336 19.118322119116783 3
      vertex 18.733508110046387 19.196259804069996 3
      vertex 6.266491889953613 19.196259804069996 3
    endloop
  endfacet
  facet normal 0 0 1
    outer loop
      vertex 18.786474511027336 19.118322119116783 3
      vertex 6.266491889953613 19.196259804069996 3
      vertex 6.213525488972664 19.118322119116783 3
    endloop
  endfacet
  facet normal 0 0 1
    outer loop
      vertex 6.213525488972664 20.881677880883217 3
      vertex 6.266491889953613 20.803740195930004 3
      vertex 18.733508110046387 20.803740195930004 3
    endloop
  endfacet
  facet normal 0 0 1
    outer loop
      vertex 6.213525488972664 20.881677880883217 3
      vertex 18.733508110046387 20.803740195930004 3
      vertex 18.786474511027336 20.881677880883217 3
    endloop
  endfacet
  facet normal 0 0 1
    outer loop
      vertex 25 0 3
      vertex 20.463525488972664 3.5734152272343636 3
      vertex 20.373034827411175 3.54712525755167 3
    endloop
  endfacet
  facet normal 0 0 1
    outer loop
      vertex 20.373034827411175 21.45287474244833 3
      vertex 20.463525488972664 21.426584772765636 3
      vertex 25 25 3
    endloop
  endfacet
  facet normal 0 0 1
    outer loop
      vertex 18.844230137765408 4.043864011764526 3
      vertex 18.786474511027336 4.118322119116783 3
      vertex 6.213525488972664 4.118322119116783 3
    endloop
  endfacet
  facet normal 0 0 1
    outer loop
      vertex 18.844230137765408 4.043864011764526 3
      vertex 6.213525488972664 4.118322119116783 3
      vertex 6.155769862234592 4.043864011764526 3
    endloop
  endfacet
  facet normal 0 0 1
    outer loop
      vertex 6.155769862234592 5.956135988235474 3
      vertex 6.213525488972664 5.881677880883217 3
      vertex 18.786474511027336 5.881677880883217 3
    endloop
  endfacet
  facet normal 0 0 1
    outer loop
      vertex 6.155769862234592 5.956135988235474 3
      vertex 18.786474511027336 5.881677880883217 3
      vertex 18.844230137765408 5.956135988235474 3
    endloop
  endfacet
  facet normal 0 0 1
    outer loop
      vertex 18.844230137765408 19.043864011764526 3
      vertex 18.786474511027336 19.118322119116783 3
      vertex 6.213525488972664 19.118322119116783 3
    endloop
  endfacet
  facet normal 0 0 1
    outer loop
      vertex 18.844230137765408 19.043864011764526 3
      vertex 6.213525488972664 19.118322119116783 3
      vertex 6.155769862234592 19.043864011764526 3
    endloop
  endfacet
  facet normal 0 0 1
    outer loop
      vertex 6.155769862234592 20.956135988235474 3
      vertex 6.213525488972664 20.881677880883217 3
      vertex 18.786474511027336 20.881677880883217 3
    endloop
  endfacet
  facet normal 0 0 1
    outer loop
      vertex 6.155769862234592 20.956135988235474 3
      vertex 18.786474511027336 20.881677880883217 3
      vertex 18.844230137765408 20.956135988235474 3
    endloop
  endfacet
  facet normal 0 0 1
    outer loop
      vertex 25 0 3
      vertex 20.373034827411175 3.54712525755167 3
      vertex 20.281071968376637 3.5265691205859184 3
    endloop
  endfacet
  facet normal 0 0 1
    outer loop
      vertex 20.281071968376637 21.47343087941408 3
      vertex 20.373034827411175 21.45287474244833 3
      vertex 25 25 3
    endloop
  endfacet
  facet normal 0 0 1
    outer loop
      vertex 18.90654706209898 3.973179340362549 3
      vertex 18.844230137765408 4.043864011764526 3
      vertex 6.155769862234592 4.043864011764526 3
    endloop
  endfacet
  facet normal 0 0 1
    outer loop
      vertex 18.90654706209898 3.973179340362549 3
      vertex 6.155769862234592 4.043864011764526 3
      vertex 6.09345293790102 3.973179340362549 3
    endloop
  endfacet
  facet normal 0 0 1
    outer loop
      vertex 6.09345293790102 6.026820659637451 3
      vertex 6.155769862234592 5.956135988235474 3
      vertex 18.844230137765408 5.956135988235474 3
    endloop
  endfacet
  facet normal 0 0 1
    outer loop
      vertex 6.09345293790102 6.026820659637451 3
      vertex 18.844230137765408 5.956135988235474 3
      vertex 18.90654706209898 6.026820659637451 3
    endloop
  endfacet
  facet normal 0 0 1
    outer loop
      vertex 18.90654706209898 18.97317934036255 3
      vertex 18.844230137765408 19.043864011764526 3
      vertex 6.155769862234592 19.043864011764526 3
    endloop
  endfacet
  facet normal 0 0 1
    outer loop
      vertex 18.90654706209898 18.97317934036255 3
      vertex 6.155769862234592 19.043864011764526 3
      vertex 6.09345293790102 18.97317934036255 3
    endloop
  endfacet
  facet normal 0 0 1
    outer loop
      vertex 6.09345293790102 21.02682065963745 3
      vertex 6.155769862234592 20.956135988235474 3
      vertex 18.844230137765408 20.956135988235474 3
    endloop
  endfacet
  facet normal 0 0 1
    outer loop
      vertex 6.09345293790102 21.02682065963745 3
      vertex 18.844230137765408 20.956135988235474 3
      vertex 18.90654706209898 21.02682065963745 3
    endloop
  endfacet
  facet normal 0 0 1
    outer loop
      vertex 25 0 3
      vertex 20.281071968376637 3.5265691205859184 3
      vertex 20.187999852001667 3.5118279457092285 3
    endloop
  endfacet
  facet normal 0 0 1
    outer loop
      vertex 20.187999852001667 21.48817205429077 3
      vertex 20.281071968376637 21.47343087941408 3
      vertex 25 25 3
    endloop
  endfacet
  facet normal 0 0 1
    outer loop
      vertex 18.97317934036255 3.90654706209898 3
      vertex 18.90654706209898 3.973179340362549 3
      vertex 6.09345293790102 3.973179340362549 3
    endloop
  endfacet
  facet normal 0 0 1
    outer loop
      vertex 18.97317934036255 3.90654706209898 3
      vertex 6.09345293790102 3.973179340362549 3
      vertex 6.026820659637451 3.90654706209898 3
    endloop
  endfacet
  facet normal 0 0 1
    outer loop
      vertex 6.026820659637451 6.09345293790102 3
      vertex 6.09345293790102 6.026820659637451 3
      vertex 18.90654706209898 6.026820659637451 3
    endloop
  endfacet
  facet normal 0 0 1
    outer loop
      vertex 6.026820659637451 6.09345293790102 3
      vertex 18.90654706209898 6.026820659637451 3
      vertex 18.97317934036255 6.09345293790102 3
    endloop
  endfacet
  facet normal 0 0 1
    outer loop
      vertex 18.97317934036255 18.90654706209898 3
      vertex 18.90654706209898 18.97317934036255 3
      vertex 6.09345293790102 18.97317934036255 3
    endloop
  endfacet
  facet normal 0 0 1
    outer loop
      vertex 18.97317934036255 18.90654706209898 3
      vertex 6.09345293790102 18.97317934036255 3
      vertex 6.026820659637451 18.90654706209898 3
    endloop
  endfacet
  facet normal 0 0 1
    outer loop
      vertex 6.026820659637451 21.09345293790102 3
      vertex 6.09345293790102 21.02682065963745 3
      vertex 18.90654706209898 21.02682065963745 3
    endloop
  endfacet
  facet normal 0 0 1
    outer loop
      vertex 6.026820659637451 21.09345293790102 3
      vertex 18.90654706209898 21.02682065963745 3
      vertex 18.97317934036255 21.09345293790102 3
    endloop
  endfacet
  facet normal 0 0 1
    outer loop
      vertex 25 0 3
      vertex 20.187999852001667 3.5118279457092285 3
      vertex 20.094185777008533 3.502959907054901 3
    endloop
  endfacet
  facet normal 0 0 1
    outer loop
      vertex 20.094185777008533 21.4970400929451 3
      vertex 20.187999852001667 21.48817205429077 3
      vertex 25 25 3
    endloop
  endfacet
  facet normal 0 0 1
    outer loop
      vertex 19.043864011764526 3.8442301377654076 3
      vertex 18.97317934036255 3.90654706209898 3
      vertex 6.026820659637451 3.90654706209898 3
    endloop
  endfacet
  facet normal 0 0 1
    outer loop
      vertex 19.043864011764526 3.8442301377654076 3
      vertex 6.026820659637451 3.90654706209898 3
      vertex 5.956135988235474 3.8442301377654076 3
    endloop
  endfacet
  facet normal 0 0 1
    outer loop
      vertex 5.956135988235474 6.155769862234592 3
      vertex 6.026820659637451 6.09345293790102 3
      vertex 18.97317934036255 6.09345293790102 3
    endloop
  endfacet
  facet normal 0 0 1
    outer loop
      vertex 5.956135988235474 6.155769862234592 3
      vertex 18.97317934036255 6.09345293790102 3
      vertex 19.043864011764526 6.155769862234592 3
    endloop
  endfacet
  facet normal 0 0 1
    outer loop
      vertex 19.043864011764526 18.844230137765408 3
      vertex 18.97317934036255 18.90654706209898 3
      vertex 6.026820659637451 18.90654706209898 3
    endloop
  endfacet
  facet normal 0 0 1
    outer loop
      vertex 19.043864011764526 18.844230137765408 3
      vertex 6.026820659637451 18.90654706209898 3
      vertex 5.956135988235474 18.844230137765408 3
    endloop
  endfacet
  facet normal 0 0 1
    outer loop
      vertex 5.956135988235474 21.155769862234592 3
      vertex 6.026820659637451 21.09345293790102 3
      vertex 18.97317934036255 21.09345293790102 3
    endloop
  endfacet
  facet normal 0 0 1
    outer loop
      vertex 5.956135988235474 21.155769862234592 3
      vertex 18.97317934036255 21.09345293790102 3
      vertex 19.043864011764526 21.155769862234592 3
    endloop
  endfacet
  facet normal 0 0 1
    outer loop
      vertex 19.118322119116783 3.786474511027336 3
      vertex 19.043864011764526 3.8442301377654076 3
      vertex 5.956135988235474 3.8442301377654076 3
    endloop
  endfacet
  facet normal 0 0 1
    outer loop
      vertex 19.118322119116783 3.786474511027336 3
      vertex 5.956135988235474 3.8442301377654076 3
      vertex 5.881677880883217 3.786474511027336 3
    endloop
  endfacet
  facet normal 0 0 1
    outer loop
      vertex 5.881677880883217 6.213525488972664 3
      vertex 5.956135988235474 6.155769862234592 3
      vertex 19.043864011764526 6.155769862234592 3
    endloop
  endfacet
  facet normal 0 0 1
    outer loop
      vertex 5.881677880883217 6.213525488972664 3
      vertex 19.043864011764526 6.155769862234592 3
      vertex 19.118322119116783 6.213525488972664 3
    endloop
  endfacet
  facet normal 0 0 1
    outer loop
      vertex 19.118322119116783 18.786474511027336 3
      vertex 19.043864011764526 18.844230137765408 3
      vertex 5.956135988235474 18.844230137765408 3
    endloop
  endfacet
  facet normal 0 0 1
    outer loop
      vertex 19.118322119116783 18.786474511027336 3
      vertex 5.956135988235474 18.844230137765408 3
      vertex 5.881677880883217 18.786474511027336 3
    endloop
  endfacet
  facet normal 0 0 1
    outer loop
      vertex 5.881677880883217 21.213525488972664 3
      vertex 5.956135988235474 21.155769862234592 3
      vertex 19.043864011764526 21.155769862234592 3
    endloop
  endfacet
  facet normal 0 0 1
    outer loop
      vertex 5.881677880883217 21.213525488972664 3
      vertex 19.043864011764526 21.155769862234592 3
      vertex 19.118322119116783 21.213525488972664 3
    endloop
  endfacet
  facet normal 0 0 1
    outer loop
      vertex 25 0 3
      vertex 20.094185777008533 3.502959907054901 3
      vertex 20 3.5 3
    endloop
  endfacet
  facet normal 0 0 1
    outer loop
      vertex 20 21.5 3
      vertex 20.094185777008533 21.4970400929451 3
      vertex 25 25 3
    endloop
  endfacet
  facet normal 0 0 1
    outer loop
      vertex 0 0 3
      vertex 25 0 3
      vertex 20 3.5 3
    endloop
  endfacet
  facet normal 0 0 1
    outer loop
      vertex 20 21.5 3
      vertex 25 25 3
      vertex 0 25 3
    endloop
  endfacet
  facet normal 0 0 1
    outer loop
      vertex 0 0 3
      vertex 20 3.5 3
      vertex 19.905814222991467 3.502959907054901 3
    endloop
  endfacet
  facet normal 0 0 1
    outer loop
      vertex 19.905814222991467 21.4970400929451 3
      vertex 20 21.5 3
      vertex 0 25 3
    endloop
  endfacet
  facet normal 0 0 1
    outer loop
      vertex 0 0 3
      vertex 19.905814222991467 3.502959907054901 3
      vertex 19.812000147998333 3.5118279457092285 3
    endloop
  endfacet
  facet normal 0 0 1
    outer loop
      vertex 19.812000147998333 21.48817205429077 3
      vertex 19.905814222991467 21.4970400929451 3
      vertex 0 25 3
    endloop
  endfacet
  facet normal 0 0 1
    outer loop
      vertex 0 0 3
      vertex 19.812000147998333 3.5118279457092285 3
      vertex 19.718928031623363 3.5265691205859184 3
    endloop
  endfacet
  facet normal 0 0 1
    outer loop
      vertex 19.718928031623363 21.47343087941408 3
      vertex 19.812000147998333 21.48817205429077 3
      vertex 0 25 3
    endloop
  endfacet
  facet normal 0 0 1
    outer loop
      vertex 0 0 3
      vertex 19.718928031623363 3.5265691205859184 3
      vertex 19.626965172588825 3.54712525755167 3
    endloop
  endfacet
  facet normal 0 0 1
    outer loop
      vertex 19.626965172588825 21.45287474244833 3
      vertex 19.718928031623363 21.47343087941408 3
      vertex 0 25 3
    endloop
  endfacet
  facet normal 0 0 1
    outer loop
      vertex 0 0 3
      vertex 19.626965172588825 3.54712525755167 3
      vertex 19.536474511027336 3.5734152272343636 3
    endloop
  endfacet
  facet normal 0 0 1
    outer loop
      vertex 19.536474511027336 21.426584772765636 3
      vertex 19.626965172588825 21.45287474244833 3
      vertex 0 25 3
    endloop
  endfacet
  facet normal 0 0 1
    outer loop
      vertex 21.5 5 3
      vertex 25 0 3
      vertex 25 25 3
    endloop
  endfacet
  facet normal 0 0 1
    outer loop
      vertex 21.5 5 3
      vertex 25 25 3
      vertex 21.5 20 3
    endloop
  endfacet
  facet normal 0 0 1
    outer loop
      vertex 21.4970400929451 5.0941857770085335 3
      vertex 21.5 5 3
      vertex 21.5 20 3
    endloop
  endfacet
  facet normal 0 0 1
    outer loop
      vertex 21.4970400929451 5.0941857770085335 3
      vertex 21.5 20 3
      vertex 21.4970400929451 19.905814222991467 3
    endloop
  endfacet
  facet normal 0 0 1
    outer loop
      vertex 21.48817205429077 5.187999852001667 3
      vertex 21.4970400929451 5.0941857770085335 3
      vertex 21.4970400929451 19.905814222991467 3
    endloop
  endfacet
  facet normal 0 0 1
    outer loop
      vertex 21.48817205429077 5.187999852001667 3
      vertex 21.4970400929451 19.905814222991467 3
      vertex 21.48817205429077 19.812000147998333 3
    endloop
  endfacet
  facet normal 0 0 1
    outer loop
      vertex 21.47343087941408 5.2810719683766365 3
      vertex 21.48817205429077 5.187999852001667 3
      vertex 21.48817205429077 19.812000147998333 3
    endloop
  endfacet
  facet normal 0 0 1
    outer loop
      vertex 21.47343087941408 5.2810719683766365 3
      vertex 21.48817205429077 19.812000147998333 3
      vertex 21.47343087941408 19.718928031623363 3
    endloop
  endfacet
  facet normal 0 0 1
    outer loop
      vertex 21.45287474244833 5.373034827411175 3
      vertex 21.47343087941408 5.2810719683766365 3
      vertex 21.47343087941408 19.718928031623363 3
    endloop
  endfacet
  facet normal 0 0 1
    outer loop
      vertex 21.45287474244833 5.373034827411175 3
      vertex 21.47343087941408 19.718928031623363 3
      vertex 21.45287474244833 19.626965172588825 3
    endloop
  endfacet
  facet normal 0 0 1
    outer loop
      vertex 21.426584772765636 5.463525488972664 3
      vertex 21.45287474244833 5.373034827411175 3
      vertex 21.45287474244833 19.626965172588825 3
    endloop
  endfacet
  facet normal 0 0 1
    outer loop
      vertex 21.426584772765636 5.463525488972664 3
      vertex 21.45287474244833 19.626965172588825 3
      vertex 21.426584772765636 19.536474511027336 3
    endloop
  endfacet
  facet normal 0 0 1
    outer loop
      vertex 21.394664727151394 5.552186831831932 3
      vertex 21.426584772765636 5.463525488972664 3
      vertex 21.426584772765636 19.536474511027336 3
    endloop
  endfacet
  facet normal 0 0 1
    outer loop
      vertex 21.394664727151394 5.552186831831932 3
      vertex 21.426584772765636 19.536474511027336 3
      vertex 21.394664727151394 19.447813168168068 3
    endloop
  endfacet
  facet normal 0 0 1
    outer loop
      vertex 21.357240580022335 5.638668939471245 3
      vertex 21.394664727151394 5.552186831831932 3
      vertex 21.394664727151394 19.447813168168068 3
    endloop
  endfacet
  facet normal 0 0 1
    outer loop
      vertex 21.357240580022335 5.638668939471245 3
      vertex 21.394664727151394 19.447813168168068 3
      vertex 21.357240580022335 19.361331060528755 3
    endloop
  endfacet
  facet normal 0 0 1
    outer loop
      vertex 21.314460016787052 5.722630508244038 3
      vertex 21.357240580022335 5.638668939471245 3
      vertex 21.357240580022335 19.361331060528755 3
    endloop
  endfacet
  facet normal 0 0 1
    outer loop
      vertex 21.314460016787052 5.722630508244038 3
      vertex 21.357240580022335 19.361331060528755 3
      vertex 21.314460016787052 19.277369491755962 3
    endloop
  endfacet
  facet normal 0 0 1
    outer loop
      vertex 21.266491889953613 5.803740195930004 3
      vertex 21.314460016787052 5.722630508244038 3
      vertex 21.314460016787052 19.277369491755962 3
    endloop
  endfacet
  facet normal 0 0 1
    outer loop
      vertex 21.266491889953613 5.803740195930004 3
      vertex 21.314460016787052 19.277369491755962 3
      vertex 21.266491889953613 19.196259804069996 3
    endloop
  endfacet
  facet normal 0 0 1
    outer loop
      vertex 21.213525488972664 5.881677880883217 3
      vertex 21.266491889953613 5.803740195930004 3
      vertex 21.266491889953613 19.196259804069996 3
    endloop
  endfacet
  facet normal 0 0 1
    outer loop
      vertex 21.213525488972664 5.881677880883217 3
      vertex 21.266491889953613 19.196259804069996 3
      vertex 21.213525488972664 19.118322119116783 3
    endloop
  endfacet
  facet normal 0 0 1
    outer loop
      vertex 21.155769862234592 5.956135988235474 3
      vertex 21.213525488972664 5.881677880883217 3
      vertex 21.213525488972664 19.118322119116783 3
    endloop
  endfacet
  facet normal 0 0 1
    outer loop
      vertex 21.155769862234592 5.956135988235474 3
      vertex 21.213525488972664 19.118322119116783 3
      vertex 21.155769862234592 19.043864011764526 3
    endloop
  endfacet
  facet normal 0 0 1
    outer loop
      vertex 21.09345293790102 6.026820659637451 3
      vertex 21.155769862234592 5.956135988235474 3
      vertex 21.155769862234592 19.043864011764526 3
    endloop
  endfacet
  facet normal 0 0 1
    outer loop
      vertex 21.09345293790102 6.026820659637451 3
      vertex 21.155769862234592 19.043864011764526 3
      vertex 21.09345293790102 18.97317934036255 3
    endloop
  endfacet
  facet normal 0 0 1
    outer loop
      vertex 21.02682065963745 6.09345293790102 3
      vertex 21.09345293790102 6.026820659637451 3
      vertex 21.09345293790102 18.97317934036255 3
    endloop
  endfacet
  facet normal 0 0 1
    outer loop
      vertex 21.02682065963745 6.09345293790102 3
      vertex 21.09345293790102 18.97317934036255 3
      vertex 21.02682065963745 18.90654706209898 3
    endloop
  endfacet
  facet normal 0 0 1
    outer loop
      vertex 20.956135988235474 6.155769862234592 3
      vertex 21.02682065963745 6.09345293790102 3
      vertex 21.02682065963745 18.90654706209898 3
    endloop
  endfacet
  facet normal 0 0 1
    outer loop
      vertex 20.956135988235474 6.155769862234592 3
      vertex 21.02682065963745 18.90654706209898 3
      vertex 20.956135988235474 18.844230137765408 3
    endloop
  endfacet
  facet normal 0 0 1
    outer loop
      vertex 20.881677880883217 6.213525488972664 3
      vertex 20.956135988235474 6.155769862234592 3
      vertex 20.956135988235474 18.844230137765408 3
    endloop
  endfacet
  facet normal 0 0 1
    outer loop
      vertex 20.881677880883217 6.213525488972664 3
      vertex 20.956135988235474 18.844230137765408 3
      vertex 20.881677880883217 18.786474511027336 3
    endloop
  endfacet
  facet normal 0 0 1
    outer loop
      vertex 20.803740195930004 6.266491889953613 3
      vertex 20.881677880883217 6.213525488972664 3
      vertex 20.881677880883217 18.786474511027336 3
    endloop
  endfacet
  facet normal 0 0 1
    outer loop
      vertex 20.803740195930004 6.266491889953613 3
      vertex 20.881677880883217 18.786474511027336 3
      vertex 20.803740195930004 18.733508110046387 3
    endloop
  endfacet
  facet normal 0 0 1
    outer loop
      vertex 20.722630508244038 6.314460016787052 3
      vertex 20.803740195930004 6.266491889953613 3
      vertex 20.803740195930004 18.733508110046387 3
    endloop
  endfacet
  facet normal 0 0 1
    outer loop
      vertex 20.722630508244038 6.314460016787052 3
      vertex 20.803740195930004 18.733508110046387 3
      vertex 20.722630508244038 18.685539983212948 3
    endloop
  endfacet
  facet normal 0 0 1
    outer loop
      vertex 20.638668939471245 6.357240580022335 3
      vertex 20.722630508244038 6.314460016787052 3
      vertex 20.722630508244038 18.685539983212948 3
    endloop
  endfacet
  facet normal 0 0 1
    outer loop
      vertex 20.638668939471245 6.357240580022335 3
      vertex 20.722630508244038 18.685539983212948 3
      vertex 20.638668939471245 18.642759419977665 3
    endloop
  endfacet
  facet normal 0 0 1
    outer loop
      vertex 20.552186831831932 6.394664727151394 3
      vertex 20.638668939471245 6.357240580022335 3
      vertex 20.638668939471245 18.642759419977665 3
    endloop
  endfacet
  facet normal 0 0 1
    outer loop
      vertex 20.552186831831932 6.394664727151394 3
      vertex 20.638668939471245 18.642759419977665 3
      vertex 20.552186831831932 18.605335272848606 3
    endloop
  endfacet
  facet normal 0 0 1
    outer loop
      vertex 20.463525488972664 6.4265847727656364 3
      vertex 20.552186831831932 6.394664727151394 3
      vertex 20.552186831831932 18.605335272848606 3
    endloop
  endfacet
  facet normal 0 0 1
    outer loop
      vertex 20.463525488972664 6.4265847727656364 3
      vertex 20.552186831831932 18.605335272848606 3
      vertex 20.463525488972664 18.573415227234364 3
    endloop
  endfacet
  facet normal 0 0 1
    outer loop
      vertex 20.373034827411175 6.45287474244833 3
      vertex 20.463525488972664 6.4265847727656364 3
      vertex 20.463525488972664 18.573415227234364 3
    endloop
  endfacet
  facet normal 0 0 1
    outer loop
      vertex 20.373034827411175 6.45287474244833 3
      vertex 20.463525488972664 18.573415227234364 3
      vertex 20.373034827411175 18.54712525755167 3
    endloop
  endfacet
  facet normal 0 0 1
    outer loop
      vertex 20.281071968376637 6.473430879414082 3
      vertex 20.373034827411175 6.45287474244833 3
      vertex 20.373034827411175 18.54712525755167 3
    endloop
  endfacet
  facet normal 0 0 1
    outer loop
      vertex 20.281071968376637 6.473430879414082 3
      vertex 20.373034827411175 18.54712525755167 3
      vertex 20.281071968376637 18.52656912058592 3
    endloop
  endfacet
  facet normal 0 0 1
    outer loop
      vertex 20.187999852001667 6.4881720542907715 3
      vertex 20.281071968376637 6.473430879414082 3
      vertex 20.281071968376637 18.52656912058592 3
    endloop
  endfacet
  facet normal 0 0 1
    outer loop
      vertex 20.187999852001667 6.4881720542907715 3
      vertex 20.281071968376637 18.52656912058592 3
      vertex 20.187999852001667 18.51182794570923 3
    endloop
  endfacet
  facet normal 0 0 1
    outer loop
      vertex 20.094185777008533 6.497040092945099 3
      vertex 20.187999852001667 6.4881720542907715 3
      vertex 20.187999852001667 18.51182794570923 3
    endloop
  endfacet
  facet normal 0 0 1
    outer loop
      vertex 20.094185777008533 6.497040092945099 3
      vertex 20.187999852001667 18.51182794570923 3
      vertex 20.094185777008533 18.5029599070549 3
    endloop
  endfacet
  facet normal 0 0 1
    outer loop
      vertex 20 6.5 3
      vertex 20.094185777008533 6.497040092945099 3
      vertex 20.094185777008533 18.5029599070549 3
    endloop
  endfacet
  facet normal 0 0 1
    outer loop
      vertex 20 6.5 3
      vertex 20.094185777008533 18.5029599070549 3
      vertex 20 18.5 3
    endloop
  endfacet
  facet normal 0 0 1
    outer loop
      vertex 19.905814222991467 6.497040092945099 3
      vertex 20 6.5 3
      vertex 20 18.5 3
    endloop
  endfacet
  facet normal 0 0 1
    outer loop
      vertex 19.905814222991467 6.497040092945099 3
      vertex 20 18.5 3
      vertex 19.905814222991467 18.5029599070549 3
    endloop
  endfacet
  facet normal 0 0 1
    outer loop
      vertex 19.812000147998333 6.4881720542907715 3
      vertex 19.905814222991467 6.497040092945099 3
      vertex 19.905814222991467 18.5029599070549 3
    endloop
  endfacet
  facet normal 0 0 1
    outer loop
      vertex 19.812000147998333 6.4881720542907715 3
      vertex 19.905814222991467 18.5029599070549 3
      vertex 19.812000147998333 18.51182794570923 3
    endloop
  endfacet
  facet normal 0 0 1
    outer loop
      vertex 19.718928031623363 6.473430879414082 3
      vertex 19.812000147998333 6.4881720542907715 3
      vertex 19.812000147998333 18.51182794570923 3
    endloop
  endfacet
  facet normal 0 0 1
    outer loop
      vertex 19.718928031623363 6.473430879414082 3
      vertex 19.812000147998333 18.51182794570923 3
      vertex 19.718928031623363 18.52656912058592 3
    endloop
  endfacet
  facet normal 0 0 1
    outer loop
      vertex 19.626965172588825 6.45287474244833 3
      vertex 19.718928031623363 6.473430879414082 3
      vertex 19.718928031623363 18.52656912058592 3
    endloop
  endfacet
  facet normal 0 0 1
    outer loop
      vertex 19.626965172588825 6.45287474244833 3
      vertex 19.718928031623363 18.52656912058592 3
      vertex 19.626965172588825 18.54712525755167 3
    endloop
  endfacet
  facet normal 0 0 1
    outer loop
      vertex 19.536474511027336 6.4265847727656364 3
      vertex 19.626965172588825 6.45287474244833 3
      vertex 19.626965172588825 18.54712525755167 3
    endloop
  endfacet
  facet normal 0 0 1
    outer loop
      vertex 19.536474511027336 6.4265847727656364 3
      vertex 19.626965172588825 18.54712525755167 3
      vertex 19.536474511027336 18.573415227234364 3
    endloop
  endfacet
  facet normal 0 0 1
    outer loop
      vertex 19.447813168168068 6.394664727151394 3
      vertex 19.536474511027336 6.4265847727656364 3
      vertex 19.536474511027336 18.573415227234364 3
    endloop
  endfacet
  facet normal 0 0 1
    outer loop
      vertex 19.447813168168068 6.394664727151394 3
      vertex 19.536474511027336 18.573415227234364 3
      vertex 19.447813168168068 18.605335272848606 3
    endloop
  endfacet
  facet normal 0 0 1
    outer loop
      vertex 19.361331060528755 6.357240580022335 3
      vertex 19.447813168168068 6.394664727151394 3
      vertex 19.447813168168068 18.605335272848606 3
    endloop
  endfacet
  facet normal 0 0 1
    outer loop
      vertex 19.361331060528755 6.357240580022335 3
      vertex 19.447813168168068 18.605335272848606 3
      vertex 19.361331060528755 18.642759419977665 3
    endloop
  endfacet
  facet normal 0 0 1
    outer loop
      vertex 19.277369491755962 6.314460016787052 3
      vertex 19.361331060528755 6.357240580022335 3
      vertex 19.361331060528755 18.642759419977665 3
    endloop
  endfacet
  facet normal 0 0 1
    outer loop
      vertex 19.277369491755962 6.314460016787052 3
      vertex 19.361331060528755 18.642759419977665 3
      vertex 19.277369491755962 18.685539983212948 3
    endloop
  endfacet
  facet normal 0 0 1
    outer loop
      vertex 19.196259804069996 6.266491889953613 3
      vertex 19.277369491755962 6.314460016787052 3
      vertex 19.277369491755962 18.685539983212948 3
    endloop
  endfacet
  facet normal 0 0 1
    outer loop
      vertex 19.196259804069996 6.266491889953613 3
      vertex 19.277369491755962 18.685539983212948 3
      vertex 19.196259804069996 18.733508110046387 3
    endloop
  endfacet
  facet normal 0 0 1
    outer loop
      vertex 19.118322119116783 6.213525488972664 3
      vertex 19.196259804069996 6.266491889953613 3
      vertex 19.196259804069996 18.733508110046387 3
    endloop
  endfacet
  facet normal 0 0 1
    outer loop
      vertex 5.881677880883217 6.213525488972664 3
      vertex 19.118322119116783 6.213525488972664 3
      vertex 19.196259804069996 18.733508110046387 3
    endloop
  endfacet
  facet normal 0 0 1
    outer loop
      vertex 5.881677880883217 6.213525488972664 3
      vertex 19.196259804069996 18.733508110046387 3
      vertex 19.118322119116783 18.786474511027336 3
    endloop
  endfacet
  facet normal 0 0 1
    outer loop
      vertex 5.881677880883217 6.213525488972664 3
      vertex 19.118322119116783 18.786474511027336 3
      vertex 5.881677880883217 18.786474511027336 3
    endloop
  endfacet
  facet normal 0 0 1
    outer loop
      vertex 5.803740195930004 6.266491889953613 3
      vertex 5.881677880883217 6.213525488972664 3
      vertex 5.881677880883217 18.786474511027336 3
    endloop
  endfacet
  facet normal 0 0 1
    outer loop
      vertex 5.803740195930004 6.266491889953613 3
      vertex 5.881677880883217 18.786474511027336 3
      vertex 5.803740195930004 18.733508110046387 3
    endloop
  endfacet
  facet normal 0 0 1
    outer loop
      vertex 5.722630508244038 6.314460016787052 3
      vertex 5.803740195930004 6.266491889953613 3
      vertex 5.803740195930004 18.733508110046387 3
    endloop
  endfacet
  facet normal 0 0 1
    outer loop
      vertex 5.722630508244038 6.314460016787052 3
      vertex 5.803740195930004 18.733508110046387 3
      vertex 5.722630508244038 18.685539983212948 3
    endloop
  endfacet
  facet normal 0 0 1
    outer loop
      vertex 5.638668939471245 6.357240580022335 3
      vertex 5.722630508244038 6.314460016787052 3
      vertex 5.722630508244038 18.685539983212948 3
    endloop
  endfacet
  facet normal 0 0 1
    outer loop
      vertex 5.638668939471245 6.357240580022335 3
      vertex 5.722630508244038 18.685539983212948 3
      vertex 5.638668939471245 18.642759419977665 3
    endloop
  endfacet
  facet normal 0 0 1
    outer loop
      vertex 5.552186831831932 6.394664727151394 3
      vertex 5.638668939471245 6.357240580022335 3
      vertex 5.638668939471245 18.642759419977665 3
    endloop
  endfacet
  facet normal 0 0 1
    outer loop
      vertex 5.552186831831932 6.394664727151394 3
      vertex 5.638668939471245 18.642759419977665 3
      vertex 5.552186831831932 18.605335272848606 3
    endloop
  endfacet
  facet normal 0 0 1
    outer loop
      vertex 5.463525488972664 6.4265847727656364 3
      vertex 5.552186831831932 6.394664727151394 3
      vertex 5.552186831831932 18.605335272848606 3
    endloop
  endfacet
  facet normal 0 0 1
    outer loop
      vertex 5.463525488972664 6.4265847727656364 3
      vertex 5.552186831831932 18.605335272848606 3
      vertex 5.463525488972664 18.573415227234364 3
    endloop
  endfacet
  facet normal 0 0 1
    outer loop
      vertex 5.373034827411175 6.45287474244833 3
      vertex 5.463525488972664 6.4265847727656364 3
      vertex 5.463525488972664 18.573415227234364 3
    endloop
  endfacet
  facet normal 0 0 1
    outer loop
      vertex 5.373034827411175 6.45287474244833 3
      vertex 5.463525488972664 18.573415227234364 3
      vertex 5.373034827411175 18.54712525755167 3
    endloop
  endfacet
  facet normal 0 0 1
    outer loop
      vertex 5.2810719683766365 6.473430879414082 3
      vertex 5.373034827411175 6.45287474244833 3
      vertex 5.373034827411175 18.54712525755167 3
    endloop
  endfacet
  facet normal 0 0 1
    outer loop
      vertex 5.2810719683766365 6.473430879414082 3
      vertex 5.373034827411175 18.54712525755167 3
      vertex 5.2810719683766365 18.52656912058592 3
    endloop
  endfacet
  facet normal 0 0 1
    outer loop
      vertex 5.187999852001667 6.4881720542907715 3
      vertex 5.2810719683766365 6.473430879414082 3
      vertex 5.2810719683766365 18.52656912058592 3
    endloop
  endfacet
  facet normal 0 0 1
    outer loop
      vertex 5.187999852001667 6.4881720542907715 3
      vertex 5.2810719683766365 18.52656912058592 3
      vertex 5.187999852001667 18.51182794570923 3
    endloop
  endfacet
  facet normal 0 0 1
    outer loop
      vertex 5.0941857770085335 6.497040092945099 3
      vertex 5.187999852001667 6.4881720542907715 3
      vertex 5.187999852001667 18.51182794570923 3
    endloop
  endfacet
  facet normal 0 0 1
    outer loop
      vertex 5.0941857770085335 6.497040092945099 3
      vertex 5.187999852001667 18.51182794570923 3
      vertex 5.0941857770085335 18.5029599070549 3
    endloop
  endfacet
  facet normal 0 0 1
    outer loop
      vertex 5 6.5 3
      vertex 5.0941857770085335 6.497040092945099 3
      vertex 5.0941857770085335 18.5029599070549 3
    endloop
  endfacet
  facet normal 0 0 1
    outer loop
      vertex 5 6.5 3
      vertex 5.0941857770085335 18.5029599070549 3
      vertex 5 18.5 3
    endloop
  endfacet
  facet normal 0 0 1
    outer loop
      vertex 4.9058142229914665 6.497040092945099 3
      vertex 5 6.5 3
      vertex 5 18.5 3
    endloop
  endfacet
  facet normal 0 0 1
    outer loop
      vertex 4.9058142229914665 6.497040092945099 3
      vertex 5 18.5 3
      vertex 4.9058142229914665 18.5029599070549 3
    endloop
  endfacet
  facet normal 0 0 1
    outer loop
      vertex 4.812000147998333 6.4881720542907715 3
      vertex 4.9058142229914665 6.497040092945099 3
      vertex 4.9058142229914665 18.5029599070549 3
    endloop
  endfacet
  facet normal 0 0 1
    outer loop
      vertex 4.812000147998333 6.4881720542907715 3
      vertex 4.9058142229914665 18.5029599070549 3
      vertex 4.812000147998333 18.51182794570923 3
    endloop
  endfacet
  facet normal 0 0 1
    outer loop
      vertex 4.7189280316233635 6.473430879414082 3
      vertex 4.812000147998333 6.4881720542907715 3
      vertex 4.812000147998333 18.51182794570923 3
    endloop
  endfacet
  facet normal 0 0 1
    outer loop
      vertex 4.7189280316233635 6.473430879414082 3
      vertex 4.812000147998333 18.51182794570923 3
      vertex 4.7189280316233635 18.52656912058592 3
    endloop
  endfacet
  facet normal 0 0 1
    outer loop
      vertex 4.626965172588825 6.45287474244833 3
      vertex 4.7189280316233635 6.473430879414082 3
      vertex 4.7189280316233635 18.52656912058592 3
    endloop
  endfacet
  facet normal 0 0 1
    outer loop
      vertex 4.626965172588825 6.45287474244833 3
      vertex 4.7189280316233635 18.52656912058592 3
      vertex 4.626965172588825 18.54712525755167 3
    endloop
  endfacet
  facet normal 0 0 1
    outer loop
      vertex 4.536474511027336 6.4265847727656364 3
      vertex 4.626965172588825 6.45287474244833 3
      vertex 4.626965172588825 18.54712525755167 3
    endloop
  endfacet
  facet normal 0 0 1
    outer loop
      vertex 4.536474511027336 6.4265847727656364 3
      vertex 4.626965172588825 18.54712525755167 3
      vertex 4.536474511027336 18.573415227234364 3
    endloop
  endfacet
  facet normal 0 0 1
    outer loop
      vertex 4.447813168168068 6.394664727151394 3
      vertex 4.536474511027336 6.4265847727656364 3
      vertex 4.536474511027336 18.573415227234364 3
    endloop
  endfacet
  facet normal 0 0 1
    outer loop
      vertex 4.447813168168068 6.394664727151394 3
      vertex 4.536474511027336 18.573415227234364 3
      vertex 4.447813168168068 18.605335272848606 3
    endloop
  endfacet
  facet normal 0 0 1
    outer loop
      vertex 4.361331060528755 6.357240580022335 3
      vertex 4.447813168168068 6.394664727151394 3
      vertex 4.447813168168068 18.605335272848606 3
    endloop
  endfacet
  facet normal 0 0 1
    outer loop
      vertex 4.361331060528755 6.357240580022335 3
      vertex 4.447813168168068 18.605335272848606 3
      vertex 4.361331060528755 18.642759419977665 3
    endloop
  endfacet
  facet normal 0 0 1
    outer loop
      vertex 4.277369491755962 6.314460016787052 3
      vertex 4.361331060528755 6.357240580022335 3
      vertex 4.361331060528755 18.642759419977665 3
    endloop
  endfacet
  facet normal 0 0 1
    outer loop
      vertex 4.277369491755962 6.314460016787052 3
      vertex 4.361331060528755 18.642759419977665 3
      vertex 4.277369491755962 18.685539983212948 3
    endloop
  endfacet
  facet normal 0 0 1
    outer loop
      vertex 4.196259804069996 6.266491889953613 3
      vertex 4.277369491755962 6.314460016787052 3
      vertex 4.277369491755962 18.685539983212948 3
    endloop
  endfacet
  facet normal 0 0 1
    outer loop
      vertex 4.196259804069996 6.266491889953613 3
      vertex 4.277369491755962 18.685539983212948 3
      vertex 4.196259804069996 18.733508110046387 3
    endloop
  endfacet
  facet normal 0 0 1
    outer loop
      vertex 4.118322119116783 6.213525488972664 3
      vertex 4.196259804069996 6.266491889953613 3
      vertex 4.196259804069996 18.733508110046387 3
    endloop
  endfacet
  facet normal 0 0 1
    outer loop
      vertex 4.118322119116783 6.213525488972664 3
      vertex 4.196259804069996 18.733508110046387 3
      vertex 4.118322119116783 18.786474511027336 3
    endloop
  endfacet
  facet normal 0 0 1
    outer loop
      vertex 4.043864011764526 6.155769862234592 3
      vertex 4.118322119116783 6.213525488972664 3
      vertex 4.118322119116783 18.786474511027336 3
    endloop
  endfacet
  facet normal 0 0 1
    outer loop
      vertex 4.043864011764526 6.155769862234592 3
      vertex 4.118322119116783 18.786474511027336 3
      vertex 4.043864011764526 18.844230137765408 3
    endloop
  endfacet
  facet normal 0 0 1
    outer loop
      vertex 3.973179340362549 6.09345293790102 3
      vertex 4.043864011764526 6.155769862234592 3
      vertex 4.043864011764526 18.844230137765408 3
    endloop
  endfacet
  facet normal 0 0 1
    outer loop
      vertex 3.973179340362549 6.09345293790102 3
      vertex 4.043864011764526 18.844230137765408 3
      vertex 3.973179340362549 18.90654706209898 3
    endloop
  endfacet
  facet normal 0 0 1
    outer loop
      vertex 3.90654706209898 6.026820659637451 3
      vertex 3.973179340362549 6.09345293790102 3
      vertex 3.973179340362549 18.90654706209898 3
    endloop
  endfacet
  facet normal 0 0 1
    outer loop
      vertex 3.90654706209898 6.026820659637451 3
      vertex 3.973179340362549 18.90654706209898 3
      vertex 3.90654706209898 18.97317934036255 3
    endloop
  endfacet
  facet normal 0 0 1
    outer loop
      vertex 3.8442301377654076 5.956135988235474 3
      vertex 3.90654706209898 6.026820659637451 3
      vertex 3.90654706209898 18.97317934036255 3
    endloop
  endfacet
  facet normal 0 0 1
    outer loop
      vertex 3.8442301377654076 5.956135988235474 3
      vertex 3.90654706209898 18.97317934036255 3
      vertex 3.8442301377654076 19.043864011764526 3
    endloop
  endfacet
  facet normal 0 0 1
    outer loop
      vertex 3.786474511027336 5.881677880883217 3
      vertex 3.8442301377654076 5.956135988235474 3
      vertex 3.8442301377654076 19.043864011764526 3
    endloop
  endfacet
  facet normal 0 0 1
    outer loop
      vertex 3.786474511027336 5.881677880883217 3
      vertex 3.8442301377654076 19.043864011764526 3
      vertex 3.786474511027336 19.118322119116783 3
    endloop
  endfacet
  facet normal 0 0 1
    outer loop
      vertex 0 0 3
      vertex 19.536474511027336 3.5734152272343636 3
      vertex 19.447813168168068 3.605335272848606 3
    endloop
  endfacet
  facet normal 0 0 1
    outer loop
      vertex 19.447813168168068 21.394664727151394 3
      vertex 19.536474511027336 21.426584772765636 3
      vertex 0 25 3
    endloop
  endfacet
  facet normal 0 0 1
    outer loop
      vertex 0 0 3
      vertex 19.447813168168068 3.605335272848606 3
      vertex 19.361331060528755 3.642759419977665 3
    endloop
  endfacet
  facet normal 0 0 1
    outer loop
      vertex 19.361331060528755 21.357240580022335 3
      vertex 19.447813168168068 21.394664727151394 3
      vertex 0 25 3
    endloop
  endfacet
  facet normal 0 0 1
    outer loop
      vertex 0 0 3
      vertex 19.361331060528755 3.642759419977665 3
      vertex 19.277369491755962 3.685539983212948 3
    endloop
  endfacet
  facet normal 0 0 1
    outer loop
      vertex 19.277369491755962 21.314460016787052 3
      vertex 19.361331060528755 21.357240580022335 3
      vertex 0 25 3
    endloop
  endfacet
  facet normal 0 0 1
    outer loop
      vertex 0 0 3
      vertex 19.277369491755962 3.685539983212948 3
      vertex 19.196259804069996 3.7335081100463867 3
    endloop
  endfacet
  facet normal 0 0 1
    outer loop
      vertex 19.196259804069996 21.266491889953613 3
      vertex 19.277369491755962 21.314460016787052 3
      vertex 0 25 3
    endloop
  endfacet
  facet normal 0 0 1
    outer loop
      vertex 0 0 3
      vertex 19.196259804069996 3.7335081100463867 3
      vertex 19.118322119116783 3.786474511027336 3
    endloop
  endfacet
  facet normal 0 0 1
    outer loop
      vertex 19.118322119116783 21.213525488972664 3
      vertex 19.196259804069996 21.266491889953613 3
      vertex 0 25 3
    endloop
  endfacet
  facet normal 0 0 1
    outer loop
      vertex 19.118322119116783 3.786474511027336 3
      vertex 5.881677880883217 3.786474511027336 3
      vertex 5.803740195930004 3.7335081100463867 3
    endloop
  endfacet
  facet normal 0 0 1
    outer loop
      vertex 0 0 3
      vertex 19.118322119116783 3.786474511027336 3
      vertex 5.803740195930004 3.7335081100463867 3
    endloop
  endfacet
  facet normal 0 0 1
    outer loop
      vertex 0 0 3
      vertex 5.803740195930004 3.7335081100463867 3
      vertex 5.722630508244038 3.685539983212948 3
    endloop
  endfacet
  facet normal 0 0 1
    outer loop
      vertex 0 0 3
      vertex 5.722630508244038 3.685539983212948 3
      vertex 5.638668939471245 3.642759419977665 3
    endloop
  endfacet
  facet normal 0 0 1
    outer loop
      vertex 0 0 3
      vertex 5.638668939471245 3.642759419977665 3
      vertex 5.552186831831932 3.605335272848606 3
    endloop
  endfacet
  facet normal 0 0 1
    outer loop
      vertex 0 0 3
      vertex 5.552186831831932 3.605335272848606 3
      vertex 5.463525488972664 3.5734152272343636 3
    endloop
  endfacet
  facet normal 0 0 1
    outer loop
      vertex 0 0 3
      vertex 5.463525488972664 3.5734152272343636 3
      vertex 5.373034827411175 3.54712525755167 3
    endloop
  endfacet
  facet normal 0 0 1
    outer loop
      vertex 0 0 3
      vertex 5.373034827411175 3.54712525755167 3
      vertex 5.2810719683766365 3.5265691205859184 3
    endloop
  endfacet
  facet normal 0 0 1
    outer loop
      vertex 0 0 3
      vertex 5.2810719683766365 3.5265691205859184 3
      vertex 5.187999852001667 3.5118279457092285 3
    endloop
  endfacet
  facet normal 0 0 1
    outer loop
      vertex 0 0 3
      vertex 5.187999852001667 3.5118279457092285 3
      vertex 5.0941857770085335 3.502959907054901 3
    endloop
  endfacet
  facet normal 0 0 1
    outer loop
      vertex 0 0 3
      vertex 5.0941857770085335 3.502959907054901 3
      vertex 5 3.5 3
    endloop
  endfacet
  facet normal 0 0 1
    outer loop
      vertex 0 0 3
      vertex 5 3.5 3
      vertex 4.9058142229914665 3.502959907054901 3
    endloop
  endfacet
  facet normal 0 0 1
    outer loop
      vertex 0 0 3
      vertex 4.9058142229914665 3.502959907054901 3
      vertex 4.812000147998333 3.5118279457092285 3
    endloop
  endfacet
  facet normal 0 0 1
    outer loop
      vertex 0 0 3
      vertex 4.812000147998333 3.5118279457092285 3
      vertex 4.7189280316233635 3.5265691205859184 3
    endloop
  endfacet
  facet normal 0 0 1
    outer loop
      vertex 0 0 3
      vertex 4.7189280316233635 3.5265691205859184 3
      vertex 4.626965172588825 3.54712525755167 3
    endloop
  endfacet
  facet normal 0 0 1
    outer loop
      vertex 0 0 3
      vertex 4.626965172588825 3.54712525755167 3
      vertex 4.536474511027336 3.5734152272343636 3
    endloop
  endfacet
  facet normal 0 0 1
    outer loop
      vertex 0 0 3
      vertex 4.536474511027336 3.5734152272343636 3
      vertex 4.447813168168068 3.605335272848606 3
    endloop
  endfacet
  facet normal 0 0 1
    outer loop
      vertex 0 0 3
      vertex 4.447813168168068 3.605335272848606 3
      vertex 4.361331060528755 3.642759419977665 3
    endloop
  endfacet
  facet normal 0 0 1
    outer loop
      vertex 0 0 3
      vertex 4.361331060528755 3.642759419977665 3
      vertex 4.277369491755962 3.685539983212948 3
    endloop
  endfacet
  facet normal 0 0 1
    outer loop
      vertex 0 0 3
      vertex 4.277369491755962 3.685539983212948 3
      vertex 4.196259804069996 3.7335081100463867 3
    endloop
  endfacet
  facet normal 0 0 1
    outer loop
      vertex 0 0 3
      vertex 4.196259804069996 3.7335081100463867 3
      vertex 4.118322119116783 3.786474511027336 3
    endloop
  endfacet
  facet normal 0 0 1
    outer loop
      vertex 0 0 3
      vertex 4.118322119116783 3.786474511027336 3
      vertex 4.043864011764526 3.8442301377654076 3
    endloop
  endfacet
  facet normal 0 0 1
    outer loop
      vertex 0 0 3
      vertex 4.043864011764526 3.8442301377654076 3
      vertex 3.973179340362549 3.90654706209898 3
    endloop
  endfacet
  facet normal 0 0 1
    outer loop
      vertex 0 0 3
      vertex 3.973179340362549 3.90654706209898 3
      vertex 3.90654706209898 3.973179340362549 3
    endloop
  endfacet
  facet normal 0 0 1
    outer loop
      vertex 0 0 3
      vertex 3.90654706209898 3.973179340362549 3
      vertex 3.8442301377654076 4.043864011764526 3
    endloop
  endfacet
  facet normal 0 0 1
    outer loop
      vertex 0 0 3
      vertex 3.8442301377654076 4.043864011764526 3
      vertex 3.786474511027336 4.118322119116783 3
    endloop
  endfacet
  facet normal 0 0 1
    outer loop
      vertex 0 0 3
      vertex 3.786474511027336 4.118322119116783 3
      vertex 3.7335081100463867 4.196259804069996 3
    endloop
  endfacet
  facet normal 0 0 1
    outer loop
      vertex 0 0 3
      vertex 3.7335081100463867 4.196259804069996 3
      vertex 3.685539983212948 4.277369491755962 3
    endloop
  endfacet
  facet normal 0 0 1
    outer loop
      vertex 0 0 3
      vertex 3.685539983212948 4.277369491755962 3
      vertex 3.642759419977665 4.361331060528755 3
    endloop
  endfacet
  facet normal 0 0 1
    outer loop
      vertex 0 0 3
      vertex 3.642759419977665 4.361331060528755 3
      vertex 3.605335272848606 4.447813168168068 3
    endloop
  endfacet
  facet normal 0 0 1
    outer loop
      vertex 0 0 3
      vertex 3.605335272848606 4.447813168168068 3
      vertex 3.5734152272343636 4.536474511027336 3
    endloop
  endfacet
  facet normal 0 0 1
    outer loop
      vertex 0 0 3
      vertex 3.5734152272343636 4.536474511027336 3
      vertex 3.54712525755167 4.626965172588825 3
    endloop
  endfacet
  facet normal 0 0 1
    outer loop
      vertex 0 0 3
      vertex 3.54712525755167 4.626965172588825 3
      vertex 3.5265691205859184 4.7189280316233635 3
    endloop
  endfacet
  facet normal 0 0 1
    outer loop
      vertex 0 0 3
      vertex 3.5265691205859184 4.7189280316233635 3
      vertex 3.5118279457092285 4.812000147998333 3
    endloop
  endfacet
  facet normal 0 0 1
    outer loop
      vertex 0 0 3
      vertex 3.5118279457092285 4.812000147998333 3
      vertex 3.502959907054901 4.9058142229914665 3
    endloop
  endfacet
  facet normal 0 0 1
    outer loop
      vertex 0 25 3
      vertex 0 0 3
      vertex 3.502959907054901 4.9058142229914665 3
    endloop
  endfacet
  facet normal 0 0 1
    outer loop
      vertex 0 25 3
      vertex 3.502959907054901 4.9058142229914665 3
      vertex 3.5 5 3
    endloop
  endfacet
  facet normal 0 0 1
    outer loop
      vertex 0 25 3
      vertex 3.5 5 3
      vertex 3.502959907054901 5.0941857770085335 3
    endloop
  endfacet
  facet normal 0 0 1
    outer loop
      vertex 0 25 3
      vertex 3.502959907054901 5.0941857770085335 3
      vertex 3.5118279457092285 5.187999852001667 3
    endloop
  endfacet
  facet normal 0 0 1
    outer loop
      vertex 0 25 3
      vertex 3.5118279457092285 5.187999852001667 3
      vertex 3.5265691205859184 5.2810719683766365 3
    endloop
  endfacet
  facet normal 0 0 1
    outer loop
      vertex 0 25 3
      vertex 3.5265691205859184 5.2810719683766365 3
      vertex 3.54712525755167 5.373034827411175 3
    endloop
  endfacet
  facet normal 0 0 1
    outer loop
      vertex 0 25 3
      vertex 3.54712525755167 5.373034827411175 3
      vertex 3.5734152272343636 5.463525488972664 3
    endloop
  endfacet
  facet normal 0 0 1
    outer loop
      vertex 0 25 3
      vertex 3.5734152272343636 5.463525488972664 3
      vertex 3.605335272848606 5.552186831831932 3
    endloop
  endfacet
  facet normal 0 0 1
    outer loop
      vertex 0 25 3
      vertex 3.605335272848606 5.552186831831932 3
      vertex 3.642759419977665 5.638668939471245 3
    endloop
  endfacet
  facet normal 0 0 1
    outer loop
      vertex 0 25 3
      vertex 3.642759419977665 5.638668939471245 3
      vertex 3.685539983212948 5.722630508244038 3
    endloop
  endfacet
  facet normal 0 0 1
    outer loop
      vertex 0 25 3
      vertex 3.685539983212948 5.722630508244038 3
      vertex 3.7335081100463867 5.803740195930004 3
    endloop
  endfacet
  facet normal 0 0 1
    outer loop
      vertex 0 25 3
      vertex 3.7335081100463867 5.803740195930004 3
      vertex 3.786474511027336 5.881677880883217 3
    endloop
  endfacet
  facet normal 0 0 1
    outer loop
      vertex 5.803740195930004 21.266491889953613 3
      vertex 5.881677880883217 21.213525488972664 3
      vertex 19.118322119116783 21.213525488972664 3
    endloop
  endfacet
  facet normal 0 0 1
    outer loop
      vertex 5.803740195930004 21.266491889953613 3
      vertex 19.118322119116783 21.213525488972664 3
      vertex 0 25 3
    endloop
  endfacet
  facet normal 0 0 1
    outer loop
      vertex 5.722630508244038 21.314460016787052 3
      vertex 5.803740195930004 21.266491889953613 3
      vertex 0 25 3
    endloop
  endfacet
  facet normal 0 0 1
    outer loop
      vertex 5.638668939471245 21.357240580022335 3
      vertex 5.722630508244038 21.314460016787052 3
      vertex 0 25 3
    endloop
  endfacet
  facet normal 0 0 1
    outer loop
      vertex 5.552186831831932 21.394664727151394 3
      vertex 5.638668939471245 21.357240580022335 3
      vertex 0 25 3
    endloop
  endfacet
  facet normal 0 0 1
    outer loop
      vertex 5.463525488972664 21.426584772765636 3
      vertex 5.552186831831932 21.394664727151394 3
      vertex 0 25 3
    endloop
  endfacet
  facet normal 0 0 1
    outer loop
      vertex 5.373034827411175 21.45287474244833 3
      vertex 5.463525488972664 21.426584772765636 3
      vertex 0 25 3
    endloop
  endfacet
  facet normal 0 0 1
    outer loop
      vertex 5.2810719683766365 21.47343087941408 3
      vertex 5.373034827411175 21.45287474244833 3
      vertex 0 25 3
    endloop
  endfacet
  facet normal 0 0 1
    outer loop
      vertex 5.187999852001667 21.48817205429077 3
      vertex 5.2810719683766365 21.47343087941408 3
      vertex 0 25 3
    endloop
  endfacet
  facet normal 0 0 1
    outer loop
      vertex 5.0941857770085335 21.4970400929451 3
      vertex 5.187999852001667 21.48817205429077 3
      vertex 0 25 3
    endloop
  endfacet
  facet normal 0 0 1
    outer loop
      vertex 5 21.5 3
      vertex 5.0941857770085335 21.4970400929451 3
      vertex 0 25 3
    endloop
  endfacet
  facet normal 0 0 1
    outer loop
      vertex 4.9058142229914665 21.4970400929451 3
      vertex 5 21.5 3
      vertex 0 25 3
    endloop
  endfacet
  facet normal 0 0 1
    outer loop
      vertex 4.812000147998333 21.48817205429077 3
      vertex 4.9058142229914665 21.4970400929451 3
      vertex 0 25 3
    endloop
  endfacet
  facet normal 0 0 1
    outer loop
      vertex 4.7189280316233635 21.47343087941408 3
      vertex 4.812000147998333 21.48817205429077 3
      vertex 0 25 3
    endloop
  endfacet
  facet normal 0 0 1
    outer loop
      vertex 4.626965172588825 21.45287474244833 3
      vertex 4.7189280316233635 21.47343087941408 3
      vertex 0 25 3
    endloop
  endfacet
  facet normal 0 0 1
    outer loop
      vertex 4.536474511027336 21.426584772765636 3
      vertex 4.626965172588825 21.45287474244833 3
      vertex 0 25 3
    endloop
  endfacet
  facet normal 0 0 1
    outer loop
      vertex 4.447813168168068 21.394664727151394 3
      vertex 4.536474511027336 21.426584772765636 3
      vertex 0 25 3
    endloop
  endfacet
  facet normal 0 0 1
    outer loop
      vertex 4.361331060528755 21.357240580022335 3
      vertex 4.447813168168068 21.394664727151394 3
      vertex 0 25 3
    endloop
  endfacet
  facet normal 0 0 1
    outer loop
      vertex 4.277369491755962 21.314460016787052 3
      vertex 4.361331060528755 21.357240580022335 3
      vertex 0 25 3
    endloop
  endfacet
  facet normal 0 0 1
    outer loop
      vertex 4.196259804069996 21.266491889953613 3
      vertex 4.277369491755962 21.314460016787052 3
      vertex 0 25 3
    endloop
  endfacet
  facet normal 0 0 1
    outer loop
      vertex 4.118322119116783 21.213525488972664 3
      vertex 4.196259804069996 21.266491889953613 3
      vertex 0 25 3
    endloop
  endfacet
  facet normal 0 0 1
    outer loop
      vertex 4.043864011764526 21.155769862234592 3
      vertex 4.118322119116783 21.213525488972664 3
      vertex 0 25 3
    endloop
  endfacet
  facet normal 0 0 1
    outer loop
      vertex 3.973179340362549 21.09345293790102 3
      vertex 4.043864011764526 21.155769862234592 3
      vertex 0 25 3
    endloop
  endfacet
  facet normal 0 0 1
    outer loop
      vertex 3.90654706209898 21.02682065963745 3
      vertex 3.973179340362549 21.09345293790102 3
      vertex 0 25 3
    endloop
  endfacet
  facet normal 0 0 1
    outer loop
      vertex 3.8442301377654076 20.956135988235474 3
      vertex 3.90654706209898 21.02682065963745 3
      vertex 0 25 3
    endloop
  endfacet
  facet normal 0 0 1
    outer loop
      vertex 3.786474511027336 20.881677880883217 3
      vertex 3.8442301377654076 20.956135988235474 3
      vertex 0 25 3
    endloop
  endfacet
  facet normal 0 0 1
    outer loop
      vertex 3.7335081100463867 20.803740195930004 3
      vertex 3.786474511027336 20.881677880883217 3
      vertex 0 25 3
    endloop
  endfacet
  facet normal 0 0 1
    outer loop
      vertex 3.685539983212948 20.722630508244038 3
      vertex 3.7335081100463867 20.803740195930004 3
      vertex 0 25 3
    endloop
  endfacet
  facet normal 0 0 1
    outer loop
      vertex 3.642759419977665 20.638668939471245 3
      vertex 3.685539983212948 20.722630508244038 3
      vertex 0 25 3
    endloop
  endfacet
  facet normal 0 0 1
    outer loop
      vertex 3.605335272848606 20.552186831831932 3
      vertex 3.642759419977665 20.638668939471245 3
      vertex 0 25 3
    endloop
  endfacet
  facet normal 0 0 1
    outer loop
      vertex 3.5734152272343636 20.463525488972664 3
      vertex 3.605335272848606 20.552186831831932 3
      vertex 0 25 3
    endloop
  endfacet
  facet normal 0 0 1
    outer loop
      vertex 3.54712525755167 20.373034827411175 3
      vertex 3.5734152272343636 20.463525488972664 3
      vertex 0 25 3
    endloop
  endfacet
  facet normal 0 0 1
    outer loop
      vertex 3.5265691205859184 20.281071968376637 3
      vertex 3.54712525755167 20.373034827411175 3
      vertex 0 25 3
    endloop
  endfacet
  facet normal 0 0 1
    outer loop
      vertex 3.5118279457092285 20.187999852001667 3
      vertex 3.5265691205859184 20.281071968376637 3
      vertex 0 25 3
    endloop
  endfacet
  facet normal 0 0 1
    outer loop
      vertex 3.502959907054901 20.094185777008533 3
      vertex 3.5118279457092285 20.187999852001667 3
      vertex 0 25 3
    endloop
  endfacet
  facet normal 0 0 1
    outer loop
      vertex 3.5 20 3
      vertex 3.502959907054901 20.094185777008533 3
      vertex 0 25 3
    endloop
  endfacet
  facet normal 0 0 1
    outer loop
      vertex 3.5 20 3
      vertex 0 25 3
      vertex 3.786474511027336 5.881677880883217 3
    endloop
  endfacet
  facet normal 0 0 1
    outer loop
      vertex 3.502959907054901 19.905814222991467 3
      vertex 3.5 20 3
      vertex 3.786474511027336 5.881677880883217 3
    endloop
  endfacet
  facet normal 0 0 1
    outer loop
      vertex 3.5118279457092285 19.812000147998333 3
      vertex 3.502959907054901 19.905814222991467 3
      vertex 3.786474511027336 5.881677880883217 3
    endloop
  endfacet
  facet normal 0 0 1
    outer loop
      vertex 3.5265691205859184 19.718928031623363 3
      vertex 3.5118279457092285 19.812000147998333 3
      vertex 3.786474511027336 5.881677880883217 3
    endloop
  endfacet
  facet normal 0 0 1
    outer loop
      vertex 3.54712525755167 19.626965172588825 3
      vertex 3.5265691205859184 19.718928031623363 3
      vertex 3.786474511027336 5.881677880883217 3
    endloop
  endfacet
  facet normal 0 0 1
    outer loop
      vertex 3.5734152272343636 19.536474511027336 3
      vertex 3.54712525755167 19.626965172588825 3
      vertex 3.786474511027336 5.881677880883217 3
    endloop
  endfacet
  facet normal 0 0 1
    outer loop
      vertex 3.605335272848606 19.447813168168068 3
      vertex 3.5734152272343636 19.536474511027336 3
      vertex 3.786474511027336 5.881677880883217 3
    endloop
  endfacet
  facet normal 0 0 1
    outer loop
      vertex 3.642759419977665 19.361331060528755 3
      vertex 3.605335272848606 19.447813168168068 3
      vertex 3.786474511027336 5.881677880883217 3
    endloop
  endfacet
  facet normal 0 0 1
    outer loop
      vertex 3.685539983212948 19.277369491755962 3
      vertex 3.642759419977665 19.361331060528755 3
      vertex 3.786474511027336 5.881677880883217 3
    endloop
  endfacet
  facet normal 0 0 1
    outer loop
      vertex 3.7335081100463867 19.196259804069996 3
      vertex 3.685539983212948 19.277369491755962 3
      vertex 3.786474511027336 5.881677880883217 3
    endloop
  endfacet
  facet normal 0 0 1
    outer loop
      vertex 3.7335081100463867 19.196259804069996 3
      vertex 3.786474511027336 5.881677880883217 3
      vertex 3.786474511027336 19.118322119116783 3
    endloop
  endfacet
endsolid OpenSCAD_Model
