solid OpenSCAD_Model
  facet normal 0 0 -1
    outer loop
      vertex 0 60 0
      vertex 4.90581 56.497 0
      vertex 4.812 56.4882 0
    endloop
  endfacet
  facet normal 0 -0 -1
    outer loop
      vertex 24.4478 53.6053 0
      vertex 24.5365 53.5734 0
      vertex 18.9 47.5 0
    endloop
  endfacet
  facet normal -0 -0 -1
    outer loop
      vertex 4.90581 53.5029 0
      vertex 11.1 47.5 0
      vertex 4.812 53.5118 0
    endloop
  endfacet
  facet normal 0 0 -1
    outer loop
      vertex 11.1 47.5 0
      vertex 5.88167 53.7865 0
      vertex 5.95613 53.8442 0
    endloop
  endfacet
  facet normal 0 0 -1
    outer loop
      vertex 11.1 47.5 0
      vertex 4.71892 53.5266 0
      vertex 4.812 53.5118 0
    endloop
  endfacet
  facet normal 0 0 -1
    outer loop
      vertex 11.1 47.5 0
      vertex 4.53647 53.5734 0
      vertex 4.62695 53.5471 0
    endloop
  endfacet
  facet normal 0 0 -1
    outer loop
      vertex 11.1 47.5 0
      vertex 4.4478 53.6053 0
      vertex 4.53647 53.5734 0
    endloop
  endfacet
  facet normal 0 0 -1
    outer loop
      vertex 25.8037 53.7335 0
      vertex 18.9 12.5 0
      vertex 18.9 47.5 0
    endloop
  endfacet
  facet normal 0 0 -1
    outer loop
      vertex 11.1 47.5 0
      vertex 4.27736 53.6855 0
      vertex 4.36133 53.6427 0
    endloop
  endfacet
  facet normal -0 -0 -1
    outer loop
      vertex 16.4 47.5 0
      vertex 16.4 12.5 0
      vertex 13.6 47.5 0
    endloop
  endfacet
  facet normal -0 -0 -1
    outer loop
      vertex 11.1 47.5 0
      vertex 11.1 12.5 0
      vertex 4.19626 53.7335 0
    endloop
  endfacet
  facet normal 0 0 -1
    outer loop
      vertex 16.4 12.5 0
      vertex 13.6 12.5 0
      vertex 13.6 47.5 0
    endloop
  endfacet
  facet normal -0 0 -1
    outer loop
      vertex 3.64275 5.63866 0
      vertex 0 0 0
      vertex 3.68553 5.72263 0
    endloop
  endfacet
  facet normal 0 0 -1
    outer loop
      vertex 3.64275 5.63866 0
      vertex 3.60533 5.55219 0
      vertex 0 0 0
    endloop
  endfacet
  facet normal 0 0 -1
    outer loop
      vertex 3.51183 5.18799 0
      vertex 3.50294 5.09418 0
      vertex 0 0 0
    endloop
  endfacet
  facet normal 0 0 -1
    outer loop
      vertex 0 60 0
      vertex 3.68553 54.2774 0
      vertex 0 0 0
    endloop
  endfacet
  facet normal 0 0 -1
    outer loop
      vertex 0 60 0
      vertex 3.64275 54.3613 0
      vertex 3.68553 54.2774 0
    endloop
  endfacet
  facet normal 0 0 -1
    outer loop
      vertex 0 60 0
      vertex 3.60533 54.4478 0
      vertex 3.64275 54.3613 0
    endloop
  endfacet
  facet normal 0 0 -1
    outer loop
      vertex 0 60 0
      vertex 3.57341 54.5365 0
      vertex 3.60533 54.4478 0
    endloop
  endfacet
  facet normal 0 0 -1
    outer loop
      vertex 0 60 0
      vertex 3.54712 54.627 0
      vertex 3.57341 54.5365 0
    endloop
  endfacet
  facet normal 0 0 -1
    outer loop
      vertex 0 60 0
      vertex 3.52657 54.7189 0
      vertex 3.54712 54.627 0
    endloop
  endfacet
  facet normal 0 0 -1
    outer loop
      vertex 0 60 0
      vertex 3.51183 54.812 0
      vertex 3.52657 54.7189 0
    endloop
  endfacet
  facet normal 0 0 -1
    outer loop
      vertex 0 60 0
      vertex 3.50294 54.9058 0
      vertex 3.51183 54.812 0
    endloop
  endfacet
  facet normal 0 0 -1
    outer loop
      vertex 0 60 0
      vertex 3.5 55 0
      vertex 3.50294 54.9058 0
    endloop
  endfacet
  facet normal 0 0 -1
    outer loop
      vertex 0 60 0
      vertex 3.50294 55.0942 0
      vertex 3.5 55 0
    endloop
  endfacet
  facet normal 0 0 -1
    outer loop
      vertex 0 60 0
      vertex 3.51183 55.188 0
      vertex 3.50294 55.0942 0
    endloop
  endfacet
  facet normal 0 0 -1
    outer loop
      vertex 0 60 0
      vertex 3.52657 55.2811 0
      vertex 3.51183 55.188 0
    endloop
  endfacet
  facet normal 0 0 -1
    outer loop
      vertex 0 60 0
      vertex 3.54712 55.373 0
      vertex 3.52657 55.2811 0
    endloop
  endfacet
  facet normal 0 0 -1
    outer loop
      vertex 0 60 0
      vertex 3.57341 55.4635 0
      vertex 3.54712 55.373 0
    endloop
  endfacet
  facet normal 0 0 -1
    outer loop
      vertex 0 60 0
      vertex 3.60533 55.5522 0
      vertex 3.57341 55.4635 0
    endloop
  endfacet
  facet normal 0 0 -1
    outer loop
      vertex 0 60 0
      vertex 3.64275 55.6387 0
      vertex 3.60533 55.5522 0
    endloop
  endfacet
  facet normal 0 0 -1
    outer loop
      vertex 0 60 0
      vertex 3.68553 55.7226 0
      vertex 3.64275 55.6387 0
    endloop
  endfacet
  facet normal 0 0 -1
    outer loop
      vertex 0 60 0
      vertex 3.73351 55.8037 0
      vertex 3.68553 55.7226 0
    endloop
  endfacet
  facet normal 0 0 -1
    outer loop
      vertex 0 60 0
      vertex 3.78647 55.8817 0
      vertex 3.73351 55.8037 0
    endloop
  endfacet
  facet normal 0 0 -1
    outer loop
      vertex 0 60 0
      vertex 3.84422 55.9561 0
      vertex 3.78647 55.8817 0
    endloop
  endfacet
  facet normal 0 0 -1
    outer loop
      vertex 0 60 0
      vertex 3.90654 56.0268 0
      vertex 3.84422 55.9561 0
    endloop
  endfacet
  facet normal 0 0 -1
    outer loop
      vertex 0 60 0
      vertex 3.97318 56.0934 0
      vertex 3.90654 56.0268 0
    endloop
  endfacet
  facet normal 0 0 -1
    outer loop
      vertex 0 60 0
      vertex 4.04385 56.1558 0
      vertex 3.97318 56.0934 0
    endloop
  endfacet
  facet normal 0 0 -1
    outer loop
      vertex 0 60 0
      vertex 4.11832 56.2135 0
      vertex 4.04385 56.1558 0
    endloop
  endfacet
  facet normal 0 0 -1
    outer loop
      vertex 0 60 0
      vertex 4.19626 56.2665 0
      vertex 4.11832 56.2135 0
    endloop
  endfacet
  facet normal 0 0 -1
    outer loop
      vertex 0 60 0
      vertex 4.27736 56.3145 0
      vertex 4.19626 56.2665 0
    endloop
  endfacet
  facet normal 0 0 -1
    outer loop
      vertex 0 60 0
      vertex 4.36133 56.3572 0
      vertex 4.27736 56.3145 0
    endloop
  endfacet
  facet normal 0 0 -1
    outer loop
      vertex 0 60 0
      vertex 4.4478 56.3947 0
      vertex 4.36133 56.3572 0
    endloop
  endfacet
  facet normal 0 0 -1
    outer loop
      vertex 0 60 0
      vertex 4.53647 56.4266 0
      vertex 4.4478 56.3947 0
    endloop
  endfacet
  facet normal 0 0 -1
    outer loop
      vertex 0 60 0
      vertex 4.62695 56.4529 0
      vertex 4.53647 56.4266 0
    endloop
  endfacet
  facet normal 0 0 -1
    outer loop
      vertex 0 60 0
      vertex 4.71892 56.4734 0
      vertex 4.62695 56.4529 0
    endloop
  endfacet
  facet normal 0 0 -1
    outer loop
      vertex 0 60 0
      vertex 4.812 56.4882 0
      vertex 4.71892 56.4734 0
    endloop
  endfacet
  facet normal -0 0 -1
    outer loop
      vertex 5 56.5 0
      vertex 4.90581 56.497 0
      vertex 0 60 0
    endloop
  endfacet
  facet normal 0 0 -1
    outer loop
      vertex 5.09418 56.497 0
      vertex 5 56.5 0
      vertex 0 60 0
    endloop
  endfacet
  facet normal 0 0 -1
    outer loop
      vertex 5.18799 56.4882 0
      vertex 5.09418 56.497 0
      vertex 0 60 0
    endloop
  endfacet
  facet normal 0 0 -1
    outer loop
      vertex 5.28107 56.4734 0
      vertex 5.18799 56.4882 0
      vertex 0 60 0
    endloop
  endfacet
  facet normal 0 0 -1
    outer loop
      vertex 5.37303 56.4529 0
      vertex 5.28107 56.4734 0
      vertex 0 60 0
    endloop
  endfacet
  facet normal 0 0 -1
    outer loop
      vertex 5.46352 56.4266 0
      vertex 5.37303 56.4529 0
      vertex 0 60 0
    endloop
  endfacet
  facet normal 0 0 -1
    outer loop
      vertex 5.55219 56.3947 0
      vertex 5.46352 56.4266 0
      vertex 0 60 0
    endloop
  endfacet
  facet normal 0 0 -1
    outer loop
      vertex 5.63866 56.3572 0
      vertex 5.55219 56.3947 0
      vertex 0 60 0
    endloop
  endfacet
  facet normal 0 0 -1
    outer loop
      vertex 24.3613 56.3572 0
      vertex 5.63866 56.3572 0
      vertex 0 60 0
    endloop
  endfacet
  facet normal 0 0 -1
    outer loop
      vertex 6.02681 56.0934 0
      vertex 5.95613 56.1558 0
      vertex 23.9732 56.0934 0
    endloop
  endfacet
  facet normal 0 0 -1
    outer loop
      vertex 23.7865 55.8817 0
      vertex 6.21352 55.8817 0
      vertex 6.15576 55.9561 0
    endloop
  endfacet
  facet normal 0 0 -1
    outer loop
      vertex 6.31445 55.7226 0
      vertex 23.6427 55.6387 0
      vertex 6.35724 55.6387 0
    endloop
  endfacet
  facet normal 0 0 -1
    outer loop
      vertex 6.45287 55.373 0
      vertex 6.42657 55.4635 0
      vertex 23.5471 55.373 0
    endloop
  endfacet
  facet normal -0 0 -1
    outer loop
      vertex 23.5118 55.188 0
      vertex 23.5029 55.0942 0
      vertex 6.48816 55.188 0
    endloop
  endfacet
  facet normal 0 0 -1
    outer loop
      vertex 13.6 47.5 0
      vertex 6.47342 54.7189 0
      vertex 6.48816 54.812 0
    endloop
  endfacet
  facet normal 0 0 -1
    outer loop
      vertex 23.5266 54.7189 0
      vertex 18.9 47.5 0
      vertex 16.4 47.5 0
    endloop
  endfacet
  facet normal 0 -0 -1
    outer loop
      vertex 6.39465 54.4478 0
      vertex 11.1 47.5 0
      vertex 6.35724 54.3613 0
    endloop
  endfacet
  facet normal -0 0 -1
    outer loop
      vertex 23.5734 54.5365 0
      vertex 18.9 47.5 0
      vertex 23.5471 54.627 0
    endloop
  endfacet
  facet normal 0 0 -1
    outer loop
      vertex 6.31445 54.2774 0
      vertex 6.35724 54.3613 0
      vertex 11.1 47.5 0
    endloop
  endfacet
  facet normal 0 -0 -1
    outer loop
      vertex 23.5734 54.5365 0
      vertex 23.6053 54.4478 0
      vertex 18.9 47.5 0
    endloop
  endfacet
  facet normal 0 0 -1
    outer loop
      vertex 11.1 47.5 0
      vertex 6.26648 54.1963 0
      vertex 6.31445 54.2774 0
    endloop
  endfacet
  facet normal 0 0 -1
    outer loop
      vertex 18.9 47.5 0
      vertex 23.6053 54.4478 0
      vertex 23.6427 54.3613 0
    endloop
  endfacet
  facet normal 0 -0 -1
    outer loop
      vertex 6.26648 54.1963 0
      vertex 11.1 47.5 0
      vertex 6.21352 54.1183 0
    endloop
  endfacet
  facet normal -0 0 -1
    outer loop
      vertex 23.6855 54.2774 0
      vertex 18.9 47.5 0
      vertex 23.6427 54.3613 0
    endloop
  endfacet
  facet normal -0 0 -1
    outer loop
      vertex 23.7335 54.1963 0
      vertex 18.9 47.5 0
      vertex 23.6855 54.2774 0
    endloop
  endfacet
  facet normal 0 0 -1
    outer loop
      vertex 6.09344 53.9732 0
      vertex 6.15576 54.0439 0
      vertex 11.1 47.5 0
    endloop
  endfacet
  facet normal 0 -0 -1
    outer loop
      vertex 23.7335 54.1963 0
      vertex 23.7865 54.1183 0
      vertex 18.9 47.5 0
    endloop
  endfacet
  facet normal 0 0 -1
    outer loop
      vertex 11.1 47.5 0
      vertex 6.02681 53.9065 0
      vertex 6.09344 53.9732 0
    endloop
  endfacet
  facet normal 0 0 -1
    outer loop
      vertex 18.9 47.5 0
      vertex 23.7865 54.1183 0
      vertex 23.8442 54.0439 0
    endloop
  endfacet
  facet normal 0 -0 -1
    outer loop
      vertex 6.02681 53.9065 0
      vertex 11.1 47.5 0
      vertex 5.95613 53.8442 0
    endloop
  endfacet
  facet normal -0 0 -1
    outer loop
      vertex 23.9065 53.9732 0
      vertex 18.9 47.5 0
      vertex 23.8442 54.0439 0
    endloop
  endfacet
  facet normal -0 0 -1
    outer loop
      vertex 23.9732 53.9065 0
      vertex 18.9 47.5 0
      vertex 23.9065 53.9732 0
    endloop
  endfacet
  facet normal 0 0 -1
    outer loop
      vertex 5.80373 53.7335 0
      vertex 5.88167 53.7865 0
      vertex 11.1 47.5 0
    endloop
  endfacet
  facet normal 0 -0 -1
    outer loop
      vertex 23.9732 53.9065 0
      vertex 24.0439 53.8442 0
      vertex 18.9 47.5 0
    endloop
  endfacet
  facet normal 0 0 -1
    outer loop
      vertex 11.1 47.5 0
      vertex 5.72263 53.6855 0
      vertex 5.80373 53.7335 0
    endloop
  endfacet
  facet normal 0 0 -1
    outer loop
      vertex 18.9 47.5 0
      vertex 24.0439 53.8442 0
      vertex 24.1183 53.7865 0
    endloop
  endfacet
  facet normal 0 -0 -1
    outer loop
      vertex 5.72263 53.6855 0
      vertex 11.1 47.5 0
      vertex 5.63866 53.6427 0
    endloop
  endfacet
  facet normal 0 0 -1
    outer loop
      vertex 11.1 47.5 0
      vertex 5.46352 53.5734 0
      vertex 5.55219 53.6053 0
    endloop
  endfacet
  facet normal -0 0 -1
    outer loop
      vertex 24.2774 53.6855 0
      vertex 18.9 47.5 0
      vertex 24.1963 53.7335 0
    endloop
  endfacet
  facet normal 0 -0 -1
    outer loop
      vertex 5.46352 53.5734 0
      vertex 11.1 47.5 0
      vertex 5.37303 53.5471 0
    endloop
  endfacet
  facet normal 0 -0 -1
    outer loop
      vertex 24.2774 53.6855 0
      vertex 24.3613 53.6427 0
      vertex 18.9 47.5 0
    endloop
  endfacet
  facet normal 0 0 -1
    outer loop
      vertex 5.28107 53.5266 0
      vertex 5.37303 53.5471 0
      vertex 11.1 47.5 0
    endloop
  endfacet
  facet normal -0 0 -1
    outer loop
      vertex 24.627 53.5471 0
      vertex 18.9 47.5 0
      vertex 24.5365 53.5734 0
    endloop
  endfacet
  facet normal 0 -0 -1
    outer loop
      vertex 24.627 53.5471 0
      vertex 24.7189 53.5266 0
      vertex 18.9 47.5 0
    endloop
  endfacet
  facet normal 0 0 -1
    outer loop
      vertex 18.9 47.5 0
      vertex 24.7189 53.5266 0
      vertex 24.812 53.5118 0
    endloop
  endfacet
  facet normal -0 0 -1
    outer loop
      vertex 24.9058 53.5029 0
      vertex 18.9 47.5 0
      vertex 24.812 53.5118 0
    endloop
  endfacet
  facet normal -0 0 -1
    outer loop
      vertex 24.4478 53.6053 0
      vertex 18.9 47.5 0
      vertex 24.3613 53.6427 0
    endloop
  endfacet
  facet normal 0 -0 -1
    outer loop
      vertex 5.28107 53.5266 0
      vertex 11.1 47.5 0
      vertex 5.18799 53.5118 0
    endloop
  endfacet
  facet normal 0 -0 -1
    outer loop
      vertex 5.18799 53.5118 0
      vertex 11.1 47.5 0
      vertex 5.09418 53.5029 0
    endloop
  endfacet
  facet normal 0 -0 -1
    outer loop
      vertex 5.09418 53.5029 0
      vertex 11.1 47.5 0
      vertex 5 53.5 0
    endloop
  endfacet
  facet normal -0 -0 -1
    outer loop
      vertex 5 53.5 0
      vertex 11.1 47.5 0
      vertex 4.90581 53.5029 0
    endloop
  endfacet
  facet normal 0 0 -1
    outer loop
      vertex 18.9 47.5 0
      vertex 23.5266 54.7189 0
      vertex 23.5471 54.627 0
    endloop
  endfacet
  facet normal 0 0 -1
    outer loop
      vertex 18.9 47.5 0
      vertex 24.1183 53.7865 0
      vertex 24.1963 53.7335 0
    endloop
  endfacet
  facet normal 0 0 -1
    outer loop
      vertex 5.63866 56.3572 0
      vertex 24.3613 56.3572 0
      vertex 24.2774 56.3145 0
    endloop
  endfacet
  facet normal 0 0 -1
    outer loop
      vertex 6.15576 54.0439 0
      vertex 6.21352 54.1183 0
      vertex 11.1 47.5 0
    endloop
  endfacet
  facet normal 0 -0 -1
    outer loop
      vertex 6.42657 54.5365 0
      vertex 11.1 47.5 0
      vertex 6.39465 54.4478 0
    endloop
  endfacet
  facet normal 0 -0 -1
    outer loop
      vertex 6.45287 54.627 0
      vertex 11.1 47.5 0
      vertex 6.42657 54.5365 0
    endloop
  endfacet
  facet normal 0 -0 -1
    outer loop
      vertex 23.5118 54.812 0
      vertex 23.5266 54.7189 0
      vertex 16.4 47.5 0
    endloop
  endfacet
  facet normal 0 0 -1
    outer loop
      vertex 6.45287 54.627 0
      vertex 6.47342 54.7189 0
      vertex 11.1 47.5 0
    endloop
  endfacet
  facet normal 0 0 -1
    outer loop
      vertex 16.4 47.5 0
      vertex 23.5029 54.9058 0
      vertex 23.5118 54.812 0
    endloop
  endfacet
  facet normal 0 0 -1
    outer loop
      vertex 11.1 47.5 0
      vertex 6.47342 54.7189 0
      vertex 13.6 47.5 0
    endloop
  endfacet
  facet normal -0 0 -1
    outer loop
      vertex 23.5029 54.9058 0
      vertex 16.4 47.5 0
      vertex 23.5 55 0
    endloop
  endfacet
  facet normal 0 -0 -1
    outer loop
      vertex 6.5 55 0
      vertex 13.6 47.5 0
      vertex 6.49704 54.9058 0
    endloop
  endfacet
  facet normal 0 0 -1
    outer loop
      vertex 23.5029 55.0942 0
      vertex 23.5 55 0
      vertex 16.4 47.5 0
    endloop
  endfacet
  facet normal 0 0 -1
    outer loop
      vertex 6.49704 55.0942 0
      vertex 23.5029 55.0942 0
      vertex 13.6 47.5 0
    endloop
  endfacet
  facet normal 0 0 -1
    outer loop
      vertex 6.5 55 0
      vertex 6.49704 55.0942 0
      vertex 13.6 47.5 0
    endloop
  endfacet
  facet normal 0 0 -1
    outer loop
      vertex 23.5029 55.0942 0
      vertex 6.49704 55.0942 0
      vertex 6.48816 55.188 0
    endloop
  endfacet
  facet normal 0 0 -1
    outer loop
      vertex 23.5118 55.188 0
      vertex 6.48816 55.188 0
      vertex 6.47342 55.2811 0
    endloop
  endfacet
  facet normal -0 0 -1
    outer loop
      vertex 23.5266 55.2811 0
      vertex 23.5118 55.188 0
      vertex 6.47342 55.2811 0
    endloop
  endfacet
  facet normal 0 0 -1
    outer loop
      vertex 6.45287 55.373 0
      vertex 23.5266 55.2811 0
      vertex 6.47342 55.2811 0
    endloop
  endfacet
  facet normal 0 0 -1
    outer loop
      vertex 6.45287 55.373 0
      vertex 23.5471 55.373 0
      vertex 23.5266 55.2811 0
    endloop
  endfacet
  facet normal 0 0 -1
    outer loop
      vertex 6.42657 55.4635 0
      vertex 23.5734 55.4635 0
      vertex 23.5471 55.373 0
    endloop
  endfacet
  facet normal 0 0 -1
    outer loop
      vertex 6.42657 55.4635 0
      vertex 6.39465 55.5522 0
      vertex 23.5734 55.4635 0
    endloop
  endfacet
  facet normal 0 0 -1
    outer loop
      vertex 23.5734 55.4635 0
      vertex 6.39465 55.5522 0
      vertex 23.6053 55.5522 0
    endloop
  endfacet
  facet normal 0 0 -1
    outer loop
      vertex 23.6053 55.5522 0
      vertex 6.39465 55.5522 0
      vertex 6.35724 55.6387 0
    endloop
  endfacet
  facet normal -0 0 -1
    outer loop
      vertex 23.6427 55.6387 0
      vertex 23.6053 55.5522 0
      vertex 6.35724 55.6387 0
    endloop
  endfacet
  facet normal -0 0 -1
    outer loop
      vertex 23.6855 55.7226 0
      vertex 23.6427 55.6387 0
      vertex 6.31445 55.7226 0
    endloop
  endfacet
  facet normal 0 0 -1
    outer loop
      vertex 6.26648 55.8037 0
      vertex 23.6855 55.7226 0
      vertex 6.31445 55.7226 0
    endloop
  endfacet
  facet normal 0 0 -1
    outer loop
      vertex 6.26648 55.8037 0
      vertex 23.7335 55.8037 0
      vertex 23.6855 55.7226 0
    endloop
  endfacet
  facet normal 0 0 -1
    outer loop
      vertex 6.26648 55.8037 0
      vertex 6.21352 55.8817 0
      vertex 23.7335 55.8037 0
    endloop
  endfacet
  facet normal 0 0 -1
    outer loop
      vertex 23.7335 55.8037 0
      vertex 6.21352 55.8817 0
      vertex 23.7865 55.8817 0
    endloop
  endfacet
  facet normal 0 0 -1
    outer loop
      vertex 23.7865 55.8817 0
      vertex 6.15576 55.9561 0
      vertex 23.8442 55.9561 0
    endloop
  endfacet
  facet normal 0 0 -1
    outer loop
      vertex 23.8442 55.9561 0
      vertex 6.15576 55.9561 0
      vertex 6.09344 56.0268 0
    endloop
  endfacet
  facet normal -0 0 -1
    outer loop
      vertex 23.9065 56.0268 0
      vertex 23.8442 55.9561 0
      vertex 6.09344 56.0268 0
    endloop
  endfacet
  facet normal 0 0 -1
    outer loop
      vertex 6.02681 56.0934 0
      vertex 23.9065 56.0268 0
      vertex 6.09344 56.0268 0
    endloop
  endfacet
  facet normal 0 0 -1
    outer loop
      vertex 6.02681 56.0934 0
      vertex 23.9732 56.0934 0
      vertex 23.9065 56.0268 0
    endloop
  endfacet
  facet normal 0 0 -1
    outer loop
      vertex 5.95613 56.1558 0
      vertex 24.0439 56.1558 0
      vertex 23.9732 56.0934 0
    endloop
  endfacet
  facet normal 0 0 -1
    outer loop
      vertex 5.95613 56.1558 0
      vertex 5.88167 56.2135 0
      vertex 24.0439 56.1558 0
    endloop
  endfacet
  facet normal 0 0 -1
    outer loop
      vertex 24.0439 56.1558 0
      vertex 5.88167 56.2135 0
      vertex 24.1183 56.2135 0
    endloop
  endfacet
  facet normal 0 0 -1
    outer loop
      vertex 24.1183 56.2135 0
      vertex 5.88167 56.2135 0
      vertex 5.80373 56.2665 0
    endloop
  endfacet
  facet normal -0 0 -1
    outer loop
      vertex 24.1963 56.2665 0
      vertex 24.1183 56.2135 0
      vertex 5.80373 56.2665 0
    endloop
  endfacet
  facet normal 0 0 -1
    outer loop
      vertex 5.72263 56.3145 0
      vertex 24.1963 56.2665 0
      vertex 5.80373 56.2665 0
    endloop
  endfacet
  facet normal 0 0 -1
    outer loop
      vertex 5.72263 56.3145 0
      vertex 24.2774 56.3145 0
      vertex 24.1963 56.2665 0
    endloop
  endfacet
  facet normal 0 0 -1
    outer loop
      vertex 5.72263 56.3145 0
      vertex 5.63866 56.3572 0
      vertex 24.2774 56.3145 0
    endloop
  endfacet
  facet normal 0 0 -1
    outer loop
      vertex 0 60 0
      vertex 30 60 0
      vertex 24.3613 56.3572 0
    endloop
  endfacet
  facet normal 0 0 -1
    outer loop
      vertex 24.3613 56.3572 0
      vertex 30 60 0
      vertex 24.4478 56.3947 0
    endloop
  endfacet
  facet normal 0 0 -1
    outer loop
      vertex 24.4478 56.3947 0
      vertex 30 60 0
      vertex 24.5365 56.4266 0
    endloop
  endfacet
  facet normal 0 0 -1
    outer loop
      vertex 24.5365 56.4266 0
      vertex 30 60 0
      vertex 24.627 56.4529 0
    endloop
  endfacet
  facet normal 0 0 -1
    outer loop
      vertex 24.627 56.4529 0
      vertex 30 60 0
      vertex 24.7189 56.4734 0
    endloop
  endfacet
  facet normal 0 0 -1
    outer loop
      vertex 24.7189 56.4734 0
      vertex 30 60 0
      vertex 24.812 56.4882 0
    endloop
  endfacet
  facet normal 0 0 -1
    outer loop
      vertex 24.812 56.4882 0
      vertex 30 60 0
      vertex 24.9058 56.497 0
    endloop
  endfacet
  facet normal 0 0 -1
    outer loop
      vertex 24.9058 56.497 0
      vertex 30 60 0
      vertex 25 56.5 0
    endloop
  endfacet
  facet normal 0 0 -1
    outer loop
      vertex 25 56.5 0
      vertex 30 60 0
      vertex 25.0942 56.497 0
    endloop
  endfacet
  facet normal 0 0 -1
    outer loop
      vertex 25.0942 56.497 0
      vertex 30 60 0
      vertex 25.188 56.4882 0
    endloop
  endfacet
  facet normal 0 0 -1
    outer loop
      vertex 25.188 56.4882 0
      vertex 30 60 0
      vertex 25.2811 56.4734 0
    endloop
  endfacet
  facet normal 0 0 -1
    outer loop
      vertex 25.2811 56.4734 0
      vertex 30 60 0
      vertex 25.373 56.4529 0
    endloop
  endfacet
  facet normal 0 0 -1
    outer loop
      vertex 25.373 56.4529 0
      vertex 30 60 0
      vertex 25.4635 56.4266 0
    endloop
  endfacet
  facet normal 0 0 -1
    outer loop
      vertex 25.4635 56.4266 0
      vertex 30 60 0
      vertex 25.5522 56.3947 0
    endloop
  endfacet
  facet normal 0 0 -1
    outer loop
      vertex 25.5522 56.3947 0
      vertex 30 60 0
      vertex 25.6387 56.3572 0
    endloop
  endfacet
  facet normal 0 0 -1
    outer loop
      vertex 25.6387 56.3572 0
      vertex 30 60 0
      vertex 25.7226 56.3145 0
    endloop
  endfacet
  facet normal 0 0 -1
    outer loop
      vertex 25.7226 56.3145 0
      vertex 30 60 0
      vertex 25.8037 56.2665 0
    endloop
  endfacet
  facet normal 0 0 -1
    outer loop
      vertex 25.8037 56.2665 0
      vertex 30 60 0
      vertex 25.8817 56.2135 0
    endloop
  endfacet
  facet normal 0 0 -1
    outer loop
      vertex 25.8817 56.2135 0
      vertex 30 60 0
      vertex 25.9561 56.1558 0
    endloop
  endfacet
  facet normal 0 0 -1
    outer loop
      vertex 25.9561 56.1558 0
      vertex 30 60 0
      vertex 26.0268 56.0934 0
    endloop
  endfacet
  facet normal 0 0 -1
    outer loop
      vertex 26.0268 56.0934 0
      vertex 30 60 0
      vertex 26.0934 56.0268 0
    endloop
  endfacet
  facet normal 0 0 -1
    outer loop
      vertex 26.0934 56.0268 0
      vertex 30 60 0
      vertex 26.1558 55.9561 0
    endloop
  endfacet
  facet normal 0 0 -1
    outer loop
      vertex 26.1558 55.9561 0
      vertex 30 60 0
      vertex 26.2135 55.8817 0
    endloop
  endfacet
  facet normal 0 0 -1
    outer loop
      vertex 26.2135 55.8817 0
      vertex 30 60 0
      vertex 26.2665 55.8037 0
    endloop
  endfacet
  facet normal 0 0 -1
    outer loop
      vertex 26.2665 55.8037 0
      vertex 30 60 0
      vertex 26.3145 55.7226 0
    endloop
  endfacet
  facet normal 0 0 -1
    outer loop
      vertex 26.3145 55.7226 0
      vertex 30 60 0
      vertex 26.3572 55.6387 0
    endloop
  endfacet
  facet normal 0 0 -1
    outer loop
      vertex 26.3572 55.6387 0
      vertex 30 60 0
      vertex 26.3947 55.5522 0
    endloop
  endfacet
  facet normal 0 0 -1
    outer loop
      vertex 30 60 0
      vertex 26.497 54.9058 0
      vertex 26.5 55 0
    endloop
  endfacet
  facet normal 0 0 -1
    outer loop
      vertex 26.4266 55.4635 0
      vertex 26.3947 55.5522 0
      vertex 30 60 0
    endloop
  endfacet
  facet normal 0 0 -1
    outer loop
      vertex 26.4529 55.373 0
      vertex 26.4266 55.4635 0
      vertex 30 60 0
    endloop
  endfacet
  facet normal 0 0 -1
    outer loop
      vertex 26.4734 55.2811 0
      vertex 26.4529 55.373 0
      vertex 30 60 0
    endloop
  endfacet
  facet normal 0 0 -1
    outer loop
      vertex 26.4882 55.188 0
      vertex 26.4734 55.2811 0
      vertex 30 60 0
    endloop
  endfacet
  facet normal 0 0 -1
    outer loop
      vertex 26.5 55 0
      vertex 26.497 55.0942 0
      vertex 30 60 0
    endloop
  endfacet
  facet normal 0 0 -1
    outer loop
      vertex 26.497 55.0942 0
      vertex 26.4882 55.188 0
      vertex 30 60 0
    endloop
  endfacet
  facet normal 0 0 -1
    outer loop
      vertex 30 60 0
      vertex 26.4882 54.812 0
      vertex 26.497 54.9058 0
    endloop
  endfacet
  facet normal 0 0 -1
    outer loop
      vertex 30 60 0
      vertex 26.4734 54.7189 0
      vertex 26.4882 54.812 0
    endloop
  endfacet
  facet normal 0 0 -1
    outer loop
      vertex 30 60 0
      vertex 26.4529 54.627 0
      vertex 26.4734 54.7189 0
    endloop
  endfacet
  facet normal 0 0 -1
    outer loop
      vertex 30 60 0
      vertex 26.4266 54.5365 0
      vertex 26.4529 54.627 0
    endloop
  endfacet
  facet normal 0 0 -1
    outer loop
      vertex 30 60 0
      vertex 26.3947 54.4478 0
      vertex 26.4266 54.5365 0
    endloop
  endfacet
  facet normal 0 0 -1
    outer loop
      vertex 30 60 0
      vertex 26.3572 54.3613 0
      vertex 26.3947 54.4478 0
    endloop
  endfacet
  facet normal 0 0 -1
    outer loop
      vertex 30 60 0
      vertex 26.3145 54.2774 0
      vertex 26.3572 54.3613 0
    endloop
  endfacet
  facet normal 0 -0 -1
    outer loop
      vertex 30 60 0
      vertex 30 0 0
      vertex 26.3145 54.2774 0
    endloop
  endfacet
  facet normal 0 0 -1
    outer loop
      vertex 26.0934 6.02681 0
      vertex 26.0268 53.9065 0
      vertex 26.0934 53.9732 0
    endloop
  endfacet
  facet normal 0 0 -1
    outer loop
      vertex 25.8037 6.26648 0
      vertex 18.9 12.5 0
      vertex 25.8037 53.7335 0
    endloop
  endfacet
  facet normal 0 0 -1
    outer loop
      vertex 25.2811 6.47342 0
      vertex 25.188 6.48816 0
      vertex 18.9 12.5 0
    endloop
  endfacet
  facet normal 0 0 -1
    outer loop
      vertex 24.5365 6.42657 0
      vertex 18.9 12.5 0
      vertex 24.627 6.45287 0
    endloop
  endfacet
  facet normal 0 0 -1
    outer loop
      vertex 18.9 12.5 0
      vertex 24.0439 6.15576 0
      vertex 23.9732 6.09344 0
    endloop
  endfacet
  facet normal 0 0 -1
    outer loop
      vertex 23.7865 5.88167 0
      vertex 18.9 12.5 0
      vertex 23.8442 5.95613 0
    endloop
  endfacet
  facet normal 0 0 -1
    outer loop
      vertex 24.2774 6.31445 0
      vertex 18.9 12.5 0
      vertex 24.3613 6.35724 0
    endloop
  endfacet
  facet normal 0 0 -1
    outer loop
      vertex 25 6.5 0
      vertex 18.9 12.5 0
      vertex 25.0942 6.49704 0
    endloop
  endfacet
  facet normal 0 0 -1
    outer loop
      vertex 25.8037 53.7335 0
      vertex 18.9 47.5 0
      vertex 25.7226 53.6855 0
    endloop
  endfacet
  facet normal 0 0 -1
    outer loop
      vertex 25.7226 53.6855 0
      vertex 18.9 47.5 0
      vertex 25.6387 53.6427 0
    endloop
  endfacet
  facet normal 0 0 -1
    outer loop
      vertex 25.6387 53.6427 0
      vertex 18.9 47.5 0
      vertex 25.5522 53.6053 0
    endloop
  endfacet
  facet normal 0 0 -1
    outer loop
      vertex 18.9 47.5 0
      vertex 25.373 53.5471 0
      vertex 25.4635 53.5734 0
    endloop
  endfacet
  facet normal 0 0 -1
    outer loop
      vertex 18.9 47.5 0
      vertex 25.2811 53.5266 0
      vertex 25.373 53.5471 0
    endloop
  endfacet
  facet normal 0 0 -1
    outer loop
      vertex 18.9 47.5 0
      vertex 25.188 53.5118 0
      vertex 25.2811 53.5266 0
    endloop
  endfacet
  facet normal 0 0 -1
    outer loop
      vertex 18.9 47.5 0
      vertex 25.0942 53.5029 0
      vertex 25.188 53.5118 0
    endloop
  endfacet
  facet normal 0 0 -1
    outer loop
      vertex 18.9 47.5 0
      vertex 25 53.5 0
      vertex 25.0942 53.5029 0
    endloop
  endfacet
  facet normal 0 0 -1
    outer loop
      vertex 18.9 47.5 0
      vertex 24.9058 53.5029 0
      vertex 25 53.5 0
    endloop
  endfacet
  facet normal 0 0 -1
    outer loop
      vertex 4.11832 6.21352 0
      vertex 4.04385 53.8442 0
      vertex 4.11832 53.7865 0
    endloop
  endfacet
  facet normal 0 0 -1
    outer loop
      vertex 18.9 12.5 0
      vertex 23.6855 5.72263 0
      vertex 23.6427 5.63866 0
    endloop
  endfacet
  facet normal 0 0 -1
    outer loop
      vertex 11.1 47.5 0
      vertex 4.36133 53.6427 0
      vertex 4.4478 53.6053 0
    endloop
  endfacet
  facet normal 0 -0 -1
    outer loop
      vertex 26.3145 54.2774 0
      vertex 26.3145 5.72263 0
      vertex 26.2665 54.1963 0
    endloop
  endfacet
  facet normal 0 -0 -1
    outer loop
      vertex 5.63866 53.6427 0
      vertex 11.1 47.5 0
      vertex 5.55219 53.6053 0
    endloop
  endfacet
  facet normal 0 0 -1
    outer loop
      vertex 25.5522 53.6053 0
      vertex 18.9 47.5 0
      vertex 25.4635 53.5734 0
    endloop
  endfacet
  facet normal 0 0 -1
    outer loop
      vertex 11.1 47.5 0
      vertex 4.19626 53.7335 0
      vertex 4.27736 53.6855 0
    endloop
  endfacet
  facet normal 0 0 -1
    outer loop
      vertex 30 0 0
      vertex 25 3.5 0
      vertex 25.0942 3.50294 0
    endloop
  endfacet
  facet normal 0 0 -1
    outer loop
      vertex 3.78647 54.1183 0
      vertex 3.84422 54.0439 0
      vertex 3.84422 5.95613 0
    endloop
  endfacet
  facet normal 0 0 -1
    outer loop
      vertex 6.21352 4.11832 0
      vertex 23.7335 4.19626 0
      vertex 23.7865 4.11832 0
    endloop
  endfacet
  facet normal 0 0 -1
    outer loop
      vertex 11.1 47.5 0
      vertex 4.62695 53.5471 0
      vertex 4.71892 53.5266 0
    endloop
  endfacet
  facet normal 0 0 -1
    outer loop
      vertex 16.4 47.5 0
      vertex 13.6 47.5 0
      vertex 23.5029 55.0942 0
    endloop
  endfacet
  facet normal 0 0 -1
    outer loop
      vertex 13.6 47.5 0
      vertex 6.48816 54.812 0
      vertex 6.49704 54.9058 0
    endloop
  endfacet
  facet normal -0 -0 -1
    outer loop
      vertex 25 3.5 0
      vertex 30 0 0
      vertex 24.9058 3.50294 0
    endloop
  endfacet
  facet normal -0 -0 -1
    outer loop
      vertex 24.9058 3.50294 0
      vertex 30 0 0
      vertex 24.812 3.51183 0
    endloop
  endfacet
  facet normal -0 -0 -1
    outer loop
      vertex 24.812 3.51183 0
      vertex 30 0 0
      vertex 24.7189 3.52657 0
    endloop
  endfacet
  facet normal -0 -0 -1
    outer loop
      vertex 24.7189 3.52657 0
      vertex 30 0 0
      vertex 24.627 3.54712 0
    endloop
  endfacet
  facet normal -0 -0 -1
    outer loop
      vertex 24.627 3.54712 0
      vertex 30 0 0
      vertex 24.5365 3.57341 0
    endloop
  endfacet
  facet normal -0 -0 -1
    outer loop
      vertex 24.5365 3.57341 0
      vertex 30 0 0
      vertex 24.4478 3.60533 0
    endloop
  endfacet
  facet normal -0 -0 -1
    outer loop
      vertex 24.4478 3.60533 0
      vertex 30 0 0
      vertex 24.3613 3.64275 0
    endloop
  endfacet
  facet normal 0 -0 -1
    outer loop
      vertex 24.3613 3.64275 0
      vertex 30 0 0
      vertex 0 0 0
    endloop
  endfacet
  facet normal -0 0 -1
    outer loop
      vertex 24.0439 3.84422 0
      vertex 5.88167 3.78647 0
      vertex 5.95613 3.84422 0
    endloop
  endfacet
  facet normal 0 0 -1
    outer loop
      vertex 23.9732 3.90654 0
      vertex 6.02681 3.90654 0
      vertex 23.9065 3.97318 0
    endloop
  endfacet
  facet normal 0 0 -1
    outer loop
      vertex 6.09344 3.97318 0
      vertex 6.15576 4.04385 0
      vertex 23.8442 4.04385 0
    endloop
  endfacet
  facet normal -0 0 -1
    outer loop
      vertex 23.6427 4.36133 0
      vertex 6.31445 4.27736 0
      vertex 6.35724 4.36133 0
    endloop
  endfacet
  facet normal -0 0 -1
    outer loop
      vertex 23.6855 4.27736 0
      vertex 6.26648 4.19626 0
      vertex 6.31445 4.27736 0
    endloop
  endfacet
  facet normal 0 0 -1
    outer loop
      vertex 6.39465 4.4478 0
      vertex 23.5734 4.53647 0
      vertex 23.6053 4.4478 0
    endloop
  endfacet
  facet normal 0 -0 -1
    outer loop
      vertex 6.45287 4.62695 0
      vertex 23.5471 4.62695 0
      vertex 6.42657 4.53647 0
    endloop
  endfacet
  facet normal -0 0 -1
    outer loop
      vertex 23.5029 4.90581 0
      vertex 6.48816 4.812 0
      vertex 6.49704 4.90581 0
    endloop
  endfacet
  facet normal 0 -0 -1
    outer loop
      vertex 23.5118 4.812 0
      vertex 23.5266 4.71892 0
      vertex 6.47342 4.71892 0
    endloop
  endfacet
  facet normal 0 0 -1
    outer loop
      vertex 6.48816 5.18799 0
      vertex 13.6 12.5 0
      vertex 6.49704 5.09418 0
    endloop
  endfacet
  facet normal 0 0 -1
    outer loop
      vertex 6.45287 5.37303 0
      vertex 11.1 12.5 0
      vertex 6.47342 5.28107 0
    endloop
  endfacet
  facet normal 0 0 -1
    outer loop
      vertex 6.39465 5.55219 0
      vertex 6.35724 5.63866 0
      vertex 11.1 12.5 0
    endloop
  endfacet
  facet normal 0 0 -1
    outer loop
      vertex 11.1 12.5 0
      vertex 5.09418 6.49704 0
      vertex 5 6.5 0
    endloop
  endfacet
  facet normal 0 0 -1
    outer loop
      vertex 5.95613 6.15576 0
      vertex 11.1 12.5 0
      vertex 6.02681 6.09344 0
    endloop
  endfacet
  facet normal 0 0 -1
    outer loop
      vertex 11.1 12.5 0
      vertex 5.80373 6.26648 0
      vertex 5.72263 6.31445 0
    endloop
  endfacet
  facet normal 0 0 -1
    outer loop
      vertex 11.1 12.5 0
      vertex 5.88167 6.21352 0
      vertex 5.80373 6.26648 0
    endloop
  endfacet
  facet normal 0 0 -1
    outer loop
      vertex 6.49704 5.09418 0
      vertex 13.6 12.5 0
      vertex 6.5 5 0
    endloop
  endfacet
  facet normal 0 0 -1
    outer loop
      vertex 23.5029 4.90581 0
      vertex 13.6 12.5 0
      vertex 16.4 12.5 0
    endloop
  endfacet
  facet normal -0 -0 -1
    outer loop
      vertex 23.5 5 0
      vertex 23.5029 4.90581 0
      vertex 16.4 12.5 0
    endloop
  endfacet
  facet normal -0 0 -1
    outer loop
      vertex 23.5029 5.09418 0
      vertex 23.5 5 0
      vertex 16.4 12.5 0
    endloop
  endfacet
  facet normal -0 0 -1
    outer loop
      vertex 23.5118 5.18799 0
      vertex 23.5029 5.09418 0
      vertex 16.4 12.5 0
    endloop
  endfacet
  facet normal -0 0 -1
    outer loop
      vertex 23.5266 5.28107 0
      vertex 23.5118 5.18799 0
      vertex 16.4 12.5 0
    endloop
  endfacet
  facet normal -0 -0 -1
    outer loop
      vertex 18.9 12.5 0
      vertex 23.5266 5.28107 0
      vertex 16.4 12.5 0
    endloop
  endfacet
  facet normal 0 0 -1
    outer loop
      vertex 18.9 12.5 0
      vertex 23.5471 5.37303 0
      vertex 23.5266 5.28107 0
    endloop
  endfacet
  facet normal 0 0 -1
    outer loop
      vertex 18.9 12.5 0
      vertex 23.5734 5.46352 0
      vertex 23.5471 5.37303 0
    endloop
  endfacet
  facet normal 0 0 -1
    outer loop
      vertex 18.9 12.5 0
      vertex 23.6053 5.55219 0
      vertex 23.5734 5.46352 0
    endloop
  endfacet
  facet normal 0 0 -1
    outer loop
      vertex 18.9 12.5 0
      vertex 23.6427 5.63866 0
      vertex 23.6053 5.55219 0
    endloop
  endfacet
  facet normal -0 0 -1
    outer loop
      vertex 23.7335 5.80373 0
      vertex 23.6855 5.72263 0
      vertex 18.9 12.5 0
    endloop
  endfacet
  facet normal -0 0 -1
    outer loop
      vertex 23.7865 5.88167 0
      vertex 23.7335 5.80373 0
      vertex 18.9 12.5 0
    endloop
  endfacet
  facet normal 0 0 -1
    outer loop
      vertex 23.8442 5.95613 0
      vertex 18.9 12.5 0
      vertex 23.9065 6.02681 0
    endloop
  endfacet
  facet normal 0 0 -1
    outer loop
      vertex 23.9065 6.02681 0
      vertex 18.9 12.5 0
      vertex 23.9732 6.09344 0
    endloop
  endfacet
  facet normal 0 0 -1
    outer loop
      vertex 18.9 12.5 0
      vertex 24.1183 6.21352 0
      vertex 24.0439 6.15576 0
    endloop
  endfacet
  facet normal 0 0 -1
    outer loop
      vertex 18.9 12.5 0
      vertex 24.1963 6.26648 0
      vertex 24.1183 6.21352 0
    endloop
  endfacet
  facet normal 0 0 -1
    outer loop
      vertex 18.9 12.5 0
      vertex 24.2774 6.31445 0
      vertex 24.1963 6.26648 0
    endloop
  endfacet
  facet normal -0 0 -1
    outer loop
      vertex 24.4478 6.39465 0
      vertex 24.3613 6.35724 0
      vertex 18.9 12.5 0
    endloop
  endfacet
  facet normal -0 0 -1
    outer loop
      vertex 24.5365 6.42657 0
      vertex 24.4478 6.39465 0
      vertex 18.9 12.5 0
    endloop
  endfacet
  facet normal 0 0 -1
    outer loop
      vertex 24.627 6.45287 0
      vertex 18.9 12.5 0
      vertex 24.7189 6.47342 0
    endloop
  endfacet
  facet normal 0 0 -1
    outer loop
      vertex 24.7189 6.47342 0
      vertex 18.9 12.5 0
      vertex 24.812 6.48816 0
    endloop
  endfacet
  facet normal 0 0 -1
    outer loop
      vertex 24.812 6.48816 0
      vertex 18.9 12.5 0
      vertex 24.9058 6.49704 0
    endloop
  endfacet
  facet normal 0 0 -1
    outer loop
      vertex 24.9058 6.49704 0
      vertex 18.9 12.5 0
      vertex 25 6.5 0
    endloop
  endfacet
  facet normal 0 0 -1
    outer loop
      vertex 18.9 12.5 0
      vertex 25.188 6.48816 0
      vertex 25.0942 6.49704 0
    endloop
  endfacet
  facet normal 0 0 -1
    outer loop
      vertex 25.373 6.45287 0
      vertex 25.2811 6.47342 0
      vertex 18.9 12.5 0
    endloop
  endfacet
  facet normal 0 0 -1
    outer loop
      vertex 25.4635 6.42657 0
      vertex 25.373 6.45287 0
      vertex 18.9 12.5 0
    endloop
  endfacet
  facet normal 0 0 -1
    outer loop
      vertex 25.5522 6.39465 0
      vertex 25.4635 6.42657 0
      vertex 18.9 12.5 0
    endloop
  endfacet
  facet normal 0 0 -1
    outer loop
      vertex 25.6387 6.35724 0
      vertex 25.5522 6.39465 0
      vertex 18.9 12.5 0
    endloop
  endfacet
  facet normal 0 0 -1
    outer loop
      vertex 25.7226 6.31445 0
      vertex 25.6387 6.35724 0
      vertex 18.9 12.5 0
    endloop
  endfacet
  facet normal 0 0 -1
    outer loop
      vertex 25.8037 6.26648 0
      vertex 25.7226 6.31445 0
      vertex 18.9 12.5 0
    endloop
  endfacet
  facet normal 0 0 -1
    outer loop
      vertex 25.8817 6.21352 0
      vertex 25.8037 6.26648 0
      vertex 25.8037 53.7335 0
    endloop
  endfacet
  facet normal 0 -0 -1
    outer loop
      vertex 25.8817 53.7865 0
      vertex 25.8817 6.21352 0
      vertex 25.8037 53.7335 0
    endloop
  endfacet
  facet normal 0 0 -1
    outer loop
      vertex 25.8817 53.7865 0
      vertex 25.9561 6.15576 0
      vertex 25.8817 6.21352 0
    endloop
  endfacet
  facet normal 0 0 -1
    outer loop
      vertex 25.8817 53.7865 0
      vertex 25.9561 53.8442 0
      vertex 25.9561 6.15576 0
    endloop
  endfacet
  facet normal 0 0 -1
    outer loop
      vertex 25.9561 6.15576 0
      vertex 25.9561 53.8442 0
      vertex 26.0268 6.09344 0
    endloop
  endfacet
  facet normal 0 0 -1
    outer loop
      vertex 26.0268 6.09344 0
      vertex 25.9561 53.8442 0
      vertex 26.0268 53.9065 0
    endloop
  endfacet
  facet normal 0 0 -1
    outer loop
      vertex 26.0934 6.02681 0
      vertex 26.0268 6.09344 0
      vertex 26.0268 53.9065 0
    endloop
  endfacet
  facet normal 0 0 -1
    outer loop
      vertex 26.1558 5.95613 0
      vertex 26.0934 6.02681 0
      vertex 26.0934 53.9732 0
    endloop
  endfacet
  facet normal 0 -0 -1
    outer loop
      vertex 26.1558 54.0439 0
      vertex 26.1558 5.95613 0
      vertex 26.0934 53.9732 0
    endloop
  endfacet
  facet normal 0 0 -1
    outer loop
      vertex 26.1558 54.0439 0
      vertex 26.2135 5.88167 0
      vertex 26.1558 5.95613 0
    endloop
  endfacet
  facet normal 0 0 -1
    outer loop
      vertex 26.1558 54.0439 0
      vertex 26.2135 54.1183 0
      vertex 26.2135 5.88167 0
    endloop
  endfacet
  facet normal 0 0 -1
    outer loop
      vertex 26.2135 5.88167 0
      vertex 26.2135 54.1183 0
      vertex 26.2665 5.80373 0
    endloop
  endfacet
  facet normal 0 0 -1
    outer loop
      vertex 26.2665 5.80373 0
      vertex 26.2135 54.1183 0
      vertex 26.2665 54.1963 0
    endloop
  endfacet
  facet normal 0 0 -1
    outer loop
      vertex 26.3145 5.72263 0
      vertex 26.2665 5.80373 0
      vertex 26.2665 54.1963 0
    endloop
  endfacet
  facet normal 0 0 -1
    outer loop
      vertex 30 0 0
      vertex 26.3145 5.72263 0
      vertex 26.3145 54.2774 0
    endloop
  endfacet
  facet normal 0 0 -1
    outer loop
      vertex 30 0 0
      vertex 26.3572 5.63866 0
      vertex 26.3145 5.72263 0
    endloop
  endfacet
  facet normal 0 0 -1
    outer loop
      vertex 30 0 0
      vertex 26.3947 5.55219 0
      vertex 26.3572 5.63866 0
    endloop
  endfacet
  facet normal 0 0 -1
    outer loop
      vertex 30 0 0
      vertex 26.4266 5.46352 0
      vertex 26.3947 5.55219 0
    endloop
  endfacet
  facet normal 0 0 -1
    outer loop
      vertex 30 0 0
      vertex 26.4529 5.37303 0
      vertex 26.4266 5.46352 0
    endloop
  endfacet
  facet normal 0 0 -1
    outer loop
      vertex 30 0 0
      vertex 26.4734 5.28107 0
      vertex 26.4529 5.37303 0
    endloop
  endfacet
  facet normal 0 0 -1
    outer loop
      vertex 30 0 0
      vertex 26.4882 5.18799 0
      vertex 26.4734 5.28107 0
    endloop
  endfacet
  facet normal 0 0 -1
    outer loop
      vertex 30 0 0
      vertex 26.497 5.09418 0
      vertex 26.4882 5.18799 0
    endloop
  endfacet
  facet normal 0 0 -1
    outer loop
      vertex 30 0 0
      vertex 26.5 5 0
      vertex 26.497 5.09418 0
    endloop
  endfacet
  facet normal 0 0 -1
    outer loop
      vertex 30 0 0
      vertex 26.497 4.90581 0
      vertex 26.5 5 0
    endloop
  endfacet
  facet normal 0 0 -1
    outer loop
      vertex 30 0 0
      vertex 26.4882 4.812 0
      vertex 26.497 4.90581 0
    endloop
  endfacet
  facet normal 0 0 -1
    outer loop
      vertex 30 0 0
      vertex 26.4734 4.71892 0
      vertex 26.4882 4.812 0
    endloop
  endfacet
  facet normal 0 0 -1
    outer loop
      vertex 30 0 0
      vertex 26.4529 4.62695 0
      vertex 26.4734 4.71892 0
    endloop
  endfacet
  facet normal 0 0 -1
    outer loop
      vertex 30 0 0
      vertex 26.4266 4.53647 0
      vertex 26.4529 4.62695 0
    endloop
  endfacet
  facet normal 0 0 -1
    outer loop
      vertex 30 0 0
      vertex 26.3947 4.4478 0
      vertex 26.4266 4.53647 0
    endloop
  endfacet
  facet normal 0 0 -1
    outer loop
      vertex 30 0 0
      vertex 26.3572 4.36133 0
      vertex 26.3947 4.4478 0
    endloop
  endfacet
  facet normal 0 0 -1
    outer loop
      vertex 30 0 0
      vertex 26.3145 4.27736 0
      vertex 26.3572 4.36133 0
    endloop
  endfacet
  facet normal 0 0 -1
    outer loop
      vertex 30 0 0
      vertex 26.2665 4.19626 0
      vertex 26.3145 4.27736 0
    endloop
  endfacet
  facet normal 0 0 -1
    outer loop
      vertex 30 0 0
      vertex 26.2135 4.11832 0
      vertex 26.2665 4.19626 0
    endloop
  endfacet
  facet normal 0 0 -1
    outer loop
      vertex 30 0 0
      vertex 26.1558 4.04385 0
      vertex 26.2135 4.11832 0
    endloop
  endfacet
  facet normal 0 0 -1
    outer loop
      vertex 30 0 0
      vertex 26.0934 3.97318 0
      vertex 26.1558 4.04385 0
    endloop
  endfacet
  facet normal 0 0 -1
    outer loop
      vertex 30 0 0
      vertex 26.0268 3.90654 0
      vertex 26.0934 3.97318 0
    endloop
  endfacet
  facet normal 0 0 -1
    outer loop
      vertex 30 0 0
      vertex 25.9561 3.84422 0
      vertex 26.0268 3.90654 0
    endloop
  endfacet
  facet normal 0 0 -1
    outer loop
      vertex 30 0 0
      vertex 25.8817 3.78647 0
      vertex 25.9561 3.84422 0
    endloop
  endfacet
  facet normal 0 0 -1
    outer loop
      vertex 30 0 0
      vertex 25.8037 3.73351 0
      vertex 25.8817 3.78647 0
    endloop
  endfacet
  facet normal 0 0 -1
    outer loop
      vertex 30 0 0
      vertex 25.7226 3.68553 0
      vertex 25.8037 3.73351 0
    endloop
  endfacet
  facet normal 0 0 -1
    outer loop
      vertex 30 0 0
      vertex 25.6387 3.64275 0
      vertex 25.7226 3.68553 0
    endloop
  endfacet
  facet normal 0 0 -1
    outer loop
      vertex 30 0 0
      vertex 25.5522 3.60533 0
      vertex 25.6387 3.64275 0
    endloop
  endfacet
  facet normal 0 0 -1
    outer loop
      vertex 30 0 0
      vertex 25.4635 3.57341 0
      vertex 25.5522 3.60533 0
    endloop
  endfacet
  facet normal 0 0 -1
    outer loop
      vertex 30 0 0
      vertex 25.373 3.54712 0
      vertex 25.4635 3.57341 0
    endloop
  endfacet
  facet normal 0 0 -1
    outer loop
      vertex 30 0 0
      vertex 25.2811 3.52657 0
      vertex 25.373 3.54712 0
    endloop
  endfacet
  facet normal 0 0 -1
    outer loop
      vertex 30 0 0
      vertex 25.188 3.51183 0
      vertex 25.2811 3.52657 0
    endloop
  endfacet
  facet normal 0 0 -1
    outer loop
      vertex 30 0 0
      vertex 25.0942 3.50294 0
      vertex 25.188 3.51183 0
    endloop
  endfacet
  facet normal 0 0 -1
    outer loop
      vertex 11.1 12.5 0
      vertex 6.26648 5.80373 0
      vertex 6.21352 5.88167 0
    endloop
  endfacet
  facet normal 0 0 -1
    outer loop
      vertex 0 0 0
      vertex 4.90581 3.50294 0
      vertex 5 3.5 0
    endloop
  endfacet
  facet normal -0 0 -1
    outer loop
      vertex 4.19626 6.26648 0
      vertex 4.11832 6.21352 0
      vertex 4.11832 53.7865 0
    endloop
  endfacet
  facet normal 0 0 -1
    outer loop
      vertex 0 0 0
      vertex 4.812 3.51183 0
      vertex 4.90581 3.50294 0
    endloop
  endfacet
  facet normal 0 0 -1
    outer loop
      vertex 0 0 0
      vertex 4.71892 3.52657 0
      vertex 4.812 3.51183 0
    endloop
  endfacet
  facet normal 0 0 -1
    outer loop
      vertex 0 0 0
      vertex 4.62695 3.54712 0
      vertex 4.71892 3.52657 0
    endloop
  endfacet
  facet normal 0 0 -1
    outer loop
      vertex 0 0 0
      vertex 4.53647 3.57341 0
      vertex 4.62695 3.54712 0
    endloop
  endfacet
  facet normal 0 0 -1
    outer loop
      vertex 0 0 0
      vertex 4.4478 3.60533 0
      vertex 4.53647 3.57341 0
    endloop
  endfacet
  facet normal 0 0 -1
    outer loop
      vertex 0 0 0
      vertex 4.36133 3.64275 0
      vertex 4.4478 3.60533 0
    endloop
  endfacet
  facet normal 0 -0 -1
    outer loop
      vertex 4.27736 3.68553 0
      vertex 4.36133 3.64275 0
      vertex 0 0 0
    endloop
  endfacet
  facet normal 0 0 -1
    outer loop
      vertex 0 0 0
      vertex 3.60533 5.55219 0
      vertex 3.57341 5.46352 0
    endloop
  endfacet
  facet normal 0 -0 -1
    outer loop
      vertex 4.19626 3.73351 0
      vertex 4.27736 3.68553 0
      vertex 0 0 0
    endloop
  endfacet
  facet normal 0 -0 -1
    outer loop
      vertex 4.11832 3.78647 0
      vertex 4.19626 3.73351 0
      vertex 0 0 0
    endloop
  endfacet
  facet normal 0 -0 -1
    outer loop
      vertex 4.04385 3.84422 0
      vertex 4.11832 3.78647 0
      vertex 0 0 0
    endloop
  endfacet
  facet normal 0 -0 -1
    outer loop
      vertex 3.97318 3.90654 0
      vertex 4.04385 3.84422 0
      vertex 0 0 0
    endloop
  endfacet
  facet normal -0 0 -1
    outer loop
      vertex 3.54712 5.37303 0
      vertex 0 0 0
      vertex 3.57341 5.46352 0
    endloop
  endfacet
  facet normal 0 -0 -1
    outer loop
      vertex 3.90654 3.97318 0
      vertex 3.97318 3.90654 0
      vertex 0 0 0
    endloop
  endfacet
  facet normal 0 -0 -1
    outer loop
      vertex 3.84422 4.04385 0
      vertex 3.90654 3.97318 0
      vertex 0 0 0
    endloop
  endfacet
  facet normal 0 -0 -1
    outer loop
      vertex 3.78647 4.11832 0
      vertex 3.84422 4.04385 0
      vertex 0 0 0
    endloop
  endfacet
  facet normal 0 0 -1
    outer loop
      vertex 3.54712 5.37303 0
      vertex 3.52657 5.28107 0
      vertex 0 0 0
    endloop
  endfacet
  facet normal 0 -0 -1
    outer loop
      vertex 3.73351 4.19626 0
      vertex 3.78647 4.11832 0
      vertex 0 0 0
    endloop
  endfacet
  facet normal 0 -0 -1
    outer loop
      vertex 3.68553 4.27736 0
      vertex 3.73351 4.19626 0
      vertex 0 0 0
    endloop
  endfacet
  facet normal 0 -0 -1
    outer loop
      vertex 3.64275 4.36133 0
      vertex 3.68553 4.27736 0
      vertex 0 0 0
    endloop
  endfacet
  facet normal 0 -0 -1
    outer loop
      vertex 3.60533 4.4478 0
      vertex 3.64275 4.36133 0
      vertex 0 0 0
    endloop
  endfacet
  facet normal 0 0 -1
    outer loop
      vertex 0 0 0
      vertex 3.52657 5.28107 0
      vertex 3.51183 5.18799 0
    endloop
  endfacet
  facet normal 0 -0 -1
    outer loop
      vertex 3.57341 4.53647 0
      vertex 3.60533 4.4478 0
      vertex 0 0 0
    endloop
  endfacet
  facet normal 0 -0 -1
    outer loop
      vertex 3.54712 4.62695 0
      vertex 3.57341 4.53647 0
      vertex 0 0 0
    endloop
  endfacet
  facet normal 0 -0 -1
    outer loop
      vertex 3.52657 4.71892 0
      vertex 3.54712 4.62695 0
      vertex 0 0 0
    endloop
  endfacet
  facet normal 0 -0 -1
    outer loop
      vertex 3.51183 4.812 0
      vertex 3.52657 4.71892 0
      vertex 0 0 0
    endloop
  endfacet
  facet normal 0 -0 -1
    outer loop
      vertex 3.50294 4.90581 0
      vertex 3.51183 4.812 0
      vertex 0 0 0
    endloop
  endfacet
  facet normal 0 0 -1
    outer loop
      vertex 3.50294 5.09418 0
      vertex 3.5 5 0
      vertex 0 0 0
    endloop
  endfacet
  facet normal 0 -0 -1
    outer loop
      vertex 3.5 5 0
      vertex 3.50294 4.90581 0
      vertex 0 0 0
    endloop
  endfacet
  facet normal -0 0 -1
    outer loop
      vertex 3.68553 5.72263 0
      vertex 0 0 0
      vertex 3.68553 54.2774 0
    endloop
  endfacet
  facet normal -0 0 -1
    outer loop
      vertex 3.73351 5.80373 0
      vertex 3.68553 5.72263 0
      vertex 3.68553 54.2774 0
    endloop
  endfacet
  facet normal -0 -0 -1
    outer loop
      vertex 3.73351 54.1963 0
      vertex 3.73351 5.80373 0
      vertex 3.68553 54.2774 0
    endloop
  endfacet
  facet normal 0 0 -1
    outer loop
      vertex 3.73351 54.1963 0
      vertex 3.78647 5.88167 0
      vertex 3.73351 5.80373 0
    endloop
  endfacet
  facet normal 0 0 -1
    outer loop
      vertex 3.73351 54.1963 0
      vertex 3.78647 54.1183 0
      vertex 3.78647 5.88167 0
    endloop
  endfacet
  facet normal 0 0 -1
    outer loop
      vertex 3.78647 5.88167 0
      vertex 3.78647 54.1183 0
      vertex 3.84422 5.95613 0
    endloop
  endfacet
  facet normal 0 0 -1
    outer loop
      vertex 3.84422 5.95613 0
      vertex 3.84422 54.0439 0
      vertex 3.90654 6.02681 0
    endloop
  endfacet
  facet normal 0 0 -1
    outer loop
      vertex 3.90654 6.02681 0
      vertex 3.84422 54.0439 0
      vertex 3.90654 53.9732 0
    endloop
  endfacet
  facet normal -0 0 -1
    outer loop
      vertex 3.97318 6.09344 0
      vertex 3.90654 6.02681 0
      vertex 3.90654 53.9732 0
    endloop
  endfacet
  facet normal -0 -0 -1
    outer loop
      vertex 3.97318 53.9065 0
      vertex 3.97318 6.09344 0
      vertex 3.90654 53.9732 0
    endloop
  endfacet
  facet normal 0 0 -1
    outer loop
      vertex 3.97318 53.9065 0
      vertex 4.04385 6.15576 0
      vertex 3.97318 6.09344 0
    endloop
  endfacet
  facet normal 0 0 -1
    outer loop
      vertex 3.97318 53.9065 0
      vertex 4.04385 53.8442 0
      vertex 4.04385 6.15576 0
    endloop
  endfacet
  facet normal 0 0 -1
    outer loop
      vertex 4.04385 6.15576 0
      vertex 4.04385 53.8442 0
      vertex 4.11832 6.21352 0
    endloop
  endfacet
  facet normal -0 -0 -1
    outer loop
      vertex 4.19626 53.7335 0
      vertex 4.19626 6.26648 0
      vertex 4.11832 53.7865 0
    endloop
  endfacet
  facet normal 0 0 -1
    outer loop
      vertex 4.19626 53.7335 0
      vertex 11.1 12.5 0
      vertex 4.19626 6.26648 0
    endloop
  endfacet
  facet normal 0 0 -1
    outer loop
      vertex 4.19626 6.26648 0
      vertex 11.1 12.5 0
      vertex 4.27736 6.31445 0
    endloop
  endfacet
  facet normal 0 0 -1
    outer loop
      vertex 4.27736 6.31445 0
      vertex 11.1 12.5 0
      vertex 4.36133 6.35724 0
    endloop
  endfacet
  facet normal 0 0 -1
    outer loop
      vertex 4.36133 6.35724 0
      vertex 11.1 12.5 0
      vertex 4.4478 6.39465 0
    endloop
  endfacet
  facet normal 0 0 -1
    outer loop
      vertex 4.4478 6.39465 0
      vertex 11.1 12.5 0
      vertex 4.53647 6.42657 0
    endloop
  endfacet
  facet normal 0 0 -1
    outer loop
      vertex 4.53647 6.42657 0
      vertex 11.1 12.5 0
      vertex 4.62695 6.45287 0
    endloop
  endfacet
  facet normal 0 0 -1
    outer loop
      vertex 4.62695 6.45287 0
      vertex 11.1 12.5 0
      vertex 4.71892 6.47342 0
    endloop
  endfacet
  facet normal 0 0 -1
    outer loop
      vertex 4.71892 6.47342 0
      vertex 11.1 12.5 0
      vertex 4.812 6.48816 0
    endloop
  endfacet
  facet normal 0 0 -1
    outer loop
      vertex 4.812 6.48816 0
      vertex 11.1 12.5 0
      vertex 4.90581 6.49704 0
    endloop
  endfacet
  facet normal 0 0 -1
    outer loop
      vertex 4.90581 6.49704 0
      vertex 11.1 12.5 0
      vertex 5 6.5 0
    endloop
  endfacet
  facet normal 0 0 -1
    outer loop
      vertex 11.1 12.5 0
      vertex 5.18799 6.48816 0
      vertex 5.09418 6.49704 0
    endloop
  endfacet
  facet normal 0 0 -1
    outer loop
      vertex 11.1 12.5 0
      vertex 5.28107 6.47342 0
      vertex 5.18799 6.48816 0
    endloop
  endfacet
  facet normal 0 0 -1
    outer loop
      vertex 11.1 12.5 0
      vertex 5.37303 6.45287 0
      vertex 5.28107 6.47342 0
    endloop
  endfacet
  facet normal 0 0 -1
    outer loop
      vertex 11.1 12.5 0
      vertex 5.46352 6.42657 0
      vertex 5.37303 6.45287 0
    endloop
  endfacet
  facet normal 0 0 -1
    outer loop
      vertex 11.1 12.5 0
      vertex 5.55219 6.39465 0
      vertex 5.46352 6.42657 0
    endloop
  endfacet
  facet normal 0 0 -1
    outer loop
      vertex 11.1 12.5 0
      vertex 5.63866 6.35724 0
      vertex 5.55219 6.39465 0
    endloop
  endfacet
  facet normal 0 0 -1
    outer loop
      vertex 11.1 12.5 0
      vertex 5.72263 6.31445 0
      vertex 5.63866 6.35724 0
    endloop
  endfacet
  facet normal 0 0 -1
    outer loop
      vertex 5.88167 6.21352 0
      vertex 11.1 12.5 0
      vertex 5.95613 6.15576 0
    endloop
  endfacet
  facet normal 0 0 -1
    outer loop
      vertex 11.1 12.5 0
      vertex 6.09344 6.02681 0
      vertex 6.02681 6.09344 0
    endloop
  endfacet
  facet normal 0 0 -1
    outer loop
      vertex 11.1 12.5 0
      vertex 6.15576 5.95613 0
      vertex 6.09344 6.02681 0
    endloop
  endfacet
  facet normal 0 0 -1
    outer loop
      vertex 11.1 12.5 0
      vertex 6.21352 5.88167 0
      vertex 6.15576 5.95613 0
    endloop
  endfacet
  facet normal 0 0 -1
    outer loop
      vertex 6.31445 5.72263 0
      vertex 6.26648 5.80373 0
      vertex 11.1 12.5 0
    endloop
  endfacet
  facet normal 0 0 -1
    outer loop
      vertex 6.35724 5.63866 0
      vertex 6.31445 5.72263 0
      vertex 11.1 12.5 0
    endloop
  endfacet
  facet normal 0 0 -1
    outer loop
      vertex 6.39465 5.55219 0
      vertex 11.1 12.5 0
      vertex 6.42657 5.46352 0
    endloop
  endfacet
  facet normal 0 0 -1
    outer loop
      vertex 6.42657 5.46352 0
      vertex 11.1 12.5 0
      vertex 6.45287 5.37303 0
    endloop
  endfacet
  facet normal 0 -0 -1
    outer loop
      vertex 11.1 12.5 0
      vertex 13.6 12.5 0
      vertex 6.47342 5.28107 0
    endloop
  endfacet
  facet normal 0 0 -1
    outer loop
      vertex 6.47342 5.28107 0
      vertex 13.6 12.5 0
      vertex 6.48816 5.18799 0
    endloop
  endfacet
  facet normal 0 0 -1
    outer loop
      vertex 6.49704 4.90581 0
      vertex 6.5 5 0
      vertex 13.6 12.5 0
    endloop
  endfacet
  facet normal 0 0 -1
    outer loop
      vertex 23.5029 4.90581 0
      vertex 6.49704 4.90581 0
      vertex 13.6 12.5 0
    endloop
  endfacet
  facet normal 0 0 -1
    outer loop
      vertex 23.5118 4.812 0
      vertex 6.48816 4.812 0
      vertex 23.5029 4.90581 0
    endloop
  endfacet
  facet normal -0 0 -1
    outer loop
      vertex 23.5118 4.812 0
      vertex 6.47342 4.71892 0
      vertex 6.48816 4.812 0
    endloop
  endfacet
  facet normal -0 0 -1
    outer loop
      vertex 23.5266 4.71892 0
      vertex 6.45287 4.62695 0
      vertex 6.47342 4.71892 0
    endloop
  endfacet
  facet normal 0 -0 -1
    outer loop
      vertex 23.5266 4.71892 0
      vertex 23.5471 4.62695 0
      vertex 6.45287 4.62695 0
    endloop
  endfacet
  facet normal 0 -0 -1
    outer loop
      vertex 23.5471 4.62695 0
      vertex 23.5734 4.53647 0
      vertex 6.42657 4.53647 0
    endloop
  endfacet
  facet normal 0 -0 -1
    outer loop
      vertex 6.42657 4.53647 0
      vertex 23.5734 4.53647 0
      vertex 6.39465 4.4478 0
    endloop
  endfacet
  facet normal 0 -0 -1
    outer loop
      vertex 6.39465 4.4478 0
      vertex 23.6053 4.4478 0
      vertex 6.35724 4.36133 0
    endloop
  endfacet
  facet normal 0 0 -1
    outer loop
      vertex 6.35724 4.36133 0
      vertex 23.6053 4.4478 0
      vertex 23.6427 4.36133 0
    endloop
  endfacet
  facet normal 0 0 -1
    outer loop
      vertex 6.31445 4.27736 0
      vertex 23.6427 4.36133 0
      vertex 23.6855 4.27736 0
    endloop
  endfacet
  facet normal 0 0 -1
    outer loop
      vertex 6.26648 4.19626 0
      vertex 23.6855 4.27736 0
      vertex 23.7335 4.19626 0
    endloop
  endfacet
  facet normal 0 0 -1
    outer loop
      vertex 6.21352 4.11832 0
      vertex 6.26648 4.19626 0
      vertex 23.7335 4.19626 0
    endloop
  endfacet
  facet normal 0 0 -1
    outer loop
      vertex 6.15576 4.04385 0
      vertex 6.21352 4.11832 0
      vertex 23.7865 4.11832 0
    endloop
  endfacet
  facet normal 0 0 -1
    outer loop
      vertex 23.8442 4.04385 0
      vertex 6.15576 4.04385 0
      vertex 23.7865 4.11832 0
    endloop
  endfacet
  facet normal 0 0 -1
    outer loop
      vertex 23.9065 3.97318 0
      vertex 6.09344 3.97318 0
      vertex 23.8442 4.04385 0
    endloop
  endfacet
  facet normal -0 0 -1
    outer loop
      vertex 23.9065 3.97318 0
      vertex 6.02681 3.90654 0
      vertex 6.09344 3.97318 0
    endloop
  endfacet
  facet normal -0 0 -1
    outer loop
      vertex 23.9732 3.90654 0
      vertex 5.95613 3.84422 0
      vertex 6.02681 3.90654 0
    endloop
  endfacet
  facet normal 0 -0 -1
    outer loop
      vertex 23.9732 3.90654 0
      vertex 24.0439 3.84422 0
      vertex 5.95613 3.84422 0
    endloop
  endfacet
  facet normal 0 0 -1
    outer loop
      vertex 24.3613 3.64275 0
      vertex 5.63866 3.64275 0
      vertex 24.2774 3.68553 0
    endloop
  endfacet
  facet normal 0 0 -1
    outer loop
      vertex 5.88167 3.78647 0
      vertex 24.0439 3.84422 0
      vertex 24.1183 3.78647 0
    endloop
  endfacet
  facet normal 0 0 -1
    outer loop
      vertex 5.80373 3.73351 0
      vertex 5.88167 3.78647 0
      vertex 24.1183 3.78647 0
    endloop
  endfacet
  facet normal 0 0 -1
    outer loop
      vertex 24.1963 3.73351 0
      vertex 5.80373 3.73351 0
      vertex 24.1183 3.78647 0
    endloop
  endfacet
  facet normal -0 0 -1
    outer loop
      vertex 24.1963 3.73351 0
      vertex 5.72263 3.68553 0
      vertex 5.80373 3.73351 0
    endloop
  endfacet
  facet normal 0 -0 -1
    outer loop
      vertex 5.72263 3.68553 0
      vertex 24.2774 3.68553 0
      vertex 5.63866 3.64275 0
    endloop
  endfacet
  facet normal 0 -0 -1
    outer loop
      vertex 24.1963 3.73351 0
      vertex 24.2774 3.68553 0
      vertex 5.72263 3.68553 0
    endloop
  endfacet
  facet normal -0 0 -1
    outer loop
      vertex 24.3613 3.64275 0
      vertex 0 0 0
      vertex 5.63866 3.64275 0
    endloop
  endfacet
  facet normal 0 0 -1
    outer loop
      vertex 5.63866 3.64275 0
      vertex 0 0 0
      vertex 5.55219 3.60533 0
    endloop
  endfacet
  facet normal 0 0 -1
    outer loop
      vertex 5.55219 3.60533 0
      vertex 0 0 0
      vertex 5.46352 3.57341 0
    endloop
  endfacet
  facet normal 0 0 -1
    outer loop
      vertex 5.46352 3.57341 0
      vertex 0 0 0
      vertex 5.37303 3.54712 0
    endloop
  endfacet
  facet normal 0 0 -1
    outer loop
      vertex 5.37303 3.54712 0
      vertex 0 0 0
      vertex 5.28107 3.52657 0
    endloop
  endfacet
  facet normal 0 0 -1
    outer loop
      vertex 5.28107 3.52657 0
      vertex 0 0 0
      vertex 5.18799 3.51183 0
    endloop
  endfacet
  facet normal 0 0 -1
    outer loop
      vertex 5.18799 3.51183 0
      vertex 0 0 0
      vertex 5.09418 3.50294 0
    endloop
  endfacet
  facet normal 0 0 -1
    outer loop
      vertex 5.09418 3.50294 0
      vertex 0 0 0
      vertex 5 3.5 0
    endloop
  endfacet
  facet normal 0 -0 1
    outer loop
      vertex 4.812 56.4882 3
      vertex 4.90581 56.497 3
      vertex 0 60 3
    endloop
  endfacet
  facet normal 0 0 1
    outer loop
      vertex 18.9 47.5 3
      vertex 24.5365 53.5734 3
      vertex 24.4478 53.6053 3
    endloop
  endfacet
  facet normal 0 0 1
    outer loop
      vertex 4.812 53.5118 3
      vertex 11.1 47.5 3
      vertex 4.90581 53.5029 3
    endloop
  endfacet
  facet normal 0 0 1
    outer loop
      vertex 5.95613 53.8442 3
      vertex 5.88167 53.7865 3
      vertex 11.1 47.5 3
    endloop
  endfacet
  facet normal 0 0 1
    outer loop
      vertex 4.812 53.5118 3
      vertex 4.71892 53.5266 3
      vertex 11.1 47.5 3
    endloop
  endfacet
  facet normal 0 0 1
    outer loop
      vertex 4.62695 53.5471 3
      vertex 4.53647 53.5734 3
      vertex 11.1 47.5 3
    endloop
  endfacet
  facet normal 0 0 1
    outer loop
      vertex 4.53647 53.5734 3
      vertex 4.4478 53.6053 3
      vertex 11.1 47.5 3
    endloop
  endfacet
  facet normal -0 0 1
    outer loop
      vertex 18.9 47.5 3
      vertex 18.9 12.5 3
      vertex 25.8037 53.7335 3
    endloop
  endfacet
  facet normal 0 0 1
    outer loop
      vertex 4.36133 53.6427 3
      vertex 4.27736 53.6855 3
      vertex 11.1 47.5 3
    endloop
  endfacet
  facet normal -0 0 1
    outer loop
      vertex 13.6 47.5 3
      vertex 16.4 12.5 3
      vertex 16.4 47.5 3
    endloop
  endfacet
  facet normal 0 0 1
    outer loop
      vertex 4.19626 53.7335 3
      vertex 11.1 12.5 3
      vertex 11.1 47.5 3
    endloop
  endfacet
  facet normal 0 0 1
    outer loop
      vertex 13.6 47.5 3
      vertex 13.6 12.5 3
      vertex 16.4 12.5 3
    endloop
  endfacet
  facet normal 0 0 1
    outer loop
      vertex 3.68553 5.72263 3
      vertex 0 0 3
      vertex 3.64275 5.63866 3
    endloop
  endfacet
  facet normal 0 0 1
    outer loop
      vertex 0 0 3
      vertex 3.60533 5.55219 3
      vertex 3.64275 5.63866 3
    endloop
  endfacet
  facet normal 0 0 1
    outer loop
      vertex 0 0 3
      vertex 3.50294 5.09418 3
      vertex 3.51183 5.18799 3
    endloop
  endfacet
  facet normal 0 0 1
    outer loop
      vertex 0 0 3
      vertex 3.68553 54.2774 3
      vertex 0 60 3
    endloop
  endfacet
  facet normal 0 0 1
    outer loop
      vertex 3.68553 54.2774 3
      vertex 3.64275 54.3613 3
      vertex 0 60 3
    endloop
  endfacet
  facet normal 0 0 1
    outer loop
      vertex 3.64275 54.3613 3
      vertex 3.60533 54.4478 3
      vertex 0 60 3
    endloop
  endfacet
  facet normal 0 0 1
    outer loop
      vertex 3.60533 54.4478 3
      vertex 3.57341 54.5365 3
      vertex 0 60 3
    endloop
  endfacet
  facet normal 0 0 1
    outer loop
      vertex 3.57341 54.5365 3
      vertex 3.54712 54.627 3
      vertex 0 60 3
    endloop
  endfacet
  facet normal 0 0 1
    outer loop
      vertex 3.54712 54.627 3
      vertex 3.52657 54.7189 3
      vertex 0 60 3
    endloop
  endfacet
  facet normal 0 0 1
    outer loop
      vertex 3.52657 54.7189 3
      vertex 3.51183 54.812 3
      vertex 0 60 3
    endloop
  endfacet
  facet normal 0 0 1
    outer loop
      vertex 3.51183 54.812 3
      vertex 3.50294 54.9058 3
      vertex 0 60 3
    endloop
  endfacet
  facet normal 0 0 1
    outer loop
      vertex 3.50294 54.9058 3
      vertex 3.5 55 3
      vertex 0 60 3
    endloop
  endfacet
  facet normal 0 -0 1
    outer loop
      vertex 3.5 55 3
      vertex 3.50294 55.0942 3
      vertex 0 60 3
    endloop
  endfacet
  facet normal 0 -0 1
    outer loop
      vertex 3.50294 55.0942 3
      vertex 3.51183 55.188 3
      vertex 0 60 3
    endloop
  endfacet
  facet normal 0 -0 1
    outer loop
      vertex 3.51183 55.188 3
      vertex 3.52657 55.2811 3
      vertex 0 60 3
    endloop
  endfacet
  facet normal 0 -0 1
    outer loop
      vertex 3.52657 55.2811 3
      vertex 3.54712 55.373 3
      vertex 0 60 3
    endloop
  endfacet
  facet normal 0 -0 1
    outer loop
      vertex 3.54712 55.373 3
      vertex 3.57341 55.4635 3
      vertex 0 60 3
    endloop
  endfacet
  facet normal 0 -0 1
    outer loop
      vertex 3.57341 55.4635 3
      vertex 3.60533 55.5522 3
      vertex 0 60 3
    endloop
  endfacet
  facet normal 0 -0 1
    outer loop
      vertex 3.60533 55.5522 3
      vertex 3.64275 55.6387 3
      vertex 0 60 3
    endloop
  endfacet
  facet normal 0 -0 1
    outer loop
      vertex 3.64275 55.6387 3
      vertex 3.68553 55.7226 3
      vertex 0 60 3
    endloop
  endfacet
  facet normal 0 -0 1
    outer loop
      vertex 3.68553 55.7226 3
      vertex 3.73351 55.8037 3
      vertex 0 60 3
    endloop
  endfacet
  facet normal 0 -0 1
    outer loop
      vertex 3.73351 55.8037 3
      vertex 3.78647 55.8817 3
      vertex 0 60 3
    endloop
  endfacet
  facet normal 0 -0 1
    outer loop
      vertex 3.78647 55.8817 3
      vertex 3.84422 55.9561 3
      vertex 0 60 3
    endloop
  endfacet
  facet normal 0 -0 1
    outer loop
      vertex 3.84422 55.9561 3
      vertex 3.90654 56.0268 3
      vertex 0 60 3
    endloop
  endfacet
  facet normal 0 -0 1
    outer loop
      vertex 3.90654 56.0268 3
      vertex 3.97318 56.0934 3
      vertex 0 60 3
    endloop
  endfacet
  facet normal 0 -0 1
    outer loop
      vertex 3.97318 56.0934 3
      vertex 4.04385 56.1558 3
      vertex 0 60 3
    endloop
  endfacet
  facet normal 0 -0 1
    outer loop
      vertex 4.04385 56.1558 3
      vertex 4.11832 56.2135 3
      vertex 0 60 3
    endloop
  endfacet
  facet normal 0 -0 1
    outer loop
      vertex 4.11832 56.2135 3
      vertex 4.19626 56.2665 3
      vertex 0 60 3
    endloop
  endfacet
  facet normal 0 -0 1
    outer loop
      vertex 4.19626 56.2665 3
      vertex 4.27736 56.3145 3
      vertex 0 60 3
    endloop
  endfacet
  facet normal 0 -0 1
    outer loop
      vertex 4.27736 56.3145 3
      vertex 4.36133 56.3572 3
      vertex 0 60 3
    endloop
  endfacet
  facet normal 0 -0 1
    outer loop
      vertex 4.36133 56.3572 3
      vertex 4.4478 56.3947 3
      vertex 0 60 3
    endloop
  endfacet
  facet normal 0 -0 1
    outer loop
      vertex 4.4478 56.3947 3
      vertex 4.53647 56.4266 3
      vertex 0 60 3
    endloop
  endfacet
  facet normal 0 -0 1
    outer loop
      vertex 4.53647 56.4266 3
      vertex 4.62695 56.4529 3
      vertex 0 60 3
    endloop
  endfacet
  facet normal 0 -0 1
    outer loop
      vertex 4.62695 56.4529 3
      vertex 4.71892 56.4734 3
      vertex 0 60 3
    endloop
  endfacet
  facet normal 0 -0 1
    outer loop
      vertex 4.71892 56.4734 3
      vertex 4.812 56.4882 3
      vertex 0 60 3
    endloop
  endfacet
  facet normal 0 0 1
    outer loop
      vertex 0 60 3
      vertex 4.90581 56.497 3
      vertex 5 56.5 3
    endloop
  endfacet
  facet normal 0 0 1
    outer loop
      vertex 0 60 3
      vertex 5 56.5 3
      vertex 5.09418 56.497 3
    endloop
  endfacet
  facet normal 0 0 1
    outer loop
      vertex 0 60 3
      vertex 5.09418 56.497 3
      vertex 5.18799 56.4882 3
    endloop
  endfacet
  facet normal 0 0 1
    outer loop
      vertex 0 60 3
      vertex 5.18799 56.4882 3
      vertex 5.28107 56.4734 3
    endloop
  endfacet
  facet normal 0 0 1
    outer loop
      vertex 0 60 3
      vertex 5.28107 56.4734 3
      vertex 5.37303 56.4529 3
    endloop
  endfacet
  facet normal 0 0 1
    outer loop
      vertex 0 60 3
      vertex 5.37303 56.4529 3
      vertex 5.46352 56.4266 3
    endloop
  endfacet
  facet normal 0 0 1
    outer loop
      vertex 0 60 3
      vertex 5.46352 56.4266 3
      vertex 5.55219 56.3947 3
    endloop
  endfacet
  facet normal 0 0 1
    outer loop
      vertex 0 60 3
      vertex 5.55219 56.3947 3
      vertex 5.63866 56.3572 3
    endloop
  endfacet
  facet normal 0 0 1
    outer loop
      vertex 0 60 3
      vertex 5.63866 56.3572 3
      vertex 24.3613 56.3572 3
    endloop
  endfacet
  facet normal 0 0 1
    outer loop
      vertex 23.9732 56.0934 3
      vertex 5.95613 56.1558 3
      vertex 6.02681 56.0934 3
    endloop
  endfacet
  facet normal 0 0 1
    outer loop
      vertex 6.15576 55.9561 3
      vertex 6.21352 55.8817 3
      vertex 23.7865 55.8817 3
    endloop
  endfacet
  facet normal 0 -0 1
    outer loop
      vertex 6.35724 55.6387 3
      vertex 23.6427 55.6387 3
      vertex 6.31445 55.7226 3
    endloop
  endfacet
  facet normal 0 0 1
    outer loop
      vertex 23.5471 55.373 3
      vertex 6.42657 55.4635 3
      vertex 6.45287 55.373 3
    endloop
  endfacet
  facet normal -0 0 1
    outer loop
      vertex 6.48816 55.188 3
      vertex 23.5029 55.0942 3
      vertex 23.5118 55.188 3
    endloop
  endfacet
  facet normal 0 0 1
    outer loop
      vertex 6.48816 54.812 3
      vertex 6.47342 54.7189 3
      vertex 13.6 47.5 3
    endloop
  endfacet
  facet normal 0 0 1
    outer loop
      vertex 16.4 47.5 3
      vertex 18.9 47.5 3
      vertex 23.5266 54.7189 3
    endloop
  endfacet
  facet normal -0 0 1
    outer loop
      vertex 6.35724 54.3613 3
      vertex 11.1 47.5 3
      vertex 6.39465 54.4478 3
    endloop
  endfacet
  facet normal 0 0 1
    outer loop
      vertex 23.5471 54.627 3
      vertex 18.9 47.5 3
      vertex 23.5734 54.5365 3
    endloop
  endfacet
  facet normal 0 0 1
    outer loop
      vertex 11.1 47.5 3
      vertex 6.35724 54.3613 3
      vertex 6.31445 54.2774 3
    endloop
  endfacet
  facet normal 0 0 1
    outer loop
      vertex 18.9 47.5 3
      vertex 23.6053 54.4478 3
      vertex 23.5734 54.5365 3
    endloop
  endfacet
  facet normal 0 0 1
    outer loop
      vertex 6.31445 54.2774 3
      vertex 6.26648 54.1963 3
      vertex 11.1 47.5 3
    endloop
  endfacet
  facet normal 0 0 1
    outer loop
      vertex 23.6427 54.3613 3
      vertex 23.6053 54.4478 3
      vertex 18.9 47.5 3
    endloop
  endfacet
  facet normal -0 0 1
    outer loop
      vertex 6.21352 54.1183 3
      vertex 11.1 47.5 3
      vertex 6.26648 54.1963 3
    endloop
  endfacet
  facet normal 0 0 1
    outer loop
      vertex 23.6427 54.3613 3
      vertex 18.9 47.5 3
      vertex 23.6855 54.2774 3
    endloop
  endfacet
  facet normal 0 0 1
    outer loop
      vertex 23.6855 54.2774 3
      vertex 18.9 47.5 3
      vertex 23.7335 54.1963 3
    endloop
  endfacet
  facet normal 0 0 1
    outer loop
      vertex 11.1 47.5 3
      vertex 6.15576 54.0439 3
      vertex 6.09344 53.9732 3
    endloop
  endfacet
  facet normal 0 0 1
    outer loop
      vertex 18.9 47.5 3
      vertex 23.7865 54.1183 3
      vertex 23.7335 54.1963 3
    endloop
  endfacet
  facet normal 0 0 1
    outer loop
      vertex 6.09344 53.9732 3
      vertex 6.02681 53.9065 3
      vertex 11.1 47.5 3
    endloop
  endfacet
  facet normal 0 0 1
    outer loop
      vertex 23.8442 54.0439 3
      vertex 23.7865 54.1183 3
      vertex 18.9 47.5 3
    endloop
  endfacet
  facet normal -0 0 1
    outer loop
      vertex 5.95613 53.8442 3
      vertex 11.1 47.5 3
      vertex 6.02681 53.9065 3
    endloop
  endfacet
  facet normal 0 0 1
    outer loop
      vertex 23.8442 54.0439 3
      vertex 18.9 47.5 3
      vertex 23.9065 53.9732 3
    endloop
  endfacet
  facet normal 0 0 1
    outer loop
      vertex 23.9065 53.9732 3
      vertex 18.9 47.5 3
      vertex 23.9732 53.9065 3
    endloop
  endfacet
  facet normal 0 0 1
    outer loop
      vertex 11.1 47.5 3
      vertex 5.88167 53.7865 3
      vertex 5.80373 53.7335 3
    endloop
  endfacet
  facet normal 0 0 1
    outer loop
      vertex 18.9 47.5 3
      vertex 24.0439 53.8442 3
      vertex 23.9732 53.9065 3
    endloop
  endfacet
  facet normal 0 0 1
    outer loop
      vertex 5.80373 53.7335 3
      vertex 5.72263 53.6855 3
      vertex 11.1 47.5 3
    endloop
  endfacet
  facet normal 0 0 1
    outer loop
      vertex 24.1183 53.7865 3
      vertex 24.0439 53.8442 3
      vertex 18.9 47.5 3
    endloop
  endfacet
  facet normal -0 0 1
    outer loop
      vertex 5.63866 53.6427 3
      vertex 11.1 47.5 3
      vertex 5.72263 53.6855 3
    endloop
  endfacet
  facet normal 0 0 1
    outer loop
      vertex 5.55219 53.6053 3
      vertex 5.46352 53.5734 3
      vertex 11.1 47.5 3
    endloop
  endfacet
  facet normal 0 0 1
    outer loop
      vertex 24.1963 53.7335 3
      vertex 18.9 47.5 3
      vertex 24.2774 53.6855 3
    endloop
  endfacet
  facet normal -0 0 1
    outer loop
      vertex 5.37303 53.5471 3
      vertex 11.1 47.5 3
      vertex 5.46352 53.5734 3
    endloop
  endfacet
  facet normal 0 0 1
    outer loop
      vertex 18.9 47.5 3
      vertex 24.3613 53.6427 3
      vertex 24.2774 53.6855 3
    endloop
  endfacet
  facet normal 0 0 1
    outer loop
      vertex 11.1 47.5 3
      vertex 5.37303 53.5471 3
      vertex 5.28107 53.5266 3
    endloop
  endfacet
  facet normal 0 0 1
    outer loop
      vertex 24.5365 53.5734 3
      vertex 18.9 47.5 3
      vertex 24.627 53.5471 3
    endloop
  endfacet
  facet normal 0 0 1
    outer loop
      vertex 18.9 47.5 3
      vertex 24.7189 53.5266 3
      vertex 24.627 53.5471 3
    endloop
  endfacet
  facet normal 0 0 1
    outer loop
      vertex 24.812 53.5118 3
      vertex 24.7189 53.5266 3
      vertex 18.9 47.5 3
    endloop
  endfacet
  facet normal 0 0 1
    outer loop
      vertex 24.812 53.5118 3
      vertex 18.9 47.5 3
      vertex 24.9058 53.5029 3
    endloop
  endfacet
  facet normal 0 0 1
    outer loop
      vertex 24.3613 53.6427 3
      vertex 18.9 47.5 3
      vertex 24.4478 53.6053 3
    endloop
  endfacet
  facet normal -0 0 1
    outer loop
      vertex 5.18799 53.5118 3
      vertex 11.1 47.5 3
      vertex 5.28107 53.5266 3
    endloop
  endfacet
  facet normal -0 0 1
    outer loop
      vertex 5.09418 53.5029 3
      vertex 11.1 47.5 3
      vertex 5.18799 53.5118 3
    endloop
  endfacet
  facet normal -0 0 1
    outer loop
      vertex 5 53.5 3
      vertex 11.1 47.5 3
      vertex 5.09418 53.5029 3
    endloop
  endfacet
  facet normal 0 0 1
    outer loop
      vertex 4.90581 53.5029 3
      vertex 11.1 47.5 3
      vertex 5 53.5 3
    endloop
  endfacet
  facet normal 0 0 1
    outer loop
      vertex 23.5471 54.627 3
      vertex 23.5266 54.7189 3
      vertex 18.9 47.5 3
    endloop
  endfacet
  facet normal 0 0 1
    outer loop
      vertex 24.1963 53.7335 3
      vertex 24.1183 53.7865 3
      vertex 18.9 47.5 3
    endloop
  endfacet
  facet normal 0 -0 1
    outer loop
      vertex 24.2774 56.3145 3
      vertex 24.3613 56.3572 3
      vertex 5.63866 56.3572 3
    endloop
  endfacet
  facet normal 0 0 1
    outer loop
      vertex 11.1 47.5 3
      vertex 6.21352 54.1183 3
      vertex 6.15576 54.0439 3
    endloop
  endfacet
  facet normal -0 0 1
    outer loop
      vertex 6.39465 54.4478 3
      vertex 11.1 47.5 3
      vertex 6.42657 54.5365 3
    endloop
  endfacet
  facet normal -0 0 1
    outer loop
      vertex 6.42657 54.5365 3
      vertex 11.1 47.5 3
      vertex 6.45287 54.627 3
    endloop
  endfacet
  facet normal 0 0 1
    outer loop
      vertex 16.4 47.5 3
      vertex 23.5266 54.7189 3
      vertex 23.5118 54.812 3
    endloop
  endfacet
  facet normal 0 0 1
    outer loop
      vertex 11.1 47.5 3
      vertex 6.47342 54.7189 3
      vertex 6.45287 54.627 3
    endloop
  endfacet
  facet normal 0 0 1
    outer loop
      vertex 23.5118 54.812 3
      vertex 23.5029 54.9058 3
      vertex 16.4 47.5 3
    endloop
  endfacet
  facet normal 0 0 1
    outer loop
      vertex 13.6 47.5 3
      vertex 6.47342 54.7189 3
      vertex 11.1 47.5 3
    endloop
  endfacet
  facet normal 0 0 1
    outer loop
      vertex 23.5 55 3
      vertex 16.4 47.5 3
      vertex 23.5029 54.9058 3
    endloop
  endfacet
  facet normal -0 0 1
    outer loop
      vertex 6.49704 54.9058 3
      vertex 13.6 47.5 3
      vertex 6.5 55 3
    endloop
  endfacet
  facet normal 0 0 1
    outer loop
      vertex 16.4 47.5 3
      vertex 23.5 55 3
      vertex 23.5029 55.0942 3
    endloop
  endfacet
  facet normal 0 -0 1
    outer loop
      vertex 13.6 47.5 3
      vertex 23.5029 55.0942 3
      vertex 6.49704 55.0942 3
    endloop
  endfacet
  facet normal 0 0 1
    outer loop
      vertex 13.6 47.5 3
      vertex 6.49704 55.0942 3
      vertex 6.5 55 3
    endloop
  endfacet
  facet normal 0 0 1
    outer loop
      vertex 6.48816 55.188 3
      vertex 6.49704 55.0942 3
      vertex 23.5029 55.0942 3
    endloop
  endfacet
  facet normal 0 0 1
    outer loop
      vertex 6.47342 55.2811 3
      vertex 6.48816 55.188 3
      vertex 23.5118 55.188 3
    endloop
  endfacet
  facet normal -0 0 1
    outer loop
      vertex 6.47342 55.2811 3
      vertex 23.5118 55.188 3
      vertex 23.5266 55.2811 3
    endloop
  endfacet
  facet normal 0 -0 1
    outer loop
      vertex 6.47342 55.2811 3
      vertex 23.5266 55.2811 3
      vertex 6.45287 55.373 3
    endloop
  endfacet
  facet normal 0 -0 1
    outer loop
      vertex 23.5266 55.2811 3
      vertex 23.5471 55.373 3
      vertex 6.45287 55.373 3
    endloop
  endfacet
  facet normal 0 -0 1
    outer loop
      vertex 23.5471 55.373 3
      vertex 23.5734 55.4635 3
      vertex 6.42657 55.4635 3
    endloop
  endfacet
  facet normal 0 0 1
    outer loop
      vertex 23.5734 55.4635 3
      vertex 6.39465 55.5522 3
      vertex 6.42657 55.4635 3
    endloop
  endfacet
  facet normal 0 0 1
    outer loop
      vertex 23.6053 55.5522 3
      vertex 6.39465 55.5522 3
      vertex 23.5734 55.4635 3
    endloop
  endfacet
  facet normal 0 0 1
    outer loop
      vertex 6.35724 55.6387 3
      vertex 6.39465 55.5522 3
      vertex 23.6053 55.5522 3
    endloop
  endfacet
  facet normal -0 0 1
    outer loop
      vertex 6.35724 55.6387 3
      vertex 23.6053 55.5522 3
      vertex 23.6427 55.6387 3
    endloop
  endfacet
  facet normal -0 0 1
    outer loop
      vertex 6.31445 55.7226 3
      vertex 23.6427 55.6387 3
      vertex 23.6855 55.7226 3
    endloop
  endfacet
  facet normal 0 -0 1
    outer loop
      vertex 6.31445 55.7226 3
      vertex 23.6855 55.7226 3
      vertex 6.26648 55.8037 3
    endloop
  endfacet
  facet normal 0 -0 1
    outer loop
      vertex 23.6855 55.7226 3
      vertex 23.7335 55.8037 3
      vertex 6.26648 55.8037 3
    endloop
  endfacet
  facet normal 0 0 1
    outer loop
      vertex 23.7335 55.8037 3
      vertex 6.21352 55.8817 3
      vertex 6.26648 55.8037 3
    endloop
  endfacet
  facet normal 0 0 1
    outer loop
      vertex 23.7865 55.8817 3
      vertex 6.21352 55.8817 3
      vertex 23.7335 55.8037 3
    endloop
  endfacet
  facet normal 0 0 1
    outer loop
      vertex 23.8442 55.9561 3
      vertex 6.15576 55.9561 3
      vertex 23.7865 55.8817 3
    endloop
  endfacet
  facet normal 0 0 1
    outer loop
      vertex 6.09344 56.0268 3
      vertex 6.15576 55.9561 3
      vertex 23.8442 55.9561 3
    endloop
  endfacet
  facet normal -0 0 1
    outer loop
      vertex 6.09344 56.0268 3
      vertex 23.8442 55.9561 3
      vertex 23.9065 56.0268 3
    endloop
  endfacet
  facet normal 0 -0 1
    outer loop
      vertex 6.09344 56.0268 3
      vertex 23.9065 56.0268 3
      vertex 6.02681 56.0934 3
    endloop
  endfacet
  facet normal 0 -0 1
    outer loop
      vertex 23.9065 56.0268 3
      vertex 23.9732 56.0934 3
      vertex 6.02681 56.0934 3
    endloop
  endfacet
  facet normal 0 -0 1
    outer loop
      vertex 23.9732 56.0934 3
      vertex 24.0439 56.1558 3
      vertex 5.95613 56.1558 3
    endloop
  endfacet
  facet normal 0 0 1
    outer loop
      vertex 24.0439 56.1558 3
      vertex 5.88167 56.2135 3
      vertex 5.95613 56.1558 3
    endloop
  endfacet
  facet normal 0 0 1
    outer loop
      vertex 24.1183 56.2135 3
      vertex 5.88167 56.2135 3
      vertex 24.0439 56.1558 3
    endloop
  endfacet
  facet normal 0 0 1
    outer loop
      vertex 5.80373 56.2665 3
      vertex 5.88167 56.2135 3
      vertex 24.1183 56.2135 3
    endloop
  endfacet
  facet normal -0 0 1
    outer loop
      vertex 5.80373 56.2665 3
      vertex 24.1183 56.2135 3
      vertex 24.1963 56.2665 3
    endloop
  endfacet
  facet normal 0 -0 1
    outer loop
      vertex 5.80373 56.2665 3
      vertex 24.1963 56.2665 3
      vertex 5.72263 56.3145 3
    endloop
  endfacet
  facet normal 0 -0 1
    outer loop
      vertex 24.1963 56.2665 3
      vertex 24.2774 56.3145 3
      vertex 5.72263 56.3145 3
    endloop
  endfacet
  facet normal 0 0 1
    outer loop
      vertex 24.2774 56.3145 3
      vertex 5.63866 56.3572 3
      vertex 5.72263 56.3145 3
    endloop
  endfacet
  facet normal 0 -0 1
    outer loop
      vertex 24.3613 56.3572 3
      vertex 30 60 3
      vertex 0 60 3
    endloop
  endfacet
  facet normal 0 -0 1
    outer loop
      vertex 24.4478 56.3947 3
      vertex 30 60 3
      vertex 24.3613 56.3572 3
    endloop
  endfacet
  facet normal 0 -0 1
    outer loop
      vertex 24.5365 56.4266 3
      vertex 30 60 3
      vertex 24.4478 56.3947 3
    endloop
  endfacet
  facet normal 0 -0 1
    outer loop
      vertex 24.627 56.4529 3
      vertex 30 60 3
      vertex 24.5365 56.4266 3
    endloop
  endfacet
  facet normal 0 -0 1
    outer loop
      vertex 24.7189 56.4734 3
      vertex 30 60 3
      vertex 24.627 56.4529 3
    endloop
  endfacet
  facet normal 0 -0 1
    outer loop
      vertex 24.812 56.4882 3
      vertex 30 60 3
      vertex 24.7189 56.4734 3
    endloop
  endfacet
  facet normal 0 -0 1
    outer loop
      vertex 24.9058 56.497 3
      vertex 30 60 3
      vertex 24.812 56.4882 3
    endloop
  endfacet
  facet normal 0 -0 1
    outer loop
      vertex 25 56.5 3
      vertex 30 60 3
      vertex 24.9058 56.497 3
    endloop
  endfacet
  facet normal 0 -0 1
    outer loop
      vertex 25.0942 56.497 3
      vertex 30 60 3
      vertex 25 56.5 3
    endloop
  endfacet
  facet normal 0 -0 1
    outer loop
      vertex 25.188 56.4882 3
      vertex 30 60 3
      vertex 25.0942 56.497 3
    endloop
  endfacet
  facet normal 0 -0 1
    outer loop
      vertex 25.2811 56.4734 3
      vertex 30 60 3
      vertex 25.188 56.4882 3
    endloop
  endfacet
  facet normal 0 -0 1
    outer loop
      vertex 25.373 56.4529 3
      vertex 30 60 3
      vertex 25.2811 56.4734 3
    endloop
  endfacet
  facet normal 0 -0 1
    outer loop
      vertex 25.4635 56.4266 3
      vertex 30 60 3
      vertex 25.373 56.4529 3
    endloop
  endfacet
  facet normal 0 -0 1
    outer loop
      vertex 25.5522 56.3947 3
      vertex 30 60 3
      vertex 25.4635 56.4266 3
    endloop
  endfacet
  facet normal 0 -0 1
    outer loop
      vertex 25.6387 56.3572 3
      vertex 30 60 3
      vertex 25.5522 56.3947 3
    endloop
  endfacet
  facet normal 0 -0 1
    outer loop
      vertex 25.7226 56.3145 3
      vertex 30 60 3
      vertex 25.6387 56.3572 3
    endloop
  endfacet
  facet normal 0 -0 1
    outer loop
      vertex 25.8037 56.2665 3
      vertex 30 60 3
      vertex 25.7226 56.3145 3
    endloop
  endfacet
  facet normal 0 -0 1
    outer loop
      vertex 25.8817 56.2135 3
      vertex 30 60 3
      vertex 25.8037 56.2665 3
    endloop
  endfacet
  facet normal 0 -0 1
    outer loop
      vertex 25.9561 56.1558 3
      vertex 30 60 3
      vertex 25.8817 56.2135 3
    endloop
  endfacet
  facet normal 0 -0 1
    outer loop
      vertex 26.0268 56.0934 3
      vertex 30 60 3
      vertex 25.9561 56.1558 3
    endloop
  endfacet
  facet normal 0 -0 1
    outer loop
      vertex 26.0934 56.0268 3
      vertex 30 60 3
      vertex 26.0268 56.0934 3
    endloop
  endfacet
  facet normal 0 -0 1
    outer loop
      vertex 26.1558 55.9561 3
      vertex 30 60 3
      vertex 26.0934 56.0268 3
    endloop
  endfacet
  facet normal 0 -0 1
    outer loop
      vertex 26.2135 55.8817 3
      vertex 30 60 3
      vertex 26.1558 55.9561 3
    endloop
  endfacet
  facet normal 0 -0 1
    outer loop
      vertex 26.2665 55.8037 3
      vertex 30 60 3
      vertex 26.2135 55.8817 3
    endloop
  endfacet
  facet normal 0 -0 1
    outer loop
      vertex 26.3145 55.7226 3
      vertex 30 60 3
      vertex 26.2665 55.8037 3
    endloop
  endfacet
  facet normal 0 -0 1
    outer loop
      vertex 26.3572 55.6387 3
      vertex 30 60 3
      vertex 26.3145 55.7226 3
    endloop
  endfacet
  facet normal 0 -0 1
    outer loop
      vertex 26.3947 55.5522 3
      vertex 30 60 3
      vertex 26.3572 55.6387 3
    endloop
  endfacet
  facet normal -0 0 1
    outer loop
      vertex 26.5 55 3
      vertex 26.497 54.9058 3
      vertex 30 60 3
    endloop
  endfacet
  facet normal 0 0 1
    outer loop
      vertex 30 60 3
      vertex 26.3947 55.5522 3
      vertex 26.4266 55.4635 3
    endloop
  endfacet
  facet normal 0 0 1
    outer loop
      vertex 30 60 3
      vertex 26.4266 55.4635 3
      vertex 26.4529 55.373 3
    endloop
  endfacet
  facet normal 0 0 1
    outer loop
      vertex 30 60 3
      vertex 26.4529 55.373 3
      vertex 26.4734 55.2811 3
    endloop
  endfacet
  facet normal 0 0 1
    outer loop
      vertex 30 60 3
      vertex 26.4734 55.2811 3
      vertex 26.4882 55.188 3
    endloop
  endfacet
  facet normal 0 0 1
    outer loop
      vertex 30 60 3
      vertex 26.497 55.0942 3
      vertex 26.5 55 3
    endloop
  endfacet
  facet normal 0 0 1
    outer loop
      vertex 30 60 3
      vertex 26.4882 55.188 3
      vertex 26.497 55.0942 3
    endloop
  endfacet
  facet normal -0 0 1
    outer loop
      vertex 26.497 54.9058 3
      vertex 26.4882 54.812 3
      vertex 30 60 3
    endloop
  endfacet
  facet normal -0 0 1
    outer loop
      vertex 26.4882 54.812 3
      vertex 26.4734 54.7189 3
      vertex 30 60 3
    endloop
  endfacet
  facet normal -0 0 1
    outer loop
      vertex 26.4734 54.7189 3
      vertex 26.4529 54.627 3
      vertex 30 60 3
    endloop
  endfacet
  facet normal -0 0 1
    outer loop
      vertex 26.4529 54.627 3
      vertex 26.4266 54.5365 3
      vertex 30 60 3
    endloop
  endfacet
  facet normal -0 0 1
    outer loop
      vertex 26.4266 54.5365 3
      vertex 26.3947 54.4478 3
      vertex 30 60 3
    endloop
  endfacet
  facet normal -0 0 1
    outer loop
      vertex 26.3947 54.4478 3
      vertex 26.3572 54.3613 3
      vertex 30 60 3
    endloop
  endfacet
  facet normal -0 0 1
    outer loop
      vertex 26.3572 54.3613 3
      vertex 26.3145 54.2774 3
      vertex 30 60 3
    endloop
  endfacet
  facet normal -0 0 1
    outer loop
      vertex 26.3145 54.2774 3
      vertex 30 0 3
      vertex 30 60 3
    endloop
  endfacet
  facet normal 0 0 1
    outer loop
      vertex 26.0934 53.9732 3
      vertex 26.0268 53.9065 3
      vertex 26.0934 6.02681 3
    endloop
  endfacet
  facet normal 0 0 1
    outer loop
      vertex 25.8037 53.7335 3
      vertex 18.9 12.5 3
      vertex 25.8037 6.26648 3
    endloop
  endfacet
  facet normal 0 0 1
    outer loop
      vertex 18.9 12.5 3
      vertex 25.188 6.48816 3
      vertex 25.2811 6.47342 3
    endloop
  endfacet
  facet normal 0 0 1
    outer loop
      vertex 24.627 6.45287 3
      vertex 18.9 12.5 3
      vertex 24.5365 6.42657 3
    endloop
  endfacet
  facet normal 0 -0 1
    outer loop
      vertex 23.9732 6.09344 3
      vertex 24.0439 6.15576 3
      vertex 18.9 12.5 3
    endloop
  endfacet
  facet normal 0 0 1
    outer loop
      vertex 23.8442 5.95613 3
      vertex 18.9 12.5 3
      vertex 23.7865 5.88167 3
    endloop
  endfacet
  facet normal 0 0 1
    outer loop
      vertex 24.3613 6.35724 3
      vertex 18.9 12.5 3
      vertex 24.2774 6.31445 3
    endloop
  endfacet
  facet normal 0 0 1
    outer loop
      vertex 25.0942 6.49704 3
      vertex 18.9 12.5 3
      vertex 25 6.5 3
    endloop
  endfacet
  facet normal -0 0 1
    outer loop
      vertex 25.7226 53.6855 3
      vertex 18.9 47.5 3
      vertex 25.8037 53.7335 3
    endloop
  endfacet
  facet normal -0 0 1
    outer loop
      vertex 25.6387 53.6427 3
      vertex 18.9 47.5 3
      vertex 25.7226 53.6855 3
    endloop
  endfacet
  facet normal -0 0 1
    outer loop
      vertex 25.5522 53.6053 3
      vertex 18.9 47.5 3
      vertex 25.6387 53.6427 3
    endloop
  endfacet
  facet normal 0 0 1
    outer loop
      vertex 25.4635 53.5734 3
      vertex 25.373 53.5471 3
      vertex 18.9 47.5 3
    endloop
  endfacet
  facet normal 0 0 1
    outer loop
      vertex 25.373 53.5471 3
      vertex 25.2811 53.5266 3
      vertex 18.9 47.5 3
    endloop
  endfacet
  facet normal 0 0 1
    outer loop
      vertex 25.2811 53.5266 3
      vertex 25.188 53.5118 3
      vertex 18.9 47.5 3
    endloop
  endfacet
  facet normal 0 0 1
    outer loop
      vertex 25.188 53.5118 3
      vertex 25.0942 53.5029 3
      vertex 18.9 47.5 3
    endloop
  endfacet
  facet normal 0 0 1
    outer loop
      vertex 25.0942 53.5029 3
      vertex 25 53.5 3
      vertex 18.9 47.5 3
    endloop
  endfacet
  facet normal 0 0 1
    outer loop
      vertex 25 53.5 3
      vertex 24.9058 53.5029 3
      vertex 18.9 47.5 3
    endloop
  endfacet
  facet normal 0 0 1
    outer loop
      vertex 4.11832 53.7865 3
      vertex 4.04385 53.8442 3
      vertex 4.11832 6.21352 3
    endloop
  endfacet
  facet normal 0 -0 1
    outer loop
      vertex 23.6427 5.63866 3
      vertex 23.6855 5.72263 3
      vertex 18.9 12.5 3
    endloop
  endfacet
  facet normal 0 0 1
    outer loop
      vertex 4.4478 53.6053 3
      vertex 4.36133 53.6427 3
      vertex 11.1 47.5 3
    endloop
  endfacet
  facet normal -0 0 1
    outer loop
      vertex 26.2665 54.1963 3
      vertex 26.3145 5.72263 3
      vertex 26.3145 54.2774 3
    endloop
  endfacet
  facet normal -0 0 1
    outer loop
      vertex 5.55219 53.6053 3
      vertex 11.1 47.5 3
      vertex 5.63866 53.6427 3
    endloop
  endfacet
  facet normal -0 0 1
    outer loop
      vertex 25.4635 53.5734 3
      vertex 18.9 47.5 3
      vertex 25.5522 53.6053 3
    endloop
  endfacet
  facet normal 0 0 1
    outer loop
      vertex 4.27736 53.6855 3
      vertex 4.19626 53.7335 3
      vertex 11.1 47.5 3
    endloop
  endfacet
  facet normal 0 0 1
    outer loop
      vertex 25.0942 3.50294 3
      vertex 25 3.5 3
      vertex 30 0 3
    endloop
  endfacet
  facet normal 0 -0 1
    outer loop
      vertex 3.84422 5.95613 3
      vertex 3.84422 54.0439 3
      vertex 3.78647 54.1183 3
    endloop
  endfacet
  facet normal 0 0 1
    outer loop
      vertex 23.7865 4.11832 3
      vertex 23.7335 4.19626 3
      vertex 6.21352 4.11832 3
    endloop
  endfacet
  facet normal 0 0 1
    outer loop
      vertex 4.71892 53.5266 3
      vertex 4.62695 53.5471 3
      vertex 11.1 47.5 3
    endloop
  endfacet
  facet normal 0 0 1
    outer loop
      vertex 23.5029 55.0942 3
      vertex 13.6 47.5 3
      vertex 16.4 47.5 3
    endloop
  endfacet
  facet normal 0 0 1
    outer loop
      vertex 6.49704 54.9058 3
      vertex 6.48816 54.812 3
      vertex 13.6 47.5 3
    endloop
  endfacet
  facet normal 0 0 1
    outer loop
      vertex 24.9058 3.50294 3
      vertex 30 0 3
      vertex 25 3.5 3
    endloop
  endfacet
  facet normal 0 0 1
    outer loop
      vertex 24.812 3.51183 3
      vertex 30 0 3
      vertex 24.9058 3.50294 3
    endloop
  endfacet
  facet normal 0 0 1
    outer loop
      vertex 24.7189 3.52657 3
      vertex 30 0 3
      vertex 24.812 3.51183 3
    endloop
  endfacet
  facet normal 0 0 1
    outer loop
      vertex 24.627 3.54712 3
      vertex 30 0 3
      vertex 24.7189 3.52657 3
    endloop
  endfacet
  facet normal 0 0 1
    outer loop
      vertex 24.5365 3.57341 3
      vertex 30 0 3
      vertex 24.627 3.54712 3
    endloop
  endfacet
  facet normal 0 0 1
    outer loop
      vertex 24.4478 3.60533 3
      vertex 30 0 3
      vertex 24.5365 3.57341 3
    endloop
  endfacet
  facet normal 0 0 1
    outer loop
      vertex 24.3613 3.64275 3
      vertex 30 0 3
      vertex 24.4478 3.60533 3
    endloop
  endfacet
  facet normal 0 0 1
    outer loop
      vertex 0 0 3
      vertex 30 0 3
      vertex 24.3613 3.64275 3
    endloop
  endfacet
  facet normal -0 0 1
    outer loop
      vertex 5.95613 3.84422 3
      vertex 5.88167 3.78647 3
      vertex 24.0439 3.84422 3
    endloop
  endfacet
  facet normal 0 0 1
    outer loop
      vertex 23.9065 3.97318 3
      vertex 6.02681 3.90654 3
      vertex 23.9732 3.90654 3
    endloop
  endfacet
  facet normal 0 0 1
    outer loop
      vertex 23.8442 4.04385 3
      vertex 6.15576 4.04385 3
      vertex 6.09344 3.97318 3
    endloop
  endfacet
  facet normal -0 0 1
    outer loop
      vertex 6.35724 4.36133 3
      vertex 6.31445 4.27736 3
      vertex 23.6427 4.36133 3
    endloop
  endfacet
  facet normal -0 0 1
    outer loop
      vertex 6.31445 4.27736 3
      vertex 6.26648 4.19626 3
      vertex 23.6855 4.27736 3
    endloop
  endfacet
  facet normal 0 0 1
    outer loop
      vertex 23.6053 4.4478 3
      vertex 23.5734 4.53647 3
      vertex 6.39465 4.4478 3
    endloop
  endfacet
  facet normal 0 0 1
    outer loop
      vertex 6.42657 4.53647 3
      vertex 23.5471 4.62695 3
      vertex 6.45287 4.62695 3
    endloop
  endfacet
  facet normal -0 0 1
    outer loop
      vertex 6.49704 4.90581 3
      vertex 6.48816 4.812 3
      vertex 23.5029 4.90581 3
    endloop
  endfacet
  facet normal 0 0 1
    outer loop
      vertex 6.47342 4.71892 3
      vertex 23.5266 4.71892 3
      vertex 23.5118 4.812 3
    endloop
  endfacet
  facet normal 0 -0 1
    outer loop
      vertex 6.49704 5.09418 3
      vertex 13.6 12.5 3
      vertex 6.48816 5.18799 3
    endloop
  endfacet
  facet normal 0 -0 1
    outer loop
      vertex 6.47342 5.28107 3
      vertex 11.1 12.5 3
      vertex 6.45287 5.37303 3
    endloop
  endfacet
  facet normal 0 0 1
    outer loop
      vertex 11.1 12.5 3
      vertex 6.35724 5.63866 3
      vertex 6.39465 5.55219 3
    endloop
  endfacet
  facet normal -0 0 1
    outer loop
      vertex 5 6.5 3
      vertex 5.09418 6.49704 3
      vertex 11.1 12.5 3
    endloop
  endfacet
  facet normal 0 -0 1
    outer loop
      vertex 6.02681 6.09344 3
      vertex 11.1 12.5 3
      vertex 5.95613 6.15576 3
    endloop
  endfacet
  facet normal -0 0 1
    outer loop
      vertex 5.72263 6.31445 3
      vertex 5.80373 6.26648 3
      vertex 11.1 12.5 3
    endloop
  endfacet
  facet normal -0 0 1
    outer loop
      vertex 5.80373 6.26648 3
      vertex 5.88167 6.21352 3
      vertex 11.1 12.5 3
    endloop
  endfacet
  facet normal 0 -0 1
    outer loop
      vertex 6.5 5 3
      vertex 13.6 12.5 3
      vertex 6.49704 5.09418 3
    endloop
  endfacet
  facet normal 0 0 1
    outer loop
      vertex 16.4 12.5 3
      vertex 13.6 12.5 3
      vertex 23.5029 4.90581 3
    endloop
  endfacet
  facet normal 0 0 1
    outer loop
      vertex 16.4 12.5 3
      vertex 23.5029 4.90581 3
      vertex 23.5 5 3
    endloop
  endfacet
  facet normal 0 0 1
    outer loop
      vertex 16.4 12.5 3
      vertex 23.5 5 3
      vertex 23.5029 5.09418 3
    endloop
  endfacet
  facet normal 0 0 1
    outer loop
      vertex 16.4 12.5 3
      vertex 23.5029 5.09418 3
      vertex 23.5118 5.18799 3
    endloop
  endfacet
  facet normal 0 0 1
    outer loop
      vertex 16.4 12.5 3
      vertex 23.5118 5.18799 3
      vertex 23.5266 5.28107 3
    endloop
  endfacet
  facet normal -0 0 1
    outer loop
      vertex 16.4 12.5 3
      vertex 23.5266 5.28107 3
      vertex 18.9 12.5 3
    endloop
  endfacet
  facet normal 0 -0 1
    outer loop
      vertex 23.5266 5.28107 3
      vertex 23.5471 5.37303 3
      vertex 18.9 12.5 3
    endloop
  endfacet
  facet normal 0 -0 1
    outer loop
      vertex 23.5471 5.37303 3
      vertex 23.5734 5.46352 3
      vertex 18.9 12.5 3
    endloop
  endfacet
  facet normal 0 -0 1
    outer loop
      vertex 23.5734 5.46352 3
      vertex 23.6053 5.55219 3
      vertex 18.9 12.5 3
    endloop
  endfacet
  facet normal 0 -0 1
    outer loop
      vertex 23.6053 5.55219 3
      vertex 23.6427 5.63866 3
      vertex 18.9 12.5 3
    endloop
  endfacet
  facet normal 0 0 1
    outer loop
      vertex 18.9 12.5 3
      vertex 23.6855 5.72263 3
      vertex 23.7335 5.80373 3
    endloop
  endfacet
  facet normal 0 0 1
    outer loop
      vertex 18.9 12.5 3
      vertex 23.7335 5.80373 3
      vertex 23.7865 5.88167 3
    endloop
  endfacet
  facet normal 0 0 1
    outer loop
      vertex 23.9065 6.02681 3
      vertex 18.9 12.5 3
      vertex 23.8442 5.95613 3
    endloop
  endfacet
  facet normal 0 0 1
    outer loop
      vertex 23.9732 6.09344 3
      vertex 18.9 12.5 3
      vertex 23.9065 6.02681 3
    endloop
  endfacet
  facet normal 0 -0 1
    outer loop
      vertex 24.0439 6.15576 3
      vertex 24.1183 6.21352 3
      vertex 18.9 12.5 3
    endloop
  endfacet
  facet normal 0 -0 1
    outer loop
      vertex 24.1183 6.21352 3
      vertex 24.1963 6.26648 3
      vertex 18.9 12.5 3
    endloop
  endfacet
  facet normal 0 -0 1
    outer loop
      vertex 24.1963 6.26648 3
      vertex 24.2774 6.31445 3
      vertex 18.9 12.5 3
    endloop
  endfacet
  facet normal 0 0 1
    outer loop
      vertex 18.9 12.5 3
      vertex 24.3613 6.35724 3
      vertex 24.4478 6.39465 3
    endloop
  endfacet
  facet normal 0 0 1
    outer loop
      vertex 18.9 12.5 3
      vertex 24.4478 6.39465 3
      vertex 24.5365 6.42657 3
    endloop
  endfacet
  facet normal 0 0 1
    outer loop
      vertex 24.7189 6.47342 3
      vertex 18.9 12.5 3
      vertex 24.627 6.45287 3
    endloop
  endfacet
  facet normal 0 0 1
    outer loop
      vertex 24.812 6.48816 3
      vertex 18.9 12.5 3
      vertex 24.7189 6.47342 3
    endloop
  endfacet
  facet normal 0 0 1
    outer loop
      vertex 24.9058 6.49704 3
      vertex 18.9 12.5 3
      vertex 24.812 6.48816 3
    endloop
  endfacet
  facet normal 0 0 1
    outer loop
      vertex 25 6.5 3
      vertex 18.9 12.5 3
      vertex 24.9058 6.49704 3
    endloop
  endfacet
  facet normal -0 -0 1
    outer loop
      vertex 25.0942 6.49704 3
      vertex 25.188 6.48816 3
      vertex 18.9 12.5 3
    endloop
  endfacet
  facet normal 0 0 1
    outer loop
      vertex 18.9 12.5 3
      vertex 25.2811 6.47342 3
      vertex 25.373 6.45287 3
    endloop
  endfacet
  facet normal 0 0 1
    outer loop
      vertex 18.9 12.5 3
      vertex 25.373 6.45287 3
      vertex 25.4635 6.42657 3
    endloop
  endfacet
  facet normal 0 0 1
    outer loop
      vertex 18.9 12.5 3
      vertex 25.4635 6.42657 3
      vertex 25.5522 6.39465 3
    endloop
  endfacet
  facet normal 0 0 1
    outer loop
      vertex 18.9 12.5 3
      vertex 25.5522 6.39465 3
      vertex 25.6387 6.35724 3
    endloop
  endfacet
  facet normal 0 0 1
    outer loop
      vertex 18.9 12.5 3
      vertex 25.6387 6.35724 3
      vertex 25.7226 6.31445 3
    endloop
  endfacet
  facet normal 0 0 1
    outer loop
      vertex 18.9 12.5 3
      vertex 25.7226 6.31445 3
      vertex 25.8037 6.26648 3
    endloop
  endfacet
  facet normal 0 0 1
    outer loop
      vertex 25.8037 53.7335 3
      vertex 25.8037 6.26648 3
      vertex 25.8817 6.21352 3
    endloop
  endfacet
  facet normal -0 0 1
    outer loop
      vertex 25.8037 53.7335 3
      vertex 25.8817 6.21352 3
      vertex 25.8817 53.7865 3
    endloop
  endfacet
  facet normal -0 0 1
    outer loop
      vertex 25.8817 6.21352 3
      vertex 25.9561 6.15576 3
      vertex 25.8817 53.7865 3
    endloop
  endfacet
  facet normal 0 -0 1
    outer loop
      vertex 25.9561 6.15576 3
      vertex 25.9561 53.8442 3
      vertex 25.8817 53.7865 3
    endloop
  endfacet
  facet normal 0 0 1
    outer loop
      vertex 26.0268 6.09344 3
      vertex 25.9561 53.8442 3
      vertex 25.9561 6.15576 3
    endloop
  endfacet
  facet normal 0 0 1
    outer loop
      vertex 26.0268 53.9065 3
      vertex 25.9561 53.8442 3
      vertex 26.0268 6.09344 3
    endloop
  endfacet
  facet normal 0 0 1
    outer loop
      vertex 26.0268 53.9065 3
      vertex 26.0268 6.09344 3
      vertex 26.0934 6.02681 3
    endloop
  endfacet
  facet normal 0 0 1
    outer loop
      vertex 26.0934 53.9732 3
      vertex 26.0934 6.02681 3
      vertex 26.1558 5.95613 3
    endloop
  endfacet
  facet normal -0 0 1
    outer loop
      vertex 26.0934 53.9732 3
      vertex 26.1558 5.95613 3
      vertex 26.1558 54.0439 3
    endloop
  endfacet
  facet normal -0 0 1
    outer loop
      vertex 26.1558 5.95613 3
      vertex 26.2135 5.88167 3
      vertex 26.1558 54.0439 3
    endloop
  endfacet
  facet normal 0 -0 1
    outer loop
      vertex 26.2135 5.88167 3
      vertex 26.2135 54.1183 3
      vertex 26.1558 54.0439 3
    endloop
  endfacet
  facet normal 0 0 1
    outer loop
      vertex 26.2665 5.80373 3
      vertex 26.2135 54.1183 3
      vertex 26.2135 5.88167 3
    endloop
  endfacet
  facet normal 0 0 1
    outer loop
      vertex 26.2665 54.1963 3
      vertex 26.2135 54.1183 3
      vertex 26.2665 5.80373 3
    endloop
  endfacet
  facet normal 0 0 1
    outer loop
      vertex 26.2665 54.1963 3
      vertex 26.2665 5.80373 3
      vertex 26.3145 5.72263 3
    endloop
  endfacet
  facet normal 0 0 1
    outer loop
      vertex 26.3145 54.2774 3
      vertex 26.3145 5.72263 3
      vertex 30 0 3
    endloop
  endfacet
  facet normal 0 0 1
    outer loop
      vertex 26.3145 5.72263 3
      vertex 26.3572 5.63866 3
      vertex 30 0 3
    endloop
  endfacet
  facet normal 0 0 1
    outer loop
      vertex 26.3572 5.63866 3
      vertex 26.3947 5.55219 3
      vertex 30 0 3
    endloop
  endfacet
  facet normal 0 0 1
    outer loop
      vertex 26.3947 5.55219 3
      vertex 26.4266 5.46352 3
      vertex 30 0 3
    endloop
  endfacet
  facet normal 0 0 1
    outer loop
      vertex 26.4266 5.46352 3
      vertex 26.4529 5.37303 3
      vertex 30 0 3
    endloop
  endfacet
  facet normal 0 0 1
    outer loop
      vertex 26.4529 5.37303 3
      vertex 26.4734 5.28107 3
      vertex 30 0 3
    endloop
  endfacet
  facet normal 0 0 1
    outer loop
      vertex 26.4734 5.28107 3
      vertex 26.4882 5.18799 3
      vertex 30 0 3
    endloop
  endfacet
  facet normal 0 0 1
    outer loop
      vertex 26.4882 5.18799 3
      vertex 26.497 5.09418 3
      vertex 30 0 3
    endloop
  endfacet
  facet normal 0 0 1
    outer loop
      vertex 26.497 5.09418 3
      vertex 26.5 5 3
      vertex 30 0 3
    endloop
  endfacet
  facet normal 0 0 1
    outer loop
      vertex 26.5 5 3
      vertex 26.497 4.90581 3
      vertex 30 0 3
    endloop
  endfacet
  facet normal 0 0 1
    outer loop
      vertex 26.497 4.90581 3
      vertex 26.4882 4.812 3
      vertex 30 0 3
    endloop
  endfacet
  facet normal 0 0 1
    outer loop
      vertex 26.4882 4.812 3
      vertex 26.4734 4.71892 3
      vertex 30 0 3
    endloop
  endfacet
  facet normal 0 0 1
    outer loop
      vertex 26.4734 4.71892 3
      vertex 26.4529 4.62695 3
      vertex 30 0 3
    endloop
  endfacet
  facet normal 0 0 1
    outer loop
      vertex 26.4529 4.62695 3
      vertex 26.4266 4.53647 3
      vertex 30 0 3
    endloop
  endfacet
  facet normal 0 0 1
    outer loop
      vertex 26.4266 4.53647 3
      vertex 26.3947 4.4478 3
      vertex 30 0 3
    endloop
  endfacet
  facet normal 0 0 1
    outer loop
      vertex 26.3947 4.4478 3
      vertex 26.3572 4.36133 3
      vertex 30 0 3
    endloop
  endfacet
  facet normal 0 0 1
    outer loop
      vertex 26.3572 4.36133 3
      vertex 26.3145 4.27736 3
      vertex 30 0 3
    endloop
  endfacet
  facet normal 0 0 1
    outer loop
      vertex 26.3145 4.27736 3
      vertex 26.2665 4.19626 3
      vertex 30 0 3
    endloop
  endfacet
  facet normal 0 0 1
    outer loop
      vertex 26.2665 4.19626 3
      vertex 26.2135 4.11832 3
      vertex 30 0 3
    endloop
  endfacet
  facet normal 0 0 1
    outer loop
      vertex 26.2135 4.11832 3
      vertex 26.1558 4.04385 3
      vertex 30 0 3
    endloop
  endfacet
  facet normal 0 0 1
    outer loop
      vertex 26.1558 4.04385 3
      vertex 26.0934 3.97318 3
      vertex 30 0 3
    endloop
  endfacet
  facet normal 0 0 1
    outer loop
      vertex 26.0934 3.97318 3
      vertex 26.0268 3.90654 3
      vertex 30 0 3
    endloop
  endfacet
  facet normal 0 0 1
    outer loop
      vertex 26.0268 3.90654 3
      vertex 25.9561 3.84422 3
      vertex 30 0 3
    endloop
  endfacet
  facet normal 0 0 1
    outer loop
      vertex 25.9561 3.84422 3
      vertex 25.8817 3.78647 3
      vertex 30 0 3
    endloop
  endfacet
  facet normal 0 0 1
    outer loop
      vertex 25.8817 3.78647 3
      vertex 25.8037 3.73351 3
      vertex 30 0 3
    endloop
  endfacet
  facet normal 0 0 1
    outer loop
      vertex 25.8037 3.73351 3
      vertex 25.7226 3.68553 3
      vertex 30 0 3
    endloop
  endfacet
  facet normal 0 0 1
    outer loop
      vertex 25.7226 3.68553 3
      vertex 25.6387 3.64275 3
      vertex 30 0 3
    endloop
  endfacet
  facet normal 0 0 1
    outer loop
      vertex 25.6387 3.64275 3
      vertex 25.5522 3.60533 3
      vertex 30 0 3
    endloop
  endfacet
  facet normal 0 0 1
    outer loop
      vertex 25.5522 3.60533 3
      vertex 25.4635 3.57341 3
      vertex 30 0 3
    endloop
  endfacet
  facet normal 0 0 1
    outer loop
      vertex 25.4635 3.57341 3
      vertex 25.373 3.54712 3
      vertex 30 0 3
    endloop
  endfacet
  facet normal 0 0 1
    outer loop
      vertex 25.373 3.54712 3
      vertex 25.2811 3.52657 3
      vertex 30 0 3
    endloop
  endfacet
  facet normal 0 0 1
    outer loop
      vertex 25.2811 3.52657 3
      vertex 25.188 3.51183 3
      vertex 30 0 3
    endloop
  endfacet
  facet normal 0 0 1
    outer loop
      vertex 25.188 3.51183 3
      vertex 25.0942 3.50294 3
      vertex 30 0 3
    endloop
  endfacet
  facet normal -0 0 1
    outer loop
      vertex 6.21352 5.88167 3
      vertex 6.26648 5.80373 3
      vertex 11.1 12.5 3
    endloop
  endfacet
  facet normal 0 0 1
    outer loop
      vertex 5 3.5 3
      vertex 4.90581 3.50294 3
      vertex 0 0 3
    endloop
  endfacet
  facet normal 0 0 1
    outer loop
      vertex 4.11832 53.7865 3
      vertex 4.11832 6.21352 3
      vertex 4.19626 6.26648 3
    endloop
  endfacet
  facet normal 0 0 1
    outer loop
      vertex 4.90581 3.50294 3
      vertex 4.812 3.51183 3
      vertex 0 0 3
    endloop
  endfacet
  facet normal 0 0 1
    outer loop
      vertex 4.812 3.51183 3
      vertex 4.71892 3.52657 3
      vertex 0 0 3
    endloop
  endfacet
  facet normal 0 0 1
    outer loop
      vertex 4.71892 3.52657 3
      vertex 4.62695 3.54712 3
      vertex 0 0 3
    endloop
  endfacet
  facet normal 0 0 1
    outer loop
      vertex 4.62695 3.54712 3
      vertex 4.53647 3.57341 3
      vertex 0 0 3
    endloop
  endfacet
  facet normal 0 0 1
    outer loop
      vertex 4.53647 3.57341 3
      vertex 4.4478 3.60533 3
      vertex 0 0 3
    endloop
  endfacet
  facet normal 0 0 1
    outer loop
      vertex 4.4478 3.60533 3
      vertex 4.36133 3.64275 3
      vertex 0 0 3
    endloop
  endfacet
  facet normal 0 0 1
    outer loop
      vertex 0 0 3
      vertex 4.36133 3.64275 3
      vertex 4.27736 3.68553 3
    endloop
  endfacet
  facet normal 0 -0 1
    outer loop
      vertex 3.57341 5.46352 3
      vertex 3.60533 5.55219 3
      vertex 0 0 3
    endloop
  endfacet
  facet normal 0 0 1
    outer loop
      vertex 0 0 3
      vertex 4.27736 3.68553 3
      vertex 4.19626 3.73351 3
    endloop
  endfacet
  facet normal 0 0 1
    outer loop
      vertex 0 0 3
      vertex 4.19626 3.73351 3
      vertex 4.11832 3.78647 3
    endloop
  endfacet
  facet normal 0 0 1
    outer loop
      vertex 0 0 3
      vertex 4.11832 3.78647 3
      vertex 4.04385 3.84422 3
    endloop
  endfacet
  facet normal 0 0 1
    outer loop
      vertex 0 0 3
      vertex 4.04385 3.84422 3
      vertex 3.97318 3.90654 3
    endloop
  endfacet
  facet normal 0 0 1
    outer loop
      vertex 3.57341 5.46352 3
      vertex 0 0 3
      vertex 3.54712 5.37303 3
    endloop
  endfacet
  facet normal 0 0 1
    outer loop
      vertex 0 0 3
      vertex 3.97318 3.90654 3
      vertex 3.90654 3.97318 3
    endloop
  endfacet
  facet normal 0 0 1
    outer loop
      vertex 0 0 3
      vertex 3.90654 3.97318 3
      vertex 3.84422 4.04385 3
    endloop
  endfacet
  facet normal 0 0 1
    outer loop
      vertex 0 0 3
      vertex 3.84422 4.04385 3
      vertex 3.78647 4.11832 3
    endloop
  endfacet
  facet normal 0 0 1
    outer loop
      vertex 0 0 3
      vertex 3.52657 5.28107 3
      vertex 3.54712 5.37303 3
    endloop
  endfacet
  facet normal 0 0 1
    outer loop
      vertex 0 0 3
      vertex 3.78647 4.11832 3
      vertex 3.73351 4.19626 3
    endloop
  endfacet
  facet normal 0 0 1
    outer loop
      vertex 0 0 3
      vertex 3.73351 4.19626 3
      vertex 3.68553 4.27736 3
    endloop
  endfacet
  facet normal 0 0 1
    outer loop
      vertex 0 0 3
      vertex 3.68553 4.27736 3
      vertex 3.64275 4.36133 3
    endloop
  endfacet
  facet normal 0 0 1
    outer loop
      vertex 0 0 3
      vertex 3.64275 4.36133 3
      vertex 3.60533 4.4478 3
    endloop
  endfacet
  facet normal 0 -0 1
    outer loop
      vertex 3.51183 5.18799 3
      vertex 3.52657 5.28107 3
      vertex 0 0 3
    endloop
  endfacet
  facet normal 0 0 1
    outer loop
      vertex 0 0 3
      vertex 3.60533 4.4478 3
      vertex 3.57341 4.53647 3
    endloop
  endfacet
  facet normal 0 0 1
    outer loop
      vertex 0 0 3
      vertex 3.57341 4.53647 3
      vertex 3.54712 4.62695 3
    endloop
  endfacet
  facet normal 0 0 1
    outer loop
      vertex 0 0 3
      vertex 3.54712 4.62695 3
      vertex 3.52657 4.71892 3
    endloop
  endfacet
  facet normal 0 0 1
    outer loop
      vertex 0 0 3
      vertex 3.52657 4.71892 3
      vertex 3.51183 4.812 3
    endloop
  endfacet
  facet normal 0 0 1
    outer loop
      vertex 0 0 3
      vertex 3.51183 4.812 3
      vertex 3.50294 4.90581 3
    endloop
  endfacet
  facet normal 0 0 1
    outer loop
      vertex 0 0 3
      vertex 3.5 5 3
      vertex 3.50294 5.09418 3
    endloop
  endfacet
  facet normal 0 0 1
    outer loop
      vertex 0 0 3
      vertex 3.50294 4.90581 3
      vertex 3.5 5 3
    endloop
  endfacet
  facet normal 0 0 1
    outer loop
      vertex 3.68553 54.2774 3
      vertex 0 0 3
      vertex 3.68553 5.72263 3
    endloop
  endfacet
  facet normal 0 0 1
    outer loop
      vertex 3.68553 54.2774 3
      vertex 3.68553 5.72263 3
      vertex 3.73351 5.80373 3
    endloop
  endfacet
  facet normal 0 0 1
    outer loop
      vertex 3.68553 54.2774 3
      vertex 3.73351 5.80373 3
      vertex 3.73351 54.1963 3
    endloop
  endfacet
  facet normal 0 0 1
    outer loop
      vertex 3.73351 5.80373 3
      vertex 3.78647 5.88167 3
      vertex 3.73351 54.1963 3
    endloop
  endfacet
  facet normal 0 -0 1
    outer loop
      vertex 3.78647 5.88167 3
      vertex 3.78647 54.1183 3
      vertex 3.73351 54.1963 3
    endloop
  endfacet
  facet normal 0 0 1
    outer loop
      vertex 3.84422 5.95613 3
      vertex 3.78647 54.1183 3
      vertex 3.78647 5.88167 3
    endloop
  endfacet
  facet normal 0 0 1
    outer loop
      vertex 3.90654 6.02681 3
      vertex 3.84422 54.0439 3
      vertex 3.84422 5.95613 3
    endloop
  endfacet
  facet normal 0 0 1
    outer loop
      vertex 3.90654 53.9732 3
      vertex 3.84422 54.0439 3
      vertex 3.90654 6.02681 3
    endloop
  endfacet
  facet normal 0 0 1
    outer loop
      vertex 3.90654 53.9732 3
      vertex 3.90654 6.02681 3
      vertex 3.97318 6.09344 3
    endloop
  endfacet
  facet normal 0 0 1
    outer loop
      vertex 3.90654 53.9732 3
      vertex 3.97318 6.09344 3
      vertex 3.97318 53.9065 3
    endloop
  endfacet
  facet normal 0 0 1
    outer loop
      vertex 3.97318 6.09344 3
      vertex 4.04385 6.15576 3
      vertex 3.97318 53.9065 3
    endloop
  endfacet
  facet normal 0 -0 1
    outer loop
      vertex 4.04385 6.15576 3
      vertex 4.04385 53.8442 3
      vertex 3.97318 53.9065 3
    endloop
  endfacet
  facet normal 0 0 1
    outer loop
      vertex 4.11832 6.21352 3
      vertex 4.04385 53.8442 3
      vertex 4.04385 6.15576 3
    endloop
  endfacet
  facet normal 0 0 1
    outer loop
      vertex 4.11832 53.7865 3
      vertex 4.19626 6.26648 3
      vertex 4.19626 53.7335 3
    endloop
  endfacet
  facet normal 0 0 1
    outer loop
      vertex 4.19626 6.26648 3
      vertex 11.1 12.5 3
      vertex 4.19626 53.7335 3
    endloop
  endfacet
  facet normal 0 -0 1
    outer loop
      vertex 4.27736 6.31445 3
      vertex 11.1 12.5 3
      vertex 4.19626 6.26648 3
    endloop
  endfacet
  facet normal 0 -0 1
    outer loop
      vertex 4.36133 6.35724 3
      vertex 11.1 12.5 3
      vertex 4.27736 6.31445 3
    endloop
  endfacet
  facet normal 0 -0 1
    outer loop
      vertex 4.4478 6.39465 3
      vertex 11.1 12.5 3
      vertex 4.36133 6.35724 3
    endloop
  endfacet
  facet normal 0 -0 1
    outer loop
      vertex 4.53647 6.42657 3
      vertex 11.1 12.5 3
      vertex 4.4478 6.39465 3
    endloop
  endfacet
  facet normal 0 -0 1
    outer loop
      vertex 4.62695 6.45287 3
      vertex 11.1 12.5 3
      vertex 4.53647 6.42657 3
    endloop
  endfacet
  facet normal 0 -0 1
    outer loop
      vertex 4.71892 6.47342 3
      vertex 11.1 12.5 3
      vertex 4.62695 6.45287 3
    endloop
  endfacet
  facet normal 0 -0 1
    outer loop
      vertex 4.812 6.48816 3
      vertex 11.1 12.5 3
      vertex 4.71892 6.47342 3
    endloop
  endfacet
  facet normal 0 -0 1
    outer loop
      vertex 4.90581 6.49704 3
      vertex 11.1 12.5 3
      vertex 4.812 6.48816 3
    endloop
  endfacet
  facet normal 0 -0 1
    outer loop
      vertex 5 6.5 3
      vertex 11.1 12.5 3
      vertex 4.90581 6.49704 3
    endloop
  endfacet
  facet normal -0 0 1
    outer loop
      vertex 5.09418 6.49704 3
      vertex 5.18799 6.48816 3
      vertex 11.1 12.5 3
    endloop
  endfacet
  facet normal -0 0 1
    outer loop
      vertex 5.18799 6.48816 3
      vertex 5.28107 6.47342 3
      vertex 11.1 12.5 3
    endloop
  endfacet
  facet normal -0 0 1
    outer loop
      vertex 5.28107 6.47342 3
      vertex 5.37303 6.45287 3
      vertex 11.1 12.5 3
    endloop
  endfacet
  facet normal -0 0 1
    outer loop
      vertex 5.37303 6.45287 3
      vertex 5.46352 6.42657 3
      vertex 11.1 12.5 3
    endloop
  endfacet
  facet normal -0 0 1
    outer loop
      vertex 5.46352 6.42657 3
      vertex 5.55219 6.39465 3
      vertex 11.1 12.5 3
    endloop
  endfacet
  facet normal -0 0 1
    outer loop
      vertex 5.55219 6.39465 3
      vertex 5.63866 6.35724 3
      vertex 11.1 12.5 3
    endloop
  endfacet
  facet normal -0 0 1
    outer loop
      vertex 5.63866 6.35724 3
      vertex 5.72263 6.31445 3
      vertex 11.1 12.5 3
    endloop
  endfacet
  facet normal 0 -0 1
    outer loop
      vertex 5.95613 6.15576 3
      vertex 11.1 12.5 3
      vertex 5.88167 6.21352 3
    endloop
  endfacet
  facet normal -0 0 1
    outer loop
      vertex 6.02681 6.09344 3
      vertex 6.09344 6.02681 3
      vertex 11.1 12.5 3
    endloop
  endfacet
  facet normal -0 0 1
    outer loop
      vertex 6.09344 6.02681 3
      vertex 6.15576 5.95613 3
      vertex 11.1 12.5 3
    endloop
  endfacet
  facet normal -0 0 1
    outer loop
      vertex 6.15576 5.95613 3
      vertex 6.21352 5.88167 3
      vertex 11.1 12.5 3
    endloop
  endfacet
  facet normal 0 0 1
    outer loop
      vertex 11.1 12.5 3
      vertex 6.26648 5.80373 3
      vertex 6.31445 5.72263 3
    endloop
  endfacet
  facet normal 0 0 1
    outer loop
      vertex 11.1 12.5 3
      vertex 6.31445 5.72263 3
      vertex 6.35724 5.63866 3
    endloop
  endfacet
  facet normal 0 -0 1
    outer loop
      vertex 6.42657 5.46352 3
      vertex 11.1 12.5 3
      vertex 6.39465 5.55219 3
    endloop
  endfacet
  facet normal 0 -0 1
    outer loop
      vertex 6.45287 5.37303 3
      vertex 11.1 12.5 3
      vertex 6.42657 5.46352 3
    endloop
  endfacet
  facet normal 0 0 1
    outer loop
      vertex 6.47342 5.28107 3
      vertex 13.6 12.5 3
      vertex 11.1 12.5 3
    endloop
  endfacet
  facet normal 0 -0 1
    outer loop
      vertex 6.48816 5.18799 3
      vertex 13.6 12.5 3
      vertex 6.47342 5.28107 3
    endloop
  endfacet
  facet normal 0 0 1
    outer loop
      vertex 13.6 12.5 3
      vertex 6.5 5 3
      vertex 6.49704 4.90581 3
    endloop
  endfacet
  facet normal 0 0 1
    outer loop
      vertex 13.6 12.5 3
      vertex 6.49704 4.90581 3
      vertex 23.5029 4.90581 3
    endloop
  endfacet
  facet normal 0 0 1
    outer loop
      vertex 23.5029 4.90581 3
      vertex 6.48816 4.812 3
      vertex 23.5118 4.812 3
    endloop
  endfacet
  facet normal -0 0 1
    outer loop
      vertex 6.48816 4.812 3
      vertex 6.47342 4.71892 3
      vertex 23.5118 4.812 3
    endloop
  endfacet
  facet normal -0 0 1
    outer loop
      vertex 6.47342 4.71892 3
      vertex 6.45287 4.62695 3
      vertex 23.5266 4.71892 3
    endloop
  endfacet
  facet normal 0 0 1
    outer loop
      vertex 6.45287 4.62695 3
      vertex 23.5471 4.62695 3
      vertex 23.5266 4.71892 3
    endloop
  endfacet
  facet normal 0 0 1
    outer loop
      vertex 6.42657 4.53647 3
      vertex 23.5734 4.53647 3
      vertex 23.5471 4.62695 3
    endloop
  endfacet
  facet normal 0 0 1
    outer loop
      vertex 6.39465 4.4478 3
      vertex 23.5734 4.53647 3
      vertex 6.42657 4.53647 3
    endloop
  endfacet
  facet normal 0 0 1
    outer loop
      vertex 6.35724 4.36133 3
      vertex 23.6053 4.4478 3
      vertex 6.39465 4.4478 3
    endloop
  endfacet
  facet normal 0 0 1
    outer loop
      vertex 23.6427 4.36133 3
      vertex 23.6053 4.4478 3
      vertex 6.35724 4.36133 3
    endloop
  endfacet
  facet normal 0 0 1
    outer loop
      vertex 23.6855 4.27736 3
      vertex 23.6427 4.36133 3
      vertex 6.31445 4.27736 3
    endloop
  endfacet
  facet normal 0 0 1
    outer loop
      vertex 23.7335 4.19626 3
      vertex 23.6855 4.27736 3
      vertex 6.26648 4.19626 3
    endloop
  endfacet
  facet normal 0 0 1
    outer loop
      vertex 23.7335 4.19626 3
      vertex 6.26648 4.19626 3
      vertex 6.21352 4.11832 3
    endloop
  endfacet
  facet normal 0 0 1
    outer loop
      vertex 23.7865 4.11832 3
      vertex 6.21352 4.11832 3
      vertex 6.15576 4.04385 3
    endloop
  endfacet
  facet normal 0 0 1
    outer loop
      vertex 23.7865 4.11832 3
      vertex 6.15576 4.04385 3
      vertex 23.8442 4.04385 3
    endloop
  endfacet
  facet normal 0 0 1
    outer loop
      vertex 23.8442 4.04385 3
      vertex 6.09344 3.97318 3
      vertex 23.9065 3.97318 3
    endloop
  endfacet
  facet normal -0 0 1
    outer loop
      vertex 6.09344 3.97318 3
      vertex 6.02681 3.90654 3
      vertex 23.9065 3.97318 3
    endloop
  endfacet
  facet normal -0 0 1
    outer loop
      vertex 6.02681 3.90654 3
      vertex 5.95613 3.84422 3
      vertex 23.9732 3.90654 3
    endloop
  endfacet
  facet normal 0 0 1
    outer loop
      vertex 5.95613 3.84422 3
      vertex 24.0439 3.84422 3
      vertex 23.9732 3.90654 3
    endloop
  endfacet
  facet normal 0 0 1
    outer loop
      vertex 24.2774 3.68553 3
      vertex 5.63866 3.64275 3
      vertex 24.3613 3.64275 3
    endloop
  endfacet
  facet normal 0 0 1
    outer loop
      vertex 24.1183 3.78647 3
      vertex 24.0439 3.84422 3
      vertex 5.88167 3.78647 3
    endloop
  endfacet
  facet normal 0 0 1
    outer loop
      vertex 24.1183 3.78647 3
      vertex 5.88167 3.78647 3
      vertex 5.80373 3.73351 3
    endloop
  endfacet
  facet normal 0 0 1
    outer loop
      vertex 24.1183 3.78647 3
      vertex 5.80373 3.73351 3
      vertex 24.1963 3.73351 3
    endloop
  endfacet
  facet normal -0 0 1
    outer loop
      vertex 5.80373 3.73351 3
      vertex 5.72263 3.68553 3
      vertex 24.1963 3.73351 3
    endloop
  endfacet
  facet normal 0 0 1
    outer loop
      vertex 5.63866 3.64275 3
      vertex 24.2774 3.68553 3
      vertex 5.72263 3.68553 3
    endloop
  endfacet
  facet normal 0 0 1
    outer loop
      vertex 5.72263 3.68553 3
      vertex 24.2774 3.68553 3
      vertex 24.1963 3.73351 3
    endloop
  endfacet
  facet normal -0 0 1
    outer loop
      vertex 5.63866 3.64275 3
      vertex 0 0 3
      vertex 24.3613 3.64275 3
    endloop
  endfacet
  facet normal -0 0 1
    outer loop
      vertex 5.55219 3.60533 3
      vertex 0 0 3
      vertex 5.63866 3.64275 3
    endloop
  endfacet
  facet normal -0 0 1
    outer loop
      vertex 5.46352 3.57341 3
      vertex 0 0 3
      vertex 5.55219 3.60533 3
    endloop
  endfacet
  facet normal -0 0 1
    outer loop
      vertex 5.37303 3.54712 3
      vertex 0 0 3
      vertex 5.46352 3.57341 3
    endloop
  endfacet
  facet normal -0 0 1
    outer loop
      vertex 5.28107 3.52657 3
      vertex 0 0 3
      vertex 5.37303 3.54712 3
    endloop
  endfacet
  facet normal -0 0 1
    outer loop
      vertex 5.18799 3.51183 3
      vertex 0 0 3
      vertex 5.28107 3.52657 3
    endloop
  endfacet
  facet normal -0 0 1
    outer loop
      vertex 5.09418 3.50294 3
      vertex 0 0 3
      vertex 5.18799 3.51183 3
    endloop
  endfacet
  facet normal -0 0 1
    outer loop
      vertex 5 3.5 3
      vertex 0 0 3
      vertex 5.09418 3.50294 3
    endloop
  endfacet
  facet normal 0 1 0
    outer loop
      vertex 0 60 0
      vertex 30 60 3
      vertex 30 60 0
    endloop
  endfacet
  facet normal 0 1 0
    outer loop
      vertex 0 60 0
      vertex 0 60 3
      vertex 30 60 3
    endloop
  endfacet
  facet normal -1 0 0
    outer loop
      vertex 0 0 0
      vertex 0 60 3
      vertex 0 60 0
    endloop
  endfacet
  facet normal -1 0 0
    outer loop
      vertex 0 0 0
      vertex 0 0 3
      vertex 0 60 3
    endloop
  endfacet
  facet normal 0 -1 0
    outer loop
      vertex 30 0 0
      vertex 0 0 3
      vertex 0 0 0
    endloop
  endfacet
  facet normal 0 -1 0
    outer loop
      vertex 30 0 0
      vertex 30 0 3
      vertex 0 0 3
    endloop
  endfacet
  facet normal 1 0 0
    outer loop
      vertex 30 60 0
      vertex 30 0 3
      vertex 30 0 0
    endloop
  endfacet
  facet normal 1 0 -0
    outer loop
      vertex 30 60 0
      vertex 30 60 3
      vertex 30 0 3
    endloop
  endfacet
  facet normal 0.0944485 0.99553 -0
    outer loop
      vertex 4.812 53.5118 0
      vertex 4.812 53.5118 3
      vertex 4.90581 53.5029 0
    endloop
  endfacet
  facet normal 0.0944485 0.99553 0
    outer loop
      vertex 4.90581 53.5029 3
      vertex 4.90581 53.5029 0
      vertex 4.812 53.5118 3
    endloop
  endfacet
  facet normal 0.15703 0.987594 -0
    outer loop
      vertex 4.71892 53.5266 0
      vertex 4.71892 53.5266 3
      vertex 4.812 53.5118 0
    endloop
  endfacet
  facet normal 0.15703 0.987594 0
    outer loop
      vertex 4.812 53.5118 3
      vertex 4.812 53.5118 0
      vertex 4.71892 53.5266 3
    endloop
  endfacet
  facet normal 0.21756 0.976047 -0
    outer loop
      vertex 4.62695 53.5471 0
      vertex 4.62695 53.5471 3
      vertex 4.71892 53.5266 0
    endloop
  endfacet
  facet normal 0.21756 0.976047 0
    outer loop
      vertex 4.71892 53.5266 3
      vertex 4.71892 53.5266 0
      vertex 4.62695 53.5471 3
    endloop
  endfacet
  facet normal 0.27912 0.960256 -0
    outer loop
      vertex 4.53647 53.5734 0
      vertex 4.53647 53.5734 3
      vertex 4.62695 53.5471 0
    endloop
  endfacet
  facet normal 0.27912 0.960256 0
    outer loop
      vertex 4.62695 53.5471 3
      vertex 4.62695 53.5471 0
      vertex 4.53647 53.5734 3
    endloop
  endfacet
  facet normal 0.33852 0.940959 -0
    outer loop
      vertex 4.4478 53.6053 0
      vertex 4.4478 53.6053 3
      vertex 4.53647 53.5734 0
    endloop
  endfacet
  facet normal 0.33852 0.940959 0
    outer loop
      vertex 4.53647 53.5734 3
      vertex 4.53647 53.5734 0
      vertex 4.4478 53.6053 3
    endloop
  endfacet
  facet normal 0.396979 0.917828 -0
    outer loop
      vertex 4.36133 53.6427 0
      vertex 4.36133 53.6427 3
      vertex 4.4478 53.6053 0
    endloop
  endfacet
  facet normal 0.396979 0.917828 0
    outer loop
      vertex 4.4478 53.6053 3
      vertex 4.4478 53.6053 0
      vertex 4.36133 53.6427 3
    endloop
  endfacet
  facet normal 0.454118 0.890942 -0
    outer loop
      vertex 4.27736 53.6855 0
      vertex 4.27736 53.6855 3
      vertex 4.36133 53.6427 0
    endloop
  endfacet
  facet normal 0.454118 0.890942 0
    outer loop
      vertex 4.36133 53.6427 3
      vertex 4.36133 53.6427 0
      vertex 4.27736 53.6855 3
    endloop
  endfacet
  facet normal 0.509337 0.860567 -0
    outer loop
      vertex 4.19626 53.7335 0
      vertex 4.19626 53.7335 3
      vertex 4.27736 53.6855 0
    endloop
  endfacet
  facet normal 0.509337 0.860567 0
    outer loop
      vertex 4.27736 53.6855 3
      vertex 4.27736 53.6855 0
      vertex 4.19626 53.7335 3
    endloop
  endfacet
  facet normal 0.562316 0.826923 -0
    outer loop
      vertex 4.11832 53.7865 0
      vertex 4.11832 53.7865 3
      vertex 4.19626 53.7335 0
    endloop
  endfacet
  facet normal 0.562316 0.826923 0
    outer loop
      vertex 4.19626 53.7335 3
      vertex 4.19626 53.7335 0
      vertex 4.11832 53.7865 3
    endloop
  endfacet
  facet normal 0.612477 0.790488 -0
    outer loop
      vertex 4.04385 53.8442 0
      vertex 4.04385 53.8442 3
      vertex 4.11832 53.7865 0
    endloop
  endfacet
  facet normal 0.612477 0.790488 0
    outer loop
      vertex 4.11832 53.7865 3
      vertex 4.11832 53.7865 0
      vertex 4.04385 53.8442 3
    endloop
  endfacet
  facet normal 0.661288 0.750132 -0
    outer loop
      vertex 3.97318 53.9065 0
      vertex 3.97318 53.9065 3
      vertex 4.04385 53.8442 0
    endloop
  endfacet
  facet normal 0.661288 0.750132 0
    outer loop
      vertex 4.04385 53.8442 3
      vertex 4.04385 53.8442 0
      vertex 3.97318 53.9065 3
    endloop
  endfacet
  facet normal 0.707425 0.706789 -0
    outer loop
      vertex 3.90654 53.9732 0
      vertex 3.90654 53.9732 3
      vertex 3.97318 53.9065 0
    endloop
  endfacet
  facet normal 0.707425 0.706789 0
    outer loop
      vertex 3.97318 53.9065 3
      vertex 3.97318 53.9065 0
      vertex 3.90654 53.9732 3
    endloop
  endfacet
  facet normal 0.750166 0.66125 -0
    outer loop
      vertex 3.84422 54.0439 0
      vertex 3.84422 54.0439 3
      vertex 3.90654 53.9732 0
    endloop
  endfacet
  facet normal 0.750166 0.66125 0
    outer loop
      vertex 3.90654 53.9732 3
      vertex 3.90654 53.9732 0
      vertex 3.84422 54.0439 3
    endloop
  endfacet
  facet normal 0.789952 0.613168 -0
    outer loop
      vertex 3.78647 54.1183 0
      vertex 3.78647 54.1183 3
      vertex 3.84422 54.0439 0
    endloop
  endfacet
  facet normal 0.789952 0.613168 0
    outer loop
      vertex 3.84422 54.0439 3
      vertex 3.84422 54.0439 0
      vertex 3.78647 54.1183 3
    endloop
  endfacet
  facet normal 0.827321 0.56173 -0
    outer loop
      vertex 3.73351 54.1963 0
      vertex 3.73351 54.1963 3
      vertex 3.78647 54.1183 0
    endloop
  endfacet
  facet normal 0.827321 0.56173 0
    outer loop
      vertex 3.78647 54.1183 3
      vertex 3.78647 54.1183 0
      vertex 3.73351 54.1963 3
    endloop
  endfacet
  facet normal 0.86066 0.50918 -0
    outer loop
      vertex 3.68553 54.2774 0
      vertex 3.68553 54.2774 3
      vertex 3.73351 54.1963 0
    endloop
  endfacet
  facet normal 0.86066 0.50918 0
    outer loop
      vertex 3.73351 54.1963 3
      vertex 3.73351 54.1963 0
      vertex 3.68553 54.2774 3
    endloop
  endfacet
  facet normal 0.890874 0.45425 -0
    outer loop
      vertex 3.64275 54.3613 0
      vertex 3.64275 54.3613 3
      vertex 3.68553 54.2774 0
    endloop
  endfacet
  facet normal 0.890874 0.45425 0
    outer loop
      vertex 3.68553 54.2774 3
      vertex 3.68553 54.2774 0
      vertex 3.64275 54.3613 3
    endloop
  endfacet
  facet normal 0.917801 0.397042 -0
    outer loop
      vertex 3.60533 54.4478 0
      vertex 3.60533 54.4478 3
      vertex 3.64275 54.3613 0
    endloop
  endfacet
  facet normal 0.917801 0.397042 0
    outer loop
      vertex 3.64275 54.3613 3
      vertex 3.64275 54.3613 0
      vertex 3.60533 54.4478 3
    endloop
  endfacet
  facet normal 0.940928 0.338607 -0
    outer loop
      vertex 3.57341 54.5365 0
      vertex 3.57341 54.5365 3
      vertex 3.60533 54.4478 0
    endloop
  endfacet
  facet normal 0.940928 0.338607 0
    outer loop
      vertex 3.60533 54.4478 3
      vertex 3.60533 54.4478 0
      vertex 3.57341 54.5365 3
    endloop
  endfacet
  facet normal 0.960301 0.278965 -0
    outer loop
      vertex 3.54712 54.627 0
      vertex 3.54712 54.627 3
      vertex 3.57341 54.5365 0
    endloop
  endfacet
  facet normal 0.960301 0.278965 0
    outer loop
      vertex 3.57341 54.5365 3
      vertex 3.57341 54.5365 0
      vertex 3.54712 54.627 3
    endloop
  endfacet
  facet normal 0.975899 0.218223 -0
    outer loop
      vertex 3.52657 54.7189 0
      vertex 3.52657 54.7189 3
      vertex 3.54712 54.627 0
    endloop
  endfacet
  facet normal 0.975899 0.218223 0
    outer loop
      vertex 3.54712 54.627 3
      vertex 3.54712 54.627 0
      vertex 3.52657 54.7189 3
    endloop
  endfacet
  facet normal 0.987698 0.156377 -0
    outer loop
      vertex 3.51183 54.812 0
      vertex 3.51183 54.812 3
      vertex 3.52657 54.7189 0
    endloop
  endfacet
  facet normal 0.987698 0.156377 0
    outer loop
      vertex 3.52657 54.7189 3
      vertex 3.52657 54.7189 0
      vertex 3.51183 54.812 3
    endloop
  endfacet
  facet normal 0.995539 0.0943533 -0
    outer loop
      vertex 3.50294 54.9058 0
      vertex 3.50294 54.9058 3
      vertex 3.51183 54.812 0
    endloop
  endfacet
  facet normal 0.995539 0.0943533 0
    outer loop
      vertex 3.51183 54.812 3
      vertex 3.51183 54.812 0
      vertex 3.50294 54.9058 3
    endloop
  endfacet
  facet normal 0.999513 0.031195 -0
    outer loop
      vertex 3.5 55 0
      vertex 3.5 55 3
      vertex 3.50294 54.9058 0
    endloop
  endfacet
  facet normal 0.999513 0.031195 0
    outer loop
      vertex 3.50294 54.9058 3
      vertex 3.50294 54.9058 0
      vertex 3.5 55 3
    endloop
  endfacet
  facet normal 0.999513 -0.031195 0
    outer loop
      vertex 3.50294 55.0942 0
      vertex 3.50294 55.0942 3
      vertex 3.5 55 0
    endloop
  endfacet
  facet normal 0.999513 -0.031195 0
    outer loop
      vertex 3.5 55 3
      vertex 3.5 55 0
      vertex 3.50294 55.0942 3
    endloop
  endfacet
  facet normal 0.995539 -0.0943533 0
    outer loop
      vertex 3.51183 55.188 0
      vertex 3.51183 55.188 3
      vertex 3.50294 55.0942 0
    endloop
  endfacet
  facet normal 0.995539 -0.0943533 0
    outer loop
      vertex 3.50294 55.0942 3
      vertex 3.50294 55.0942 0
      vertex 3.51183 55.188 3
    endloop
  endfacet
  facet normal 0.987698 -0.156377 0
    outer loop
      vertex 3.52657 55.2811 0
      vertex 3.52657 55.2811 3
      vertex 3.51183 55.188 0
    endloop
  endfacet
  facet normal 0.987698 -0.156377 0
    outer loop
      vertex 3.51183 55.188 3
      vertex 3.51183 55.188 0
      vertex 3.52657 55.2811 3
    endloop
  endfacet
  facet normal 0.975899 -0.218223 0
    outer loop
      vertex 3.54712 55.373 0
      vertex 3.54712 55.373 3
      vertex 3.52657 55.2811 0
    endloop
  endfacet
  facet normal 0.975899 -0.218223 0
    outer loop
      vertex 3.52657 55.2811 3
      vertex 3.52657 55.2811 0
      vertex 3.54712 55.373 3
    endloop
  endfacet
  facet normal 0.960301 -0.278965 0
    outer loop
      vertex 3.57341 55.4635 0
      vertex 3.57341 55.4635 3
      vertex 3.54712 55.373 0
    endloop
  endfacet
  facet normal 0.960301 -0.278965 0
    outer loop
      vertex 3.54712 55.373 3
      vertex 3.54712 55.373 0
      vertex 3.57341 55.4635 3
    endloop
  endfacet
  facet normal 0.940928 -0.338607 0
    outer loop
      vertex 3.60533 55.5522 0
      vertex 3.60533 55.5522 3
      vertex 3.57341 55.4635 0
    endloop
  endfacet
  facet normal 0.940928 -0.338607 0
    outer loop
      vertex 3.57341 55.4635 3
      vertex 3.57341 55.4635 0
      vertex 3.60533 55.5522 3
    endloop
  endfacet
  facet normal 0.917801 -0.397042 0
    outer loop
      vertex 3.64275 55.6387 0
      vertex 3.64275 55.6387 3
      vertex 3.60533 55.5522 0
    endloop
  endfacet
  facet normal 0.917801 -0.397042 0
    outer loop
      vertex 3.60533 55.5522 3
      vertex 3.60533 55.5522 0
      vertex 3.64275 55.6387 3
    endloop
  endfacet
  facet normal 0.890874 -0.45425 0
    outer loop
      vertex 3.68553 55.7226 0
      vertex 3.68553 55.7226 3
      vertex 3.64275 55.6387 0
    endloop
  endfacet
  facet normal 0.890874 -0.45425 0
    outer loop
      vertex 3.64275 55.6387 3
      vertex 3.64275 55.6387 0
      vertex 3.68553 55.7226 3
    endloop
  endfacet
  facet normal 0.86066 -0.50918 0
    outer loop
      vertex 3.73351 55.8037 0
      vertex 3.73351 55.8037 3
      vertex 3.68553 55.7226 0
    endloop
  endfacet
  facet normal 0.86066 -0.50918 0
    outer loop
      vertex 3.68553 55.7226 3
      vertex 3.68553 55.7226 0
      vertex 3.73351 55.8037 3
    endloop
  endfacet
  facet normal 0.827321 -0.56173 0
    outer loop
      vertex 3.78647 55.8817 0
      vertex 3.78647 55.8817 3
      vertex 3.73351 55.8037 0
    endloop
  endfacet
  facet normal 0.827321 -0.56173 0
    outer loop
      vertex 3.73351 55.8037 3
      vertex 3.73351 55.8037 0
      vertex 3.78647 55.8817 3
    endloop
  endfacet
  facet normal 0.789952 -0.613168 0
    outer loop
      vertex 3.84422 55.9561 0
      vertex 3.84422 55.9561 3
      vertex 3.78647 55.8817 0
    endloop
  endfacet
  facet normal 0.789952 -0.613168 0
    outer loop
      vertex 3.78647 55.8817 3
      vertex 3.78647 55.8817 0
      vertex 3.84422 55.9561 3
    endloop
  endfacet
  facet normal 0.750166 -0.66125 0
    outer loop
      vertex 3.90654 56.0268 0
      vertex 3.90654 56.0268 3
      vertex 3.84422 55.9561 0
    endloop
  endfacet
  facet normal 0.750166 -0.66125 0
    outer loop
      vertex 3.84422 55.9561 3
      vertex 3.84422 55.9561 0
      vertex 3.90654 56.0268 3
    endloop
  endfacet
  facet normal 0.706894 -0.707319 0
    outer loop
      vertex 3.97318 56.0934 0
      vertex 3.97318 56.0934 3
      vertex 3.90654 56.0268 0
    endloop
  endfacet
  facet normal 0.706894 -0.707319 0
    outer loop
      vertex 3.90654 56.0268 3
      vertex 3.90654 56.0268 0
      vertex 3.97318 56.0934 3
    endloop
  endfacet
  facet normal 0.661885 -0.749606 0
    outer loop
      vertex 4.04385 56.1558 0
      vertex 4.04385 56.1558 3
      vertex 3.97318 56.0934 0
    endloop
  endfacet
  facet normal 0.661885 -0.749606 0
    outer loop
      vertex 3.97318 56.0934 3
      vertex 3.97318 56.0934 0
      vertex 4.04385 56.1558 3
    endloop
  endfacet
  facet normal 0.612477 -0.790488 0
    outer loop
      vertex 4.11832 56.2135 0
      vertex 4.11832 56.2135 3
      vertex 4.04385 56.1558 0
    endloop
  endfacet
  facet normal 0.612477 -0.790488 0
    outer loop
      vertex 4.04385 56.1558 3
      vertex 4.04385 56.1558 0
      vertex 4.11832 56.2135 3
    endloop
  endfacet
  facet normal 0.562316 -0.826923 0
    outer loop
      vertex 4.19626 56.2665 0
      vertex 4.19626 56.2665 3
      vertex 4.11832 56.2135 0
    endloop
  endfacet
  facet normal 0.562316 -0.826923 0
    outer loop
      vertex 4.11832 56.2135 3
      vertex 4.11832 56.2135 0
      vertex 4.19626 56.2665 3
    endloop
  endfacet
  facet normal 0.509337 -0.860567 0
    outer loop
      vertex 4.27736 56.3145 0
      vertex 4.27736 56.3145 3
      vertex 4.19626 56.2665 0
    endloop
  endfacet
  facet normal 0.509337 -0.860567 0
    outer loop
      vertex 4.19626 56.2665 3
      vertex 4.19626 56.2665 0
      vertex 4.27736 56.3145 3
    endloop
  endfacet
  facet normal 0.453275 -0.891371 0
    outer loop
      vertex 4.36133 56.3572 0
      vertex 4.36133 56.3572 3
      vertex 4.27736 56.3145 0
    endloop
  endfacet
  facet normal 0.453275 -0.891371 0
    outer loop
      vertex 4.27736 56.3145 3
      vertex 4.27736 56.3145 0
      vertex 4.36133 56.3572 3
    endloop
  endfacet
  facet normal 0.397872 -0.917441 0
    outer loop
      vertex 4.4478 56.3947 0
      vertex 4.4478 56.3947 3
      vertex 4.36133 56.3572 0
    endloop
  endfacet
  facet normal 0.397872 -0.917441 0
    outer loop
      vertex 4.36133 56.3572 3
      vertex 4.36133 56.3572 0
      vertex 4.4478 56.3947 3
    endloop
  endfacet
  facet normal 0.33852 -0.940959 0
    outer loop
      vertex 4.53647 56.4266 0
      vertex 4.53647 56.4266 3
      vertex 4.4478 56.3947 0
    endloop
  endfacet
  facet normal 0.33852 -0.940959 0
    outer loop
      vertex 4.4478 56.3947 3
      vertex 4.4478 56.3947 0
      vertex 4.53647 56.4266 3
    endloop
  endfacet
  facet normal 0.27912 -0.960256 0
    outer loop
      vertex 4.62695 56.4529 0
      vertex 4.62695 56.4529 3
      vertex 4.53647 56.4266 0
    endloop
  endfacet
  facet normal 0.27912 -0.960256 0
    outer loop
      vertex 4.53647 56.4266 3
      vertex 4.53647 56.4266 0
      vertex 4.62695 56.4529 3
    endloop
  endfacet
  facet normal 0.21756 -0.976047 0
    outer loop
      vertex 4.71892 56.4734 0
      vertex 4.71892 56.4734 3
      vertex 4.62695 56.4529 0
    endloop
  endfacet
  facet normal 0.21756 -0.976047 0
    outer loop
      vertex 4.62695 56.4529 3
      vertex 4.62695 56.4529 0
      vertex 4.71892 56.4734 3
    endloop
  endfacet
  facet normal 0.15703 -0.987594 0
    outer loop
      vertex 4.812 56.4882 0
      vertex 4.812 56.4882 3
      vertex 4.71892 56.4734 0
    endloop
  endfacet
  facet normal 0.15703 -0.987594 0
    outer loop
      vertex 4.71892 56.4734 3
      vertex 4.71892 56.4734 0
      vertex 4.812 56.4882 3
    endloop
  endfacet
  facet normal 0.0933966 -0.995629 0
    outer loop
      vertex 4.90581 56.497 0
      vertex 4.90581 56.497 3
      vertex 4.812 56.4882 0
    endloop
  endfacet
  facet normal 0.0933966 -0.995629 0
    outer loop
      vertex 4.812 56.4882 3
      vertex 4.812 56.4882 0
      vertex 4.90581 56.497 3
    endloop
  endfacet
  facet normal 0.0318344 -0.999493 0
    outer loop
      vertex 5 56.5 0
      vertex 5 56.5 3
      vertex 4.90581 56.497 0
    endloop
  endfacet
  facet normal 0.0318344 -0.999493 0
    outer loop
      vertex 4.90581 56.497 3
      vertex 4.90581 56.497 0
      vertex 5 56.5 3
    endloop
  endfacet
  facet normal -0.0318377 -0.999493 0
    outer loop
      vertex 5.09418 56.497 0
      vertex 5.09418 56.497 3
      vertex 5 56.5 0
    endloop
  endfacet
  facet normal -0.0318377 -0.999493 -0
    outer loop
      vertex 5 56.5 3
      vertex 5 56.5 0
      vertex 5.09418 56.497 3
    endloop
  endfacet
  facet normal -0.0933966 -0.995629 0
    outer loop
      vertex 5.18799 56.4882 0
      vertex 5.18799 56.4882 3
      vertex 5.09418 56.497 0
    endloop
  endfacet
  facet normal -0.0933966 -0.995629 -0
    outer loop
      vertex 5.09418 56.497 3
      vertex 5.09418 56.497 0
      vertex 5.18799 56.4882 3
    endloop
  endfacet
  facet normal -0.15703 -0.987594 0
    outer loop
      vertex 5.28107 56.4734 0
      vertex 5.28107 56.4734 3
      vertex 5.18799 56.4882 0
    endloop
  endfacet
  facet normal -0.15703 -0.987594 -0
    outer loop
      vertex 5.18799 56.4882 3
      vertex 5.18799 56.4882 0
      vertex 5.28107 56.4734 3
    endloop
  endfacet
  facet normal -0.217582 -0.976042 0
    outer loop
      vertex 5.37303 56.4529 0
      vertex 5.37303 56.4529 3
      vertex 5.28107 56.4734 0
    endloop
  endfacet
  facet normal -0.217582 -0.976042 -0
    outer loop
      vertex 5.28107 56.4734 3
      vertex 5.28107 56.4734 0
      vertex 5.37303 56.4529 3
    endloop
  endfacet
  facet normal -0.279091 -0.960265 0
    outer loop
      vertex 5.46352 56.4266 0
      vertex 5.46352 56.4266 3
      vertex 5.37303 56.4529 0
    endloop
  endfacet
  facet normal -0.279091 -0.960265 -0
    outer loop
      vertex 5.37303 56.4529 3
      vertex 5.37303 56.4529 0
      vertex 5.46352 56.4266 3
    endloop
  endfacet
  facet normal -0.33852 -0.940959 0
    outer loop
      vertex 5.55219 56.3947 0
      vertex 5.55219 56.3947 3
      vertex 5.46352 56.4266 0
    endloop
  endfacet
  facet normal -0.33852 -0.940959 -0
    outer loop
      vertex 5.46352 56.4266 3
      vertex 5.46352 56.4266 0
      vertex 5.55219 56.3947 3
    endloop
  endfacet
  facet normal -0.397872 -0.917441 0
    outer loop
      vertex 5.63866 56.3572 0
      vertex 5.63866 56.3572 3
      vertex 5.55219 56.3947 0
    endloop
  endfacet
  facet normal -0.397872 -0.917441 -0
    outer loop
      vertex 5.55219 56.3947 3
      vertex 5.55219 56.3947 0
      vertex 5.63866 56.3572 3
    endloop
  endfacet
  facet normal -0.453275 -0.891371 0
    outer loop
      vertex 5.72263 56.3145 0
      vertex 5.72263 56.3145 3
      vertex 5.63866 56.3572 0
    endloop
  endfacet
  facet normal -0.453275 -0.891371 -0
    outer loop
      vertex 5.63866 56.3572 3
      vertex 5.63866 56.3572 0
      vertex 5.72263 56.3145 3
    endloop
  endfacet
  facet normal -0.509337 -0.860567 0
    outer loop
      vertex 5.80373 56.2665 0
      vertex 5.80373 56.2665 3
      vertex 5.72263 56.3145 0
    endloop
  endfacet
  facet normal -0.509337 -0.860567 -0
    outer loop
      vertex 5.72263 56.3145 3
      vertex 5.72263 56.3145 0
      vertex 5.80373 56.2665 3
    endloop
  endfacet
  facet normal -0.562316 -0.826923 0
    outer loop
      vertex 5.88167 56.2135 0
      vertex 5.88167 56.2135 3
      vertex 5.80373 56.2665 0
    endloop
  endfacet
  facet normal -0.562316 -0.826923 -0
    outer loop
      vertex 5.80373 56.2665 3
      vertex 5.80373 56.2665 0
      vertex 5.88167 56.2135 3
    endloop
  endfacet
  facet normal -0.612529 -0.790448 0
    outer loop
      vertex 5.95613 56.1558 0
      vertex 5.95613 56.1558 3
      vertex 5.88167 56.2135 0
    endloop
  endfacet
  facet normal -0.612529 -0.790448 -0
    outer loop
      vertex 5.88167 56.2135 3
      vertex 5.88167 56.2135 0
      vertex 5.95613 56.1558 3
    endloop
  endfacet
  facet normal -0.661832 -0.749652 0
    outer loop
      vertex 6.02681 56.0934 0
      vertex 6.02681 56.0934 3
      vertex 5.95613 56.1558 0
    endloop
  endfacet
  facet normal -0.661832 -0.749652 -0
    outer loop
      vertex 5.95613 56.1558 3
      vertex 5.95613 56.1558 0
      vertex 6.02681 56.0934 3
    endloop
  endfacet
  facet normal -0.706948 -0.707266 0
    outer loop
      vertex 6.09344 56.0268 0
      vertex 6.09344 56.0268 3
      vertex 6.02681 56.0934 0
    endloop
  endfacet
  facet normal -0.706948 -0.707266 -0
    outer loop
      vertex 6.02681 56.0934 3
      vertex 6.02681 56.0934 0
      vertex 6.09344 56.0268 3
    endloop
  endfacet
  facet normal -0.750166 -0.66125 0
    outer loop
      vertex 6.15576 55.9561 0
      vertex 6.15576 55.9561 3
      vertex 6.09344 56.0268 0
    endloop
  endfacet
  facet normal -0.750166 -0.66125 -0
    outer loop
      vertex 6.09344 56.0268 3
      vertex 6.09344 56.0268 0
      vertex 6.15576 55.9561 3
    endloop
  endfacet
  facet normal -0.789901 -0.613235 0
    outer loop
      vertex 6.21352 55.8817 0
      vertex 6.21352 55.8817 3
      vertex 6.15576 55.9561 0
    endloop
  endfacet
  facet normal -0.789901 -0.613235 -0
    outer loop
      vertex 6.15576 55.9561 3
      vertex 6.15576 55.9561 0
      vertex 6.21352 55.8817 3
    endloop
  endfacet
  facet normal -0.827321 -0.56173 0
    outer loop
      vertex 6.26648 55.8037 0
      vertex 6.26648 55.8037 3
      vertex 6.21352 55.8817 0
    endloop
  endfacet
  facet normal -0.827321 -0.56173 -0
    outer loop
      vertex 6.21352 55.8817 3
      vertex 6.21352 55.8817 0
      vertex 6.26648 55.8037 3
    endloop
  endfacet
  facet normal -0.860707 -0.509101 0
    outer loop
      vertex 6.31445 55.7226 0
      vertex 6.31445 55.7226 3
      vertex 6.26648 55.8037 0
    endloop
  endfacet
  facet normal -0.860707 -0.509101 -0
    outer loop
      vertex 6.26648 55.8037 3
      vertex 6.26648 55.8037 0
      vertex 6.31445 55.7226 3
    endloop
  endfacet
  facet normal -0.890831 -0.454335 0
    outer loop
      vertex 6.35724 55.6387 0
      vertex 6.35724 55.6387 3
      vertex 6.31445 55.7226 0
    endloop
  endfacet
  facet normal -0.890831 -0.454335 -0
    outer loop
      vertex 6.31445 55.7226 3
      vertex 6.31445 55.7226 0
      vertex 6.35724 55.6387 3
    endloop
  endfacet
  facet normal -0.917839 -0.396952 0
    outer loop
      vertex 6.39465 55.5522 0
      vertex 6.39465 55.5522 3
      vertex 6.35724 55.6387 0
    endloop
  endfacet
  facet normal -0.917839 -0.396952 -0
    outer loop
      vertex 6.35724 55.6387 3
      vertex 6.35724 55.6387 0
      vertex 6.39465 55.5522 3
    endloop
  endfacet
  facet normal -0.940928 -0.338607 0
    outer loop
      vertex 6.42657 55.4635 0
      vertex 6.42657 55.4635 3
      vertex 6.39465 55.5522 0
    endloop
  endfacet
  facet normal -0.940928 -0.338607 -0
    outer loop
      vertex 6.39465 55.5522 3
      vertex 6.39465 55.5522 0
      vertex 6.42657 55.4635 3
    endloop
  endfacet
  facet normal -0.960273 -0.279063 0
    outer loop
      vertex 6.45287 55.373 0
      vertex 6.45287 55.373 3
      vertex 6.42657 55.4635 0
    endloop
  endfacet
  facet normal -0.960273 -0.279063 -0
    outer loop
      vertex 6.42657 55.4635 3
      vertex 6.42657 55.4635 0
      vertex 6.45287 55.373 3
    endloop
  endfacet
  facet normal -0.975899 -0.218223 0
    outer loop
      vertex 6.47342 55.2811 0
      vertex 6.47342 55.2811 3
      vertex 6.45287 55.373 0
    endloop
  endfacet
  facet normal -0.975899 -0.218223 -0
    outer loop
      vertex 6.45287 55.373 3
      vertex 6.45287 55.373 0
      vertex 6.47342 55.2811 3
    endloop
  endfacet
  facet normal -0.987698 -0.156377 0
    outer loop
      vertex 6.48816 55.188 0
      vertex 6.48816 55.188 3
      vertex 6.47342 55.2811 0
    endloop
  endfacet
  facet normal -0.987698 -0.156377 -0
    outer loop
      vertex 6.47342 55.2811 3
      vertex 6.47342 55.2811 0
      vertex 6.48816 55.188 3
    endloop
  endfacet
  facet normal -0.995549 -0.0942481 0
    outer loop
      vertex 6.49704 55.0942 0
      vertex 6.49704 55.0942 3
      vertex 6.48816 55.188 0
    endloop
  endfacet
  facet normal -0.995549 -0.0942481 -0
    outer loop
      vertex 6.48816 55.188 3
      vertex 6.48816 55.188 0
      vertex 6.49704 55.0942 3
    endloop
  endfacet
  facet normal -0.999507 -0.031407 0
    outer loop
      vertex 6.5 55 0
      vertex 6.5 55 3
      vertex 6.49704 55.0942 0
    endloop
  endfacet
  facet normal -0.999507 -0.031407 -0
    outer loop
      vertex 6.49704 55.0942 3
      vertex 6.49704 55.0942 0
      vertex 6.5 55 3
    endloop
  endfacet
  facet normal -0.999507 0.031407 0
    outer loop
      vertex 6.49704 54.9058 0
      vertex 6.49704 54.9058 3
      vertex 6.5 55 0
    endloop
  endfacet
  facet normal -0.999507 0.031407 0
    outer loop
      vertex 6.5 55 3
      vertex 6.5 55 0
      vertex 6.49704 54.9058 3
    endloop
  endfacet
  facet normal -0.995549 0.0942481 0
    outer loop
      vertex 6.48816 54.812 0
      vertex 6.48816 54.812 3
      vertex 6.49704 54.9058 0
    endloop
  endfacet
  facet normal -0.995549 0.0942481 0
    outer loop
      vertex 6.49704 54.9058 3
      vertex 6.49704 54.9058 0
      vertex 6.48816 54.812 3
    endloop
  endfacet
  facet normal -0.987698 0.156377 0
    outer loop
      vertex 6.47342 54.7189 0
      vertex 6.47342 54.7189 3
      vertex 6.48816 54.812 0
    endloop
  endfacet
  facet normal -0.987698 0.156377 0
    outer loop
      vertex 6.48816 54.812 3
      vertex 6.48816 54.812 0
      vertex 6.47342 54.7189 3
    endloop
  endfacet
  facet normal -0.975899 0.218223 0
    outer loop
      vertex 6.45287 54.627 0
      vertex 6.45287 54.627 3
      vertex 6.47342 54.7189 0
    endloop
  endfacet
  facet normal -0.975899 0.218223 0
    outer loop
      vertex 6.47342 54.7189 3
      vertex 6.47342 54.7189 0
      vertex 6.45287 54.627 3
    endloop
  endfacet
  facet normal -0.960273 0.279063 0
    outer loop
      vertex 6.42657 54.5365 0
      vertex 6.42657 54.5365 3
      vertex 6.45287 54.627 0
    endloop
  endfacet
  facet normal -0.960273 0.279063 0
    outer loop
      vertex 6.45287 54.627 3
      vertex 6.45287 54.627 0
      vertex 6.42657 54.5365 3
    endloop
  endfacet
  facet normal -0.940928 0.338607 0
    outer loop
      vertex 6.39465 54.4478 0
      vertex 6.39465 54.4478 3
      vertex 6.42657 54.5365 0
    endloop
  endfacet
  facet normal -0.940928 0.338607 0
    outer loop
      vertex 6.42657 54.5365 3
      vertex 6.42657 54.5365 0
      vertex 6.39465 54.4478 3
    endloop
  endfacet
  facet normal -0.917839 0.396952 0
    outer loop
      vertex 6.35724 54.3613 0
      vertex 6.35724 54.3613 3
      vertex 6.39465 54.4478 0
    endloop
  endfacet
  facet normal -0.917839 0.396952 0
    outer loop
      vertex 6.39465 54.4478 3
      vertex 6.39465 54.4478 0
      vertex 6.35724 54.3613 3
    endloop
  endfacet
  facet normal -0.890831 0.454335 0
    outer loop
      vertex 6.31445 54.2774 0
      vertex 6.31445 54.2774 3
      vertex 6.35724 54.3613 0
    endloop
  endfacet
  facet normal -0.890831 0.454335 0
    outer loop
      vertex 6.35724 54.3613 3
      vertex 6.35724 54.3613 0
      vertex 6.31445 54.2774 3
    endloop
  endfacet
  facet normal -0.860707 0.509101 0
    outer loop
      vertex 6.26648 54.1963 0
      vertex 6.26648 54.1963 3
      vertex 6.31445 54.2774 0
    endloop
  endfacet
  facet normal -0.860707 0.509101 0
    outer loop
      vertex 6.31445 54.2774 3
      vertex 6.31445 54.2774 0
      vertex 6.26648 54.1963 3
    endloop
  endfacet
  facet normal -0.827321 0.56173 0
    outer loop
      vertex 6.21352 54.1183 0
      vertex 6.21352 54.1183 3
      vertex 6.26648 54.1963 0
    endloop
  endfacet
  facet normal -0.827321 0.56173 0
    outer loop
      vertex 6.26648 54.1963 3
      vertex 6.26648 54.1963 0
      vertex 6.21352 54.1183 3
    endloop
  endfacet
  facet normal -0.789901 0.613235 0
    outer loop
      vertex 6.15576 54.0439 0
      vertex 6.15576 54.0439 3
      vertex 6.21352 54.1183 0
    endloop
  endfacet
  facet normal -0.789901 0.613235 0
    outer loop
      vertex 6.21352 54.1183 3
      vertex 6.21352 54.1183 0
      vertex 6.15576 54.0439 3
    endloop
  endfacet
  facet normal -0.750166 0.66125 0
    outer loop
      vertex 6.09344 53.9732 0
      vertex 6.09344 53.9732 3
      vertex 6.15576 54.0439 0
    endloop
  endfacet
  facet normal -0.750166 0.66125 0
    outer loop
      vertex 6.15576 54.0439 3
      vertex 6.15576 54.0439 0
      vertex 6.09344 53.9732 3
    endloop
  endfacet
  facet normal -0.707478 0.706735 0
    outer loop
      vertex 6.02681 53.9065 0
      vertex 6.02681 53.9065 3
      vertex 6.09344 53.9732 0
    endloop
  endfacet
  facet normal -0.707478 0.706735 0
    outer loop
      vertex 6.09344 53.9732 3
      vertex 6.09344 53.9732 0
      vertex 6.02681 53.9065 3
    endloop
  endfacet
  facet normal -0.661235 0.750178 0
    outer loop
      vertex 5.95613 53.8442 0
      vertex 5.95613 53.8442 3
      vertex 6.02681 53.9065 0
    endloop
  endfacet
  facet normal -0.661235 0.750178 0
    outer loop
      vertex 6.02681 53.9065 3
      vertex 6.02681 53.9065 0
      vertex 5.95613 53.8442 3
    endloop
  endfacet
  facet normal -0.612529 0.790448 0
    outer loop
      vertex 5.88167 53.7865 0
      vertex 5.88167 53.7865 3
      vertex 5.95613 53.8442 0
    endloop
  endfacet
  facet normal -0.612529 0.790448 0
    outer loop
      vertex 5.95613 53.8442 3
      vertex 5.95613 53.8442 0
      vertex 5.88167 53.7865 3
    endloop
  endfacet
  facet normal -0.562316 0.826923 0
    outer loop
      vertex 5.80373 53.7335 0
      vertex 5.80373 53.7335 3
      vertex 5.88167 53.7865 0
    endloop
  endfacet
  facet normal -0.562316 0.826923 0
    outer loop
      vertex 5.88167 53.7865 3
      vertex 5.88167 53.7865 0
      vertex 5.80373 53.7335 3
    endloop
  endfacet
  facet normal -0.509337 0.860567 0
    outer loop
      vertex 5.72263 53.6855 0
      vertex 5.72263 53.6855 3
      vertex 5.80373 53.7335 0
    endloop
  endfacet
  facet normal -0.509337 0.860567 0
    outer loop
      vertex 5.80373 53.7335 3
      vertex 5.80373 53.7335 0
      vertex 5.72263 53.6855 3
    endloop
  endfacet
  facet normal -0.454118 0.890942 0
    outer loop
      vertex 5.63866 53.6427 0
      vertex 5.63866 53.6427 3
      vertex 5.72263 53.6855 0
    endloop
  endfacet
  facet normal -0.454118 0.890942 0
    outer loop
      vertex 5.72263 53.6855 3
      vertex 5.72263 53.6855 0
      vertex 5.63866 53.6427 3
    endloop
  endfacet
  facet normal -0.396979 0.917828 0
    outer loop
      vertex 5.55219 53.6053 0
      vertex 5.55219 53.6053 3
      vertex 5.63866 53.6427 0
    endloop
  endfacet
  facet normal -0.396979 0.917828 0
    outer loop
      vertex 5.63866 53.6427 3
      vertex 5.63866 53.6427 0
      vertex 5.55219 53.6053 3
    endloop
  endfacet
  facet normal -0.33852 0.940959 0
    outer loop
      vertex 5.46352 53.5734 0
      vertex 5.46352 53.5734 3
      vertex 5.55219 53.6053 0
    endloop
  endfacet
  facet normal -0.33852 0.940959 0
    outer loop
      vertex 5.55219 53.6053 3
      vertex 5.55219 53.6053 0
      vertex 5.46352 53.5734 3
    endloop
  endfacet
  facet normal -0.279091 0.960265 0
    outer loop
      vertex 5.37303 53.5471 0
      vertex 5.37303 53.5471 3
      vertex 5.46352 53.5734 0
    endloop
  endfacet
  facet normal -0.279091 0.960265 0
    outer loop
      vertex 5.46352 53.5734 3
      vertex 5.46352 53.5734 0
      vertex 5.37303 53.5471 3
    endloop
  endfacet
  facet normal -0.217582 0.976042 0
    outer loop
      vertex 5.28107 53.5266 0
      vertex 5.28107 53.5266 3
      vertex 5.37303 53.5471 0
    endloop
  endfacet
  facet normal -0.217582 0.976042 0
    outer loop
      vertex 5.37303 53.5471 3
      vertex 5.37303 53.5471 0
      vertex 5.28107 53.5266 3
    endloop
  endfacet
  facet normal -0.15703 0.987594 0
    outer loop
      vertex 5.18799 53.5118 0
      vertex 5.18799 53.5118 3
      vertex 5.28107 53.5266 0
    endloop
  endfacet
  facet normal -0.15703 0.987594 0
    outer loop
      vertex 5.28107 53.5266 3
      vertex 5.28107 53.5266 0
      vertex 5.18799 53.5118 3
    endloop
  endfacet
  facet normal -0.0944485 0.99553 0
    outer loop
      vertex 5.09418 53.5029 0
      vertex 5.09418 53.5029 3
      vertex 5.18799 53.5118 0
    endloop
  endfacet
  facet normal -0.0944485 0.99553 0
    outer loop
      vertex 5.18799 53.5118 3
      vertex 5.18799 53.5118 0
      vertex 5.09418 53.5029 3
    endloop
  endfacet
  facet normal -0.0307775 0.999526 0
    outer loop
      vertex 5 53.5 0
      vertex 5 53.5 3
      vertex 5.09418 53.5029 0
    endloop
  endfacet
  facet normal -0.0307775 0.999526 0
    outer loop
      vertex 5.09418 53.5029 3
      vertex 5.09418 53.5029 0
      vertex 5 53.5 3
    endloop
  endfacet
  facet normal 0.0307742 0.999526 -0
    outer loop
      vertex 4.90581 53.5029 0
      vertex 4.90581 53.5029 3
      vertex 5 53.5 0
    endloop
  endfacet
  facet normal 0.0307742 0.999526 0
    outer loop
      vertex 5 53.5 3
      vertex 5 53.5 0
      vertex 4.90581 53.5029 3
    endloop
  endfacet
  facet normal 0.0944585 0.995529 -0
    outer loop
      vertex 24.812 53.5118 0
      vertex 24.812 53.5118 3
      vertex 24.9058 53.5029 0
    endloop
  endfacet
  facet normal 0.0944585 0.995529 0
    outer loop
      vertex 24.9058 53.5029 3
      vertex 24.9058 53.5029 0
      vertex 24.812 53.5118 3
    endloop
  endfacet
  facet normal 0.156997 0.987599 -0
    outer loop
      vertex 24.7189 53.5266 0
      vertex 24.7189 53.5266 3
      vertex 24.812 53.5118 0
    endloop
  endfacet
  facet normal 0.156997 0.987599 0
    outer loop
      vertex 24.812 53.5118 3
      vertex 24.812 53.5118 0
      vertex 24.7189 53.5266 3
    endloop
  endfacet
  facet normal 0.217718 0.976012 -0
    outer loop
      vertex 24.627 53.5471 0
      vertex 24.627 53.5471 3
      vertex 24.7189 53.5266 0
    endloop
  endfacet
  facet normal 0.217718 0.976012 0
    outer loop
      vertex 24.7189 53.5266 3
      vertex 24.7189 53.5266 0
      vertex 24.627 53.5471 3
    endloop
  endfacet
  facet normal 0.279063 0.960273 -0
    outer loop
      vertex 24.5365 53.5734 0
      vertex 24.5365 53.5734 3
      vertex 24.627 53.5471 0
    endloop
  endfacet
  facet normal 0.279063 0.960273 0
    outer loop
      vertex 24.627 53.5471 3
      vertex 24.627 53.5471 0
      vertex 24.5365 53.5734 3
    endloop
  endfacet
  facet normal 0.338419 0.940996 -0
    outer loop
      vertex 24.4478 53.6053 0
      vertex 24.4478 53.6053 3
      vertex 24.5365 53.5734 0
    endloop
  endfacet
  facet normal 0.338419 0.940996 0
    outer loop
      vertex 24.5365 53.5734 3
      vertex 24.5365 53.5734 0
      vertex 24.4478 53.6053 3
    endloop
  endfacet
  facet normal 0.396863 0.917878 -0
    outer loop
      vertex 24.3613 53.6427 0
      vertex 24.3613 53.6427 3
      vertex 24.4478 53.6053 0
    endloop
  endfacet
  facet normal 0.396863 0.917878 0
    outer loop
      vertex 24.4478 53.6053 3
      vertex 24.4478 53.6053 0
      vertex 24.3613 53.6427 3
    endloop
  endfacet
  facet normal 0.454419 0.890788 -0
    outer loop
      vertex 24.2774 53.6855 0
      vertex 24.2774 53.6855 3
      vertex 24.3613 53.6427 0
    endloop
  endfacet
  facet normal 0.454419 0.890788 0
    outer loop
      vertex 24.3613 53.6427 3
      vertex 24.3613 53.6427 0
      vertex 24.2774 53.6855 3
    endloop
  endfacet
  facet normal 0.509337 0.860567 -0
    outer loop
      vertex 24.1963 53.7335 0
      vertex 24.1963 53.7335 3
      vertex 24.2774 53.6855 0
    endloop
  endfacet
  facet normal 0.509337 0.860567 0
    outer loop
      vertex 24.2774 53.6855 3
      vertex 24.2774 53.6855 0
      vertex 24.1963 53.7335 3
    endloop
  endfacet
  facet normal 0.56202 0.827124 -0
    outer loop
      vertex 24.1183 53.7865 0
      vertex 24.1183 53.7865 3
      vertex 24.1963 53.7335 0
    endloop
  endfacet
  facet normal 0.56202 0.827124 0
    outer loop
      vertex 24.1963 53.7335 3
      vertex 24.1963 53.7335 0
      vertex 24.1183 53.7865 3
    endloop
  endfacet
  facet normal 0.612837 0.790209 -0
    outer loop
      vertex 24.0439 53.8442 0
      vertex 24.0439 53.8442 3
      vertex 24.1183 53.7865 0
    endloop
  endfacet
  facet normal 0.612837 0.790209 0
    outer loop
      vertex 24.1183 53.7865 3
      vertex 24.1183 53.7865 0
      vertex 24.0439 53.8442 3
    endloop
  endfacet
  facet normal 0.66113 0.750271 -0
    outer loop
      vertex 23.9732 53.9065 0
      vertex 23.9732 53.9065 3
      vertex 24.0439 53.8442 0
    endloop
  endfacet
  facet normal 0.66113 0.750271 0
    outer loop
      vertex 24.0439 53.8442 3
      vertex 24.0439 53.8442 0
      vertex 23.9732 53.9065 3
    endloop
  endfacet
  facet normal 0.707107 0.707107 -0
    outer loop
      vertex 23.9065 53.9732 0
      vertex 23.9065 53.9732 3
      vertex 23.9732 53.9065 0
    endloop
  endfacet
  facet normal 0.707107 0.707107 0
    outer loop
      vertex 23.9732 53.9065 3
      vertex 23.9732 53.9065 0
      vertex 23.9065 53.9732 3
    endloop
  endfacet
  facet normal 0.750271 0.66113 -0
    outer loop
      vertex 23.8442 54.0439 0
      vertex 23.8442 54.0439 3
      vertex 23.9065 53.9732 0
    endloop
  endfacet
  facet normal 0.750271 0.66113 0
    outer loop
      vertex 23.9065 53.9732 3
      vertex 23.9065 53.9732 0
      vertex 23.8442 54.0439 3
    endloop
  endfacet
  facet normal 0.790209 0.612837 -0
    outer loop
      vertex 23.7865 54.1183 0
      vertex 23.7865 54.1183 3
      vertex 23.8442 54.0439 0
    endloop
  endfacet
  facet normal 0.790209 0.612837 0
    outer loop
      vertex 23.8442 54.0439 3
      vertex 23.8442 54.0439 0
      vertex 23.7865 54.1183 3
    endloop
  endfacet
  facet normal 0.827124 0.56202 -0
    outer loop
      vertex 23.7335 54.1963 0
      vertex 23.7335 54.1963 3
      vertex 23.7865 54.1183 0
    endloop
  endfacet
  facet normal 0.827124 0.56202 0
    outer loop
      vertex 23.7865 54.1183 3
      vertex 23.7865 54.1183 0
      vertex 23.7335 54.1963 3
    endloop
  endfacet
  facet normal 0.860567 0.509337 -0
    outer loop
      vertex 23.6855 54.2774 0
      vertex 23.6855 54.2774 3
      vertex 23.7335 54.1963 0
    endloop
  endfacet
  facet normal 0.860567 0.509337 0
    outer loop
      vertex 23.7335 54.1963 3
      vertex 23.7335 54.1963 0
      vertex 23.6855 54.2774 3
    endloop
  endfacet
  facet normal 0.890788 0.454419 -0
    outer loop
      vertex 23.6427 54.3613 0
      vertex 23.6427 54.3613 3
      vertex 23.6855 54.2774 0
    endloop
  endfacet
  facet normal 0.890788 0.454419 0
    outer loop
      vertex 23.6855 54.2774 3
      vertex 23.6855 54.2774 0
      vertex 23.6427 54.3613 3
    endloop
  endfacet
  facet normal 0.917878 0.396863 -0
    outer loop
      vertex 23.6053 54.4478 0
      vertex 23.6053 54.4478 3
      vertex 23.6427 54.3613 0
    endloop
  endfacet
  facet normal 0.917878 0.396863 0
    outer loop
      vertex 23.6427 54.3613 3
      vertex 23.6427 54.3613 0
      vertex 23.6053 54.4478 3
    endloop
  endfacet
  facet normal 0.940996 0.338419 -0
    outer loop
      vertex 23.5734 54.5365 0
      vertex 23.5734 54.5365 3
      vertex 23.6053 54.4478 0
    endloop
  endfacet
  facet normal 0.940996 0.338419 0
    outer loop
      vertex 23.6053 54.4478 3
      vertex 23.6053 54.4478 0
      vertex 23.5734 54.5365 3
    endloop
  endfacet
  facet normal 0.960273 0.279063 -0
    outer loop
      vertex 23.5471 54.627 0
      vertex 23.5471 54.627 3
      vertex 23.5734 54.5365 0
    endloop
  endfacet
  facet normal 0.960273 0.279063 0
    outer loop
      vertex 23.5734 54.5365 3
      vertex 23.5734 54.5365 0
      vertex 23.5471 54.627 3
    endloop
  endfacet
  facet normal 0.976012 0.217718 -0
    outer loop
      vertex 23.5266 54.7189 0
      vertex 23.5266 54.7189 3
      vertex 23.5471 54.627 0
    endloop
  endfacet
  facet normal 0.976012 0.217718 0
    outer loop
      vertex 23.5471 54.627 3
      vertex 23.5471 54.627 0
      vertex 23.5266 54.7189 3
    endloop
  endfacet
  facet normal 0.987599 0.156997 -0
    outer loop
      vertex 23.5118 54.812 0
      vertex 23.5118 54.812 3
      vertex 23.5266 54.7189 0
    endloop
  endfacet
  facet normal 0.987599 0.156997 0
    outer loop
      vertex 23.5266 54.7189 3
      vertex 23.5266 54.7189 0
      vertex 23.5118 54.812 3
    endloop
  endfacet
  facet normal 0.995529 0.0944585 -0
    outer loop
      vertex 23.5029 54.9058 0
      vertex 23.5029 54.9058 3
      vertex 23.5118 54.812 0
    endloop
  endfacet
  facet normal 0.995529 0.0944585 0
    outer loop
      vertex 23.5118 54.812 3
      vertex 23.5118 54.812 0
      vertex 23.5029 54.9058 3
    endloop
  endfacet
  facet normal 0.999526 0.030771 -0
    outer loop
      vertex 23.5 55 0
      vertex 23.5 55 3
      vertex 23.5029 54.9058 0
    endloop
  endfacet
  facet normal 0.999526 0.030771 0
    outer loop
      vertex 23.5029 54.9058 3
      vertex 23.5029 54.9058 0
      vertex 23.5 55 3
    endloop
  endfacet
  facet normal 0.999526 -0.030771 0
    outer loop
      vertex 23.5029 55.0942 0
      vertex 23.5029 55.0942 3
      vertex 23.5 55 0
    endloop
  endfacet
  facet normal 0.999526 -0.030771 0
    outer loop
      vertex 23.5 55 3
      vertex 23.5 55 0
      vertex 23.5029 55.0942 3
    endloop
  endfacet
  facet normal 0.995529 -0.0944585 0
    outer loop
      vertex 23.5118 55.188 0
      vertex 23.5118 55.188 3
      vertex 23.5029 55.0942 0
    endloop
  endfacet
  facet normal 0.995529 -0.0944585 0
    outer loop
      vertex 23.5029 55.0942 3
      vertex 23.5029 55.0942 0
      vertex 23.5118 55.188 3
    endloop
  endfacet
  facet normal 0.987599 -0.156997 0
    outer loop
      vertex 23.5266 55.2811 0
      vertex 23.5266 55.2811 3
      vertex 23.5118 55.188 0
    endloop
  endfacet
  facet normal 0.987599 -0.156997 0
    outer loop
      vertex 23.5118 55.188 3
      vertex 23.5118 55.188 0
      vertex 23.5266 55.2811 3
    endloop
  endfacet
  facet normal 0.976012 -0.217718 0
    outer loop
      vertex 23.5471 55.373 0
      vertex 23.5471 55.373 3
      vertex 23.5266 55.2811 0
    endloop
  endfacet
  facet normal 0.976012 -0.217718 0
    outer loop
      vertex 23.5266 55.2811 3
      vertex 23.5266 55.2811 0
      vertex 23.5471 55.373 3
    endloop
  endfacet
  facet normal 0.960273 -0.279063 0
    outer loop
      vertex 23.5734 55.4635 0
      vertex 23.5734 55.4635 3
      vertex 23.5471 55.373 0
    endloop
  endfacet
  facet normal 0.960273 -0.279063 0
    outer loop
      vertex 23.5471 55.373 3
      vertex 23.5471 55.373 0
      vertex 23.5734 55.4635 3
    endloop
  endfacet
  facet normal 0.940996 -0.338419 0
    outer loop
      vertex 23.6053 55.5522 0
      vertex 23.6053 55.5522 3
      vertex 23.5734 55.4635 0
    endloop
  endfacet
  facet normal 0.940996 -0.338419 0
    outer loop
      vertex 23.5734 55.4635 3
      vertex 23.5734 55.4635 0
      vertex 23.6053 55.5522 3
    endloop
  endfacet
  facet normal 0.917878 -0.396863 0
    outer loop
      vertex 23.6427 55.6387 0
      vertex 23.6427 55.6387 3
      vertex 23.6053 55.5522 0
    endloop
  endfacet
  facet normal 0.917878 -0.396863 0
    outer loop
      vertex 23.6053 55.5522 3
      vertex 23.6053 55.5522 0
      vertex 23.6427 55.6387 3
    endloop
  endfacet
  facet normal 0.890788 -0.454419 0
    outer loop
      vertex 23.6855 55.7226 0
      vertex 23.6855 55.7226 3
      vertex 23.6427 55.6387 0
    endloop
  endfacet
  facet normal 0.890788 -0.454419 0
    outer loop
      vertex 23.6427 55.6387 3
      vertex 23.6427 55.6387 0
      vertex 23.6855 55.7226 3
    endloop
  endfacet
  facet normal 0.860567 -0.509337 0
    outer loop
      vertex 23.7335 55.8037 0
      vertex 23.7335 55.8037 3
      vertex 23.6855 55.7226 0
    endloop
  endfacet
  facet normal 0.860567 -0.509337 0
    outer loop
      vertex 23.6855 55.7226 3
      vertex 23.6855 55.7226 0
      vertex 23.7335 55.8037 3
    endloop
  endfacet
  facet normal 0.827124 -0.56202 0
    outer loop
      vertex 23.7865 55.8817 0
      vertex 23.7865 55.8817 3
      vertex 23.7335 55.8037 0
    endloop
  endfacet
  facet normal 0.827124 -0.56202 0
    outer loop
      vertex 23.7335 55.8037 3
      vertex 23.7335 55.8037 0
      vertex 23.7865 55.8817 3
    endloop
  endfacet
  facet normal 0.790209 -0.612837 0
    outer loop
      vertex 23.8442 55.9561 0
      vertex 23.8442 55.9561 3
      vertex 23.7865 55.8817 0
    endloop
  endfacet
  facet normal 0.790209 -0.612837 0
    outer loop
      vertex 23.7865 55.8817 3
      vertex 23.7865 55.8817 0
      vertex 23.8442 55.9561 3
    endloop
  endfacet
  facet normal 0.750271 -0.66113 0
    outer loop
      vertex 23.9065 56.0268 0
      vertex 23.9065 56.0268 3
      vertex 23.8442 55.9561 0
    endloop
  endfacet
  facet normal 0.750271 -0.66113 0
    outer loop
      vertex 23.8442 55.9561 3
      vertex 23.8442 55.9561 0
      vertex 23.9065 56.0268 3
    endloop
  endfacet
  facet normal 0.706576 -0.707637 0
    outer loop
      vertex 23.9732 56.0934 0
      vertex 23.9732 56.0934 3
      vertex 23.9065 56.0268 0
    endloop
  endfacet
  facet normal 0.706576 -0.707637 0
    outer loop
      vertex 23.9065 56.0268 3
      vertex 23.9065 56.0268 0
      vertex 23.9732 56.0934 3
    endloop
  endfacet
  facet normal 0.661727 -0.749745 0
    outer loop
      vertex 24.0439 56.1558 0
      vertex 24.0439 56.1558 3
      vertex 23.9732 56.0934 0
    endloop
  endfacet
  facet normal 0.661727 -0.749745 0
    outer loop
      vertex 23.9732 56.0934 3
      vertex 23.9732 56.0934 0
      vertex 24.0439 56.1558 3
    endloop
  endfacet
  facet normal 0.612837 -0.790209 0
    outer loop
      vertex 24.1183 56.2135 0
      vertex 24.1183 56.2135 3
      vertex 24.0439 56.1558 0
    endloop
  endfacet
  facet normal 0.612837 -0.790209 0
    outer loop
      vertex 24.0439 56.1558 3
      vertex 24.0439 56.1558 0
      vertex 24.1183 56.2135 3
    endloop
  endfacet
  facet normal 0.56202 -0.827124 0
    outer loop
      vertex 24.1963 56.2665 0
      vertex 24.1963 56.2665 3
      vertex 24.1183 56.2135 0
    endloop
  endfacet
  facet normal 0.56202 -0.827124 0
    outer loop
      vertex 24.1183 56.2135 3
      vertex 24.1183 56.2135 0
      vertex 24.1963 56.2665 3
    endloop
  endfacet
  facet normal 0.509337 -0.860567 0
    outer loop
      vertex 24.2774 56.3145 0
      vertex 24.2774 56.3145 3
      vertex 24.1963 56.2665 0
    endloop
  endfacet
  facet normal 0.509337 -0.860567 0
    outer loop
      vertex 24.1963 56.2665 3
      vertex 24.1963 56.2665 0
      vertex 24.2774 56.3145 3
    endloop
  endfacet
  facet normal 0.453576 -0.891218 0
    outer loop
      vertex 24.3613 56.3572 0
      vertex 24.3613 56.3572 3
      vertex 24.2774 56.3145 0
    endloop
  endfacet
  facet normal 0.453576 -0.891218 0
    outer loop
      vertex 24.2774 56.3145 3
      vertex 24.2774 56.3145 0
      vertex 24.3613 56.3572 3
    endloop
  endfacet
  facet normal 0.397756 -0.917491 0
    outer loop
      vertex 24.4478 56.3947 0
      vertex 24.4478 56.3947 3
      vertex 24.3613 56.3572 0
    endloop
  endfacet
  facet normal 0.397756 -0.917491 0
    outer loop
      vertex 24.3613 56.3572 3
      vertex 24.3613 56.3572 0
      vertex 24.4478 56.3947 3
    endloop
  endfacet
  facet normal 0.338419 -0.940996 0
    outer loop
      vertex 24.5365 56.4266 0
      vertex 24.5365 56.4266 3
      vertex 24.4478 56.3947 0
    endloop
  endfacet
  facet normal 0.338419 -0.940996 0
    outer loop
      vertex 24.4478 56.3947 3
      vertex 24.4478 56.3947 0
      vertex 24.5365 56.4266 3
    endloop
  endfacet
  facet normal 0.279063 -0.960273 0
    outer loop
      vertex 24.627 56.4529 0
      vertex 24.627 56.4529 3
      vertex 24.5365 56.4266 0
    endloop
  endfacet
  facet normal 0.279063 -0.960273 0
    outer loop
      vertex 24.5365 56.4266 3
      vertex 24.5365 56.4266 0
      vertex 24.627 56.4529 3
    endloop
  endfacet
  facet normal 0.217718 -0.976012 0
    outer loop
      vertex 24.7189 56.4734 0
      vertex 24.7189 56.4734 3
      vertex 24.627 56.4529 0
    endloop
  endfacet
  facet normal 0.217718 -0.976012 0
    outer loop
      vertex 24.627 56.4529 3
      vertex 24.627 56.4529 0
      vertex 24.7189 56.4734 3
    endloop
  endfacet
  facet normal 0.156997 -0.987599 0
    outer loop
      vertex 24.812 56.4882 0
      vertex 24.812 56.4882 3
      vertex 24.7189 56.4734 0
    endloop
  endfacet
  facet normal 0.156997 -0.987599 0
    outer loop
      vertex 24.7189 56.4734 3
      vertex 24.7189 56.4734 0
      vertex 24.812 56.4882 3
    endloop
  endfacet
  facet normal 0.0934065 -0.995628 0
    outer loop
      vertex 24.9058 56.497 0
      vertex 24.9058 56.497 3
      vertex 24.812 56.4882 0
    endloop
  endfacet
  facet normal 0.0934065 -0.995628 0
    outer loop
      vertex 24.812 56.4882 3
      vertex 24.812 56.4882 0
      vertex 24.9058 56.497 3
    endloop
  endfacet
  facet normal 0.031831 -0.999493 0
    outer loop
      vertex 25 56.5 0
      vertex 25 56.5 3
      vertex 24.9058 56.497 0
    endloop
  endfacet
  facet normal 0.031831 -0.999493 0
    outer loop
      vertex 24.9058 56.497 3
      vertex 24.9058 56.497 0
      vertex 25 56.5 3
    endloop
  endfacet
  facet normal -0.031831 -0.999493 0
    outer loop
      vertex 25.0942 56.497 0
      vertex 25.0942 56.497 3
      vertex 25 56.5 0
    endloop
  endfacet
  facet normal -0.031831 -0.999493 -0
    outer loop
      vertex 25 56.5 3
      vertex 25 56.5 0
      vertex 25.0942 56.497 3
    endloop
  endfacet
  facet normal -0.0934065 -0.995628 0
    outer loop
      vertex 25.188 56.4882 0
      vertex 25.188 56.4882 3
      vertex 25.0942 56.497 0
    endloop
  endfacet
  facet normal -0.0934065 -0.995628 -0
    outer loop
      vertex 25.0942 56.497 3
      vertex 25.0942 56.497 0
      vertex 25.188 56.4882 3
    endloop
  endfacet
  facet normal -0.156997 -0.987599 0
    outer loop
      vertex 25.2811 56.4734 0
      vertex 25.2811 56.4734 3
      vertex 25.188 56.4882 0
    endloop
  endfacet
  facet normal -0.156997 -0.987599 -0
    outer loop
      vertex 25.188 56.4882 3
      vertex 25.188 56.4882 0
      vertex 25.2811 56.4734 3
    endloop
  endfacet
  facet normal -0.217718 -0.976012 0
    outer loop
      vertex 25.373 56.4529 0
      vertex 25.373 56.4529 3
      vertex 25.2811 56.4734 0
    endloop
  endfacet
  facet normal -0.217718 -0.976012 -0
    outer loop
      vertex 25.2811 56.4734 3
      vertex 25.2811 56.4734 0
      vertex 25.373 56.4529 3
    endloop
  endfacet
  facet normal -0.279063 -0.960273 0
    outer loop
      vertex 25.4635 56.4266 0
      vertex 25.4635 56.4266 3
      vertex 25.373 56.4529 0
    endloop
  endfacet
  facet normal -0.279063 -0.960273 -0
    outer loop
      vertex 25.373 56.4529 3
      vertex 25.373 56.4529 0
      vertex 25.4635 56.4266 3
    endloop
  endfacet
  facet normal -0.338419 -0.940996 0
    outer loop
      vertex 25.5522 56.3947 0
      vertex 25.5522 56.3947 3
      vertex 25.4635 56.4266 0
    endloop
  endfacet
  facet normal -0.338419 -0.940996 -0
    outer loop
      vertex 25.4635 56.4266 3
      vertex 25.4635 56.4266 0
      vertex 25.5522 56.3947 3
    endloop
  endfacet
  facet normal -0.397756 -0.917491 0
    outer loop
      vertex 25.6387 56.3572 0
      vertex 25.6387 56.3572 3
      vertex 25.5522 56.3947 0
    endloop
  endfacet
  facet normal -0.397756 -0.917491 -0
    outer loop
      vertex 25.5522 56.3947 3
      vertex 25.5522 56.3947 0
      vertex 25.6387 56.3572 3
    endloop
  endfacet
  facet normal -0.453576 -0.891218 0
    outer loop
      vertex 25.7226 56.3145 0
      vertex 25.7226 56.3145 3
      vertex 25.6387 56.3572 0
    endloop
  endfacet
  facet normal -0.453576 -0.891218 -0
    outer loop
      vertex 25.6387 56.3572 3
      vertex 25.6387 56.3572 0
      vertex 25.7226 56.3145 3
    endloop
  endfacet
  facet normal -0.509337 -0.860567 0
    outer loop
      vertex 25.8037 56.2665 0
      vertex 25.8037 56.2665 3
      vertex 25.7226 56.3145 0
    endloop
  endfacet
  facet normal -0.509337 -0.860567 -0
    outer loop
      vertex 25.7226 56.3145 3
      vertex 25.7226 56.3145 0
      vertex 25.8037 56.2665 3
    endloop
  endfacet
  facet normal -0.56202 -0.827124 0
    outer loop
      vertex 25.8817 56.2135 0
      vertex 25.8817 56.2135 3
      vertex 25.8037 56.2665 0
    endloop
  endfacet
  facet normal -0.56202 -0.827124 -0
    outer loop
      vertex 25.8037 56.2665 3
      vertex 25.8037 56.2665 0
      vertex 25.8817 56.2135 3
    endloop
  endfacet
  facet normal -0.612837 -0.790209 0
    outer loop
      vertex 25.9561 56.1558 0
      vertex 25.9561 56.1558 3
      vertex 25.8817 56.2135 0
    endloop
  endfacet
  facet normal -0.612837 -0.790209 -0
    outer loop
      vertex 25.8817 56.2135 3
      vertex 25.8817 56.2135 0
      vertex 25.9561 56.1558 3
    endloop
  endfacet
  facet normal -0.661727 -0.749745 0
    outer loop
      vertex 26.0268 56.0934 0
      vertex 26.0268 56.0934 3
      vertex 25.9561 56.1558 0
    endloop
  endfacet
  facet normal -0.661727 -0.749745 -0
    outer loop
      vertex 25.9561 56.1558 3
      vertex 25.9561 56.1558 0
      vertex 26.0268 56.0934 3
    endloop
  endfacet
  facet normal -0.707107 -0.707107 0
    outer loop
      vertex 26.0934 56.0268 0
      vertex 26.0934 56.0268 3
      vertex 26.0268 56.0934 0
    endloop
  endfacet
  facet normal -0.707107 -0.707107 -0
    outer loop
      vertex 26.0268 56.0934 3
      vertex 26.0268 56.0934 0
      vertex 26.0934 56.0268 3
    endloop
  endfacet
  facet normal -0.749745 -0.661727 0
    outer loop
      vertex 26.1558 55.9561 0
      vertex 26.1558 55.9561 3
      vertex 26.0934 56.0268 0
    endloop
  endfacet
  facet normal -0.749745 -0.661727 -0
    outer loop
      vertex 26.0934 56.0268 3
      vertex 26.0934 56.0268 0
      vertex 26.1558 55.9561 3
    endloop
  endfacet
  facet normal -0.790209 -0.612837 0
    outer loop
      vertex 26.2135 55.8817 0
      vertex 26.2135 55.8817 3
      vertex 26.1558 55.9561 0
    endloop
  endfacet
  facet normal -0.790209 -0.612837 -0
    outer loop
      vertex 26.1558 55.9561 3
      vertex 26.1558 55.9561 0
      vertex 26.2135 55.8817 3
    endloop
  endfacet
  facet normal -0.827124 -0.56202 0
    outer loop
      vertex 26.2665 55.8037 0
      vertex 26.2665 55.8037 3
      vertex 26.2135 55.8817 0
    endloop
  endfacet
  facet normal -0.827124 -0.56202 -0
    outer loop
      vertex 26.2135 55.8817 3
      vertex 26.2135 55.8817 0
      vertex 26.2665 55.8037 3
    endloop
  endfacet
  facet normal -0.860567 -0.509337 0
    outer loop
      vertex 26.3145 55.7226 0
      vertex 26.3145 55.7226 3
      vertex 26.2665 55.8037 0
    endloop
  endfacet
  facet normal -0.860567 -0.509337 -0
    outer loop
      vertex 26.2665 55.8037 3
      vertex 26.2665 55.8037 0
      vertex 26.3145 55.7226 3
    endloop
  endfacet
  facet normal -0.891218 -0.453576 0
    outer loop
      vertex 26.3572 55.6387 0
      vertex 26.3572 55.6387 3
      vertex 26.3145 55.7226 0
    endloop
  endfacet
  facet normal -0.891218 -0.453576 -0
    outer loop
      vertex 26.3145 55.7226 3
      vertex 26.3145 55.7226 0
      vertex 26.3572 55.6387 3
    endloop
  endfacet
  facet normal -0.917491 -0.397756 0
    outer loop
      vertex 26.3947 55.5522 0
      vertex 26.3947 55.5522 3
      vertex 26.3572 55.6387 0
    endloop
  endfacet
  facet normal -0.917491 -0.397756 -0
    outer loop
      vertex 26.3572 55.6387 3
      vertex 26.3572 55.6387 0
      vertex 26.3947 55.5522 3
    endloop
  endfacet
  facet normal -0.940996 -0.338419 0
    outer loop
      vertex 26.4266 55.4635 0
      vertex 26.4266 55.4635 3
      vertex 26.3947 55.5522 0
    endloop
  endfacet
  facet normal -0.940996 -0.338419 -0
    outer loop
      vertex 26.3947 55.5522 3
      vertex 26.3947 55.5522 0
      vertex 26.4266 55.4635 3
    endloop
  endfacet
  facet normal -0.960273 -0.279063 0
    outer loop
      vertex 26.4529 55.373 0
      vertex 26.4529 55.373 3
      vertex 26.4266 55.4635 0
    endloop
  endfacet
  facet normal -0.960273 -0.279063 -0
    outer loop
      vertex 26.4266 55.4635 3
      vertex 26.4266 55.4635 0
      vertex 26.4529 55.373 3
    endloop
  endfacet
  facet normal -0.976012 -0.217718 0
    outer loop
      vertex 26.4734 55.2811 0
      vertex 26.4734 55.2811 3
      vertex 26.4529 55.373 0
    endloop
  endfacet
  facet normal -0.976012 -0.217718 -0
    outer loop
      vertex 26.4529 55.373 3
      vertex 26.4529 55.373 0
      vertex 26.4734 55.2811 3
    endloop
  endfacet
  facet normal -0.987599 -0.156997 0
    outer loop
      vertex 26.4882 55.188 0
      vertex 26.4882 55.188 3
      vertex 26.4734 55.2811 0
    endloop
  endfacet
  facet normal -0.987599 -0.156997 -0
    outer loop
      vertex 26.4734 55.2811 3
      vertex 26.4734 55.2811 0
      vertex 26.4882 55.188 3
    endloop
  endfacet
  facet normal -0.995628 -0.0934065 0
    outer loop
      vertex 26.497 55.0942 0
      vertex 26.497 55.0942 3
      vertex 26.4882 55.188 0
    endloop
  endfacet
  facet normal -0.995628 -0.0934065 -0
    outer loop
      vertex 26.4882 55.188 3
      vertex 26.4882 55.188 0
      vertex 26.497 55.0942 3
    endloop
  endfacet
  facet normal -0.999493 -0.031831 0
    outer loop
      vertex 26.5 55 0
      vertex 26.5 55 3
      vertex 26.497 55.0942 0
    endloop
  endfacet
  facet normal -0.999493 -0.031831 -0
    outer loop
      vertex 26.497 55.0942 3
      vertex 26.497 55.0942 0
      vertex 26.5 55 3
    endloop
  endfacet
  facet normal -0.999493 0.031831 0
    outer loop
      vertex 26.497 54.9058 0
      vertex 26.497 54.9058 3
      vertex 26.5 55 0
    endloop
  endfacet
  facet normal -0.999493 0.031831 0
    outer loop
      vertex 26.5 55 3
      vertex 26.5 55 0
      vertex 26.497 54.9058 3
    endloop
  endfacet
  facet normal -0.995628 0.0934065 0
    outer loop
      vertex 26.4882 54.812 0
      vertex 26.4882 54.812 3
      vertex 26.497 54.9058 0
    endloop
  endfacet
  facet normal -0.995628 0.0934065 0
    outer loop
      vertex 26.497 54.9058 3
      vertex 26.497 54.9058 0
      vertex 26.4882 54.812 3
    endloop
  endfacet
  facet normal -0.987599 0.156997 0
    outer loop
      vertex 26.4734 54.7189 0
      vertex 26.4734 54.7189 3
      vertex 26.4882 54.812 0
    endloop
  endfacet
  facet normal -0.987599 0.156997 0
    outer loop
      vertex 26.4882 54.812 3
      vertex 26.4882 54.812 0
      vertex 26.4734 54.7189 3
    endloop
  endfacet
  facet normal -0.976012 0.217718 0
    outer loop
      vertex 26.4529 54.627 0
      vertex 26.4529 54.627 3
      vertex 26.4734 54.7189 0
    endloop
  endfacet
  facet normal -0.976012 0.217718 0
    outer loop
      vertex 26.4734 54.7189 3
      vertex 26.4734 54.7189 0
      vertex 26.4529 54.627 3
    endloop
  endfacet
  facet normal -0.960273 0.279063 0
    outer loop
      vertex 26.4266 54.5365 0
      vertex 26.4266 54.5365 3
      vertex 26.4529 54.627 0
    endloop
  endfacet
  facet normal -0.960273 0.279063 0
    outer loop
      vertex 26.4529 54.627 3
      vertex 26.4529 54.627 0
      vertex 26.4266 54.5365 3
    endloop
  endfacet
  facet normal -0.940996 0.338419 0
    outer loop
      vertex 26.3947 54.4478 0
      vertex 26.3947 54.4478 3
      vertex 26.4266 54.5365 0
    endloop
  endfacet
  facet normal -0.940996 0.338419 0
    outer loop
      vertex 26.4266 54.5365 3
      vertex 26.4266 54.5365 0
      vertex 26.3947 54.4478 3
    endloop
  endfacet
  facet normal -0.917491 0.397756 0
    outer loop
      vertex 26.3572 54.3613 0
      vertex 26.3572 54.3613 3
      vertex 26.3947 54.4478 0
    endloop
  endfacet
  facet normal -0.917491 0.397756 0
    outer loop
      vertex 26.3947 54.4478 3
      vertex 26.3947 54.4478 0
      vertex 26.3572 54.3613 3
    endloop
  endfacet
  facet normal -0.891218 0.453576 0
    outer loop
      vertex 26.3145 54.2774 0
      vertex 26.3145 54.2774 3
      vertex 26.3572 54.3613 0
    endloop
  endfacet
  facet normal -0.891218 0.453576 0
    outer loop
      vertex 26.3572 54.3613 3
      vertex 26.3572 54.3613 0
      vertex 26.3145 54.2774 3
    endloop
  endfacet
  facet normal -0.860567 0.509337 0
    outer loop
      vertex 26.2665 54.1963 0
      vertex 26.2665 54.1963 3
      vertex 26.3145 54.2774 0
    endloop
  endfacet
  facet normal -0.860567 0.509337 0
    outer loop
      vertex 26.3145 54.2774 3
      vertex 26.3145 54.2774 0
      vertex 26.2665 54.1963 3
    endloop
  endfacet
  facet normal -0.827124 0.56202 0
    outer loop
      vertex 26.2135 54.1183 0
      vertex 26.2135 54.1183 3
      vertex 26.2665 54.1963 0
    endloop
  endfacet
  facet normal -0.827124 0.56202 0
    outer loop
      vertex 26.2665 54.1963 3
      vertex 26.2665 54.1963 0
      vertex 26.2135 54.1183 3
    endloop
  endfacet
  facet normal -0.790209 0.612837 0
    outer loop
      vertex 26.1558 54.0439 0
      vertex 26.1558 54.0439 3
      vertex 26.2135 54.1183 0
    endloop
  endfacet
  facet normal -0.790209 0.612837 0
    outer loop
      vertex 26.2135 54.1183 3
      vertex 26.2135 54.1183 0
      vertex 26.1558 54.0439 3
    endloop
  endfacet
  facet normal -0.749745 0.661727 0
    outer loop
      vertex 26.0934 53.9732 0
      vertex 26.0934 53.9732 3
      vertex 26.1558 54.0439 0
    endloop
  endfacet
  facet normal -0.749745 0.661727 0
    outer loop
      vertex 26.1558 54.0439 3
      vertex 26.1558 54.0439 0
      vertex 26.0934 53.9732 3
    endloop
  endfacet
  facet normal -0.707637 0.706576 0
    outer loop
      vertex 26.0268 53.9065 0
      vertex 26.0268 53.9065 3
      vertex 26.0934 53.9732 0
    endloop
  endfacet
  facet normal -0.707637 0.706576 0
    outer loop
      vertex 26.0934 53.9732 3
      vertex 26.0934 53.9732 0
      vertex 26.0268 53.9065 3
    endloop
  endfacet
  facet normal -0.66113 0.750271 0
    outer loop
      vertex 25.9561 53.8442 0
      vertex 25.9561 53.8442 3
      vertex 26.0268 53.9065 0
    endloop
  endfacet
  facet normal -0.66113 0.750271 0
    outer loop
      vertex 26.0268 53.9065 3
      vertex 26.0268 53.9065 0
      vertex 25.9561 53.8442 3
    endloop
  endfacet
  facet normal -0.612837 0.790209 0
    outer loop
      vertex 25.8817 53.7865 0
      vertex 25.8817 53.7865 3
      vertex 25.9561 53.8442 0
    endloop
  endfacet
  facet normal -0.612837 0.790209 0
    outer loop
      vertex 25.9561 53.8442 3
      vertex 25.9561 53.8442 0
      vertex 25.8817 53.7865 3
    endloop
  endfacet
  facet normal -0.56202 0.827124 0
    outer loop
      vertex 25.8037 53.7335 0
      vertex 25.8037 53.7335 3
      vertex 25.8817 53.7865 0
    endloop
  endfacet
  facet normal -0.56202 0.827124 0
    outer loop
      vertex 25.8817 53.7865 3
      vertex 25.8817 53.7865 0
      vertex 25.8037 53.7335 3
    endloop
  endfacet
  facet normal -0.509337 0.860567 0
    outer loop
      vertex 25.7226 53.6855 0
      vertex 25.7226 53.6855 3
      vertex 25.8037 53.7335 0
    endloop
  endfacet
  facet normal -0.509337 0.860567 0
    outer loop
      vertex 25.8037 53.7335 3
      vertex 25.8037 53.7335 0
      vertex 25.7226 53.6855 3
    endloop
  endfacet
  facet normal -0.454419 0.890788 0
    outer loop
      vertex 25.6387 53.6427 0
      vertex 25.6387 53.6427 3
      vertex 25.7226 53.6855 0
    endloop
  endfacet
  facet normal -0.454419 0.890788 0
    outer loop
      vertex 25.7226 53.6855 3
      vertex 25.7226 53.6855 0
      vertex 25.6387 53.6427 3
    endloop
  endfacet
  facet normal -0.396863 0.917878 0
    outer loop
      vertex 25.5522 53.6053 0
      vertex 25.5522 53.6053 3
      vertex 25.6387 53.6427 0
    endloop
  endfacet
  facet normal -0.396863 0.917878 0
    outer loop
      vertex 25.6387 53.6427 3
      vertex 25.6387 53.6427 0
      vertex 25.5522 53.6053 3
    endloop
  endfacet
  facet normal -0.338419 0.940996 0
    outer loop
      vertex 25.4635 53.5734 0
      vertex 25.4635 53.5734 3
      vertex 25.5522 53.6053 0
    endloop
  endfacet
  facet normal -0.338419 0.940996 0
    outer loop
      vertex 25.5522 53.6053 3
      vertex 25.5522 53.6053 0
      vertex 25.4635 53.5734 3
    endloop
  endfacet
  facet normal -0.279063 0.960273 0
    outer loop
      vertex 25.373 53.5471 0
      vertex 25.373 53.5471 3
      vertex 25.4635 53.5734 0
    endloop
  endfacet
  facet normal -0.279063 0.960273 0
    outer loop
      vertex 25.4635 53.5734 3
      vertex 25.4635 53.5734 0
      vertex 25.373 53.5471 3
    endloop
  endfacet
  facet normal -0.217718 0.976012 0
    outer loop
      vertex 25.2811 53.5266 0
      vertex 25.2811 53.5266 3
      vertex 25.373 53.5471 0
    endloop
  endfacet
  facet normal -0.217718 0.976012 0
    outer loop
      vertex 25.373 53.5471 3
      vertex 25.373 53.5471 0
      vertex 25.2811 53.5266 3
    endloop
  endfacet
  facet normal -0.156997 0.987599 0
    outer loop
      vertex 25.188 53.5118 0
      vertex 25.188 53.5118 3
      vertex 25.2811 53.5266 0
    endloop
  endfacet
  facet normal -0.156997 0.987599 0
    outer loop
      vertex 25.2811 53.5266 3
      vertex 25.2811 53.5266 0
      vertex 25.188 53.5118 3
    endloop
  endfacet
  facet normal -0.0944585 0.995529 0
    outer loop
      vertex 25.0942 53.5029 0
      vertex 25.0942 53.5029 3
      vertex 25.188 53.5118 0
    endloop
  endfacet
  facet normal -0.0944585 0.995529 0
    outer loop
      vertex 25.188 53.5118 3
      vertex 25.188 53.5118 0
      vertex 25.0942 53.5029 3
    endloop
  endfacet
  facet normal -0.030771 0.999526 0
    outer loop
      vertex 25 53.5 0
      vertex 25 53.5 3
      vertex 25.0942 53.5029 0
    endloop
  endfacet
  facet normal -0.030771 0.999526 0
    outer loop
      vertex 25.0942 53.5029 3
      vertex 25.0942 53.5029 0
      vertex 25 53.5 3
    endloop
  endfacet
  facet normal 0.030771 0.999526 -0
    outer loop
      vertex 24.9058 53.5029 0
      vertex 24.9058 53.5029 3
      vertex 25 53.5 0
    endloop
  endfacet
  facet normal 0.030771 0.999526 0
    outer loop
      vertex 25 53.5 3
      vertex 25 53.5 0
      vertex 24.9058 53.5029 3
    endloop
  endfacet
  facet normal 1 0 -0
    outer loop
      vertex 16.4 47.5 0
      vertex 16.4 47.5 3
      vertex 16.4 12.5 0
    endloop
  endfacet
  facet normal 1 -0 0
    outer loop
      vertex 16.4 12.5 3
      vertex 16.4 12.5 0
      vertex 16.4 47.5 3
    endloop
  endfacet
  facet normal 0 -1 0
    outer loop
      vertex 18.9 47.5 0
      vertex 18.9 47.5 3
      vertex 16.4 47.5 0
    endloop
  endfacet
  facet normal 0 -1 0
    outer loop
      vertex 16.4 47.5 3
      vertex 16.4 47.5 0
      vertex 18.9 47.5 3
    endloop
  endfacet
  facet normal -1 0 0
    outer loop
      vertex 18.9 12.5 0
      vertex 18.9 12.5 3
      vertex 18.9 47.5 0
    endloop
  endfacet
  facet normal -1 -0 -0
    outer loop
      vertex 18.9 47.5 3
      vertex 18.9 47.5 0
      vertex 18.9 12.5 3
    endloop
  endfacet
  facet normal 0 1 0
    outer loop
      vertex 16.4 12.5 0
      vertex 16.4 12.5 3
      vertex 18.9 12.5 0
    endloop
  endfacet
  facet normal 0 1 0
    outer loop
      vertex 18.9 12.5 3
      vertex 18.9 12.5 0
      vertex 16.4 12.5 3
    endloop
  endfacet
  facet normal 1 0 -0
    outer loop
      vertex 11.1 47.5 0
      vertex 11.1 47.5 3
      vertex 11.1 12.5 0
    endloop
  endfacet
  facet normal 1 -0 0
    outer loop
      vertex 11.1 12.5 3
      vertex 11.1 12.5 0
      vertex 11.1 47.5 3
    endloop
  endfacet
  facet normal 0 -1 0
    outer loop
      vertex 13.6 47.5 0
      vertex 13.6 47.5 3
      vertex 11.1 47.5 0
    endloop
  endfacet
  facet normal 0 -1 0
    outer loop
      vertex 11.1 47.5 3
      vertex 11.1 47.5 0
      vertex 13.6 47.5 3
    endloop
  endfacet
  facet normal -1 0 0
    outer loop
      vertex 13.6 12.5 0
      vertex 13.6 12.5 3
      vertex 13.6 47.5 0
    endloop
  endfacet
  facet normal -1 -0 -0
    outer loop
      vertex 13.6 47.5 3
      vertex 13.6 47.5 0
      vertex 13.6 12.5 3
    endloop
  endfacet
  facet normal 0 1 0
    outer loop
      vertex 11.1 12.5 0
      vertex 11.1 12.5 3
      vertex 13.6 12.5 0
    endloop
  endfacet
  facet normal 0 1 0
    outer loop
      vertex 13.6 12.5 3
      vertex 13.6 12.5 0
      vertex 11.1 12.5 3
    endloop
  endfacet
  facet normal 0.0943533 0.995539 -0
    outer loop
      vertex 24.812 3.51183 0
      vertex 24.812 3.51183 3
      vertex 24.9058 3.50294 0
    endloop
  endfacet
  facet normal 0.0943533 0.995539 0
    outer loop
      vertex 24.9058 3.50294 3
      vertex 24.9058 3.50294 0
      vertex 24.812 3.51183 3
    endloop
  endfacet
  facet normal 0.156377 0.987698 -0
    outer loop
      vertex 24.7189 3.52657 0
      vertex 24.7189 3.52657 3
      vertex 24.812 3.51183 0
    endloop
  endfacet
  facet normal 0.156377 0.987698 0
    outer loop
      vertex 24.812 3.51183 3
      vertex 24.812 3.51183 0
      vertex 24.7189 3.52657 3
    endloop
  endfacet
  facet normal 0.218223 0.975899 -0
    outer loop
      vertex 24.627 3.54712 0
      vertex 24.627 3.54712 3
      vertex 24.7189 3.52657 0
    endloop
  endfacet
  facet normal 0.218223 0.975899 0
    outer loop
      vertex 24.7189 3.52657 3
      vertex 24.7189 3.52657 0
      vertex 24.627 3.54712 3
    endloop
  endfacet
  facet normal 0.278965 0.960301 -0
    outer loop
      vertex 24.5365 3.57341 0
      vertex 24.5365 3.57341 3
      vertex 24.627 3.54712 0
    endloop
  endfacet
  facet normal 0.278965 0.960301 0
    outer loop
      vertex 24.627 3.54712 3
      vertex 24.627 3.54712 0
      vertex 24.5365 3.57341 3
    endloop
  endfacet
  facet normal 0.338607 0.940928 -0
    outer loop
      vertex 24.4478 3.60533 0
      vertex 24.4478 3.60533 3
      vertex 24.5365 3.57341 0
    endloop
  endfacet
  facet normal 0.338607 0.940928 0
    outer loop
      vertex 24.5365 3.57341 3
      vertex 24.5365 3.57341 0
      vertex 24.4478 3.60533 3
    endloop
  endfacet
  facet normal 0.397042 0.917801 -0
    outer loop
      vertex 24.3613 3.64275 0
      vertex 24.3613 3.64275 3
      vertex 24.4478 3.60533 0
    endloop
  endfacet
  facet normal 0.397042 0.917801 0
    outer loop
      vertex 24.4478 3.60533 3
      vertex 24.4478 3.60533 0
      vertex 24.3613 3.64275 3
    endloop
  endfacet
  facet normal 0.45425 0.890874 -0
    outer loop
      vertex 24.2774 3.68553 0
      vertex 24.2774 3.68553 3
      vertex 24.3613 3.64275 0
    endloop
  endfacet
  facet normal 0.45425 0.890874 0
    outer loop
      vertex 24.3613 3.64275 3
      vertex 24.3613 3.64275 0
      vertex 24.2774 3.68553 3
    endloop
  endfacet
  facet normal 0.50918 0.86066 -0
    outer loop
      vertex 24.1963 3.73351 0
      vertex 24.1963 3.73351 3
      vertex 24.2774 3.68553 0
    endloop
  endfacet
  facet normal 0.50918 0.86066 0
    outer loop
      vertex 24.2774 3.68553 3
      vertex 24.2774 3.68553 0
      vertex 24.1963 3.73351 3
    endloop
  endfacet
  facet normal 0.56173 0.827321 -0
    outer loop
      vertex 24.1183 3.78647 0
      vertex 24.1183 3.78647 3
      vertex 24.1963 3.73351 0
    endloop
  endfacet
  facet normal 0.56173 0.827321 0
    outer loop
      vertex 24.1963 3.73351 3
      vertex 24.1963 3.73351 0
      vertex 24.1183 3.78647 3
    endloop
  endfacet
  facet normal 0.613168 0.789952 -0
    outer loop
      vertex 24.0439 3.84422 0
      vertex 24.0439 3.84422 3
      vertex 24.1183 3.78647 0
    endloop
  endfacet
  facet normal 0.613168 0.789952 0
    outer loop
      vertex 24.1183 3.78647 3
      vertex 24.1183 3.78647 0
      vertex 24.0439 3.84422 3
    endloop
  endfacet
  facet normal 0.66125 0.750166 -0
    outer loop
      vertex 23.9732 3.90654 0
      vertex 23.9732 3.90654 3
      vertex 24.0439 3.84422 0
    endloop
  endfacet
  facet normal 0.66125 0.750166 0
    outer loop
      vertex 24.0439 3.84422 3
      vertex 24.0439 3.84422 0
      vertex 23.9732 3.90654 3
    endloop
  endfacet
  facet normal 0.706789 0.707425 -0
    outer loop
      vertex 23.9065 3.97318 0
      vertex 23.9065 3.97318 3
      vertex 23.9732 3.90654 0
    endloop
  endfacet
  facet normal 0.706789 0.707425 0
    outer loop
      vertex 23.9732 3.90654 3
      vertex 23.9732 3.90654 0
      vertex 23.9065 3.97318 3
    endloop
  endfacet
  facet normal 0.750132 0.661288 -0
    outer loop
      vertex 23.8442 4.04385 0
      vertex 23.8442 4.04385 3
      vertex 23.9065 3.97318 0
    endloop
  endfacet
  facet normal 0.750132 0.661288 0
    outer loop
      vertex 23.9065 3.97318 3
      vertex 23.9065 3.97318 0
      vertex 23.8442 4.04385 3
    endloop
  endfacet
  facet normal 0.790488 0.612477 -0
    outer loop
      vertex 23.7865 4.11832 0
      vertex 23.7865 4.11832 3
      vertex 23.8442 4.04385 0
    endloop
  endfacet
  facet normal 0.790488 0.612477 0
    outer loop
      vertex 23.8442 4.04385 3
      vertex 23.8442 4.04385 0
      vertex 23.7865 4.11832 3
    endloop
  endfacet
  facet normal 0.826923 0.562316 -0
    outer loop
      vertex 23.7335 4.19626 0
      vertex 23.7335 4.19626 3
      vertex 23.7865 4.11832 0
    endloop
  endfacet
  facet normal 0.826923 0.562316 0
    outer loop
      vertex 23.7865 4.11832 3
      vertex 23.7865 4.11832 0
      vertex 23.7335 4.19626 3
    endloop
  endfacet
  facet normal 0.860567 0.509337 -0
    outer loop
      vertex 23.6855 4.27736 0
      vertex 23.6855 4.27736 3
      vertex 23.7335 4.19626 0
    endloop
  endfacet
  facet normal 0.860567 0.509337 0
    outer loop
      vertex 23.7335 4.19626 3
      vertex 23.7335 4.19626 0
      vertex 23.6855 4.27736 3
    endloop
  endfacet
  facet normal 0.890942 0.454118 -0
    outer loop
      vertex 23.6427 4.36133 0
      vertex 23.6427 4.36133 3
      vertex 23.6855 4.27736 0
    endloop
  endfacet
  facet normal 0.890942 0.454118 0
    outer loop
      vertex 23.6855 4.27736 3
      vertex 23.6855 4.27736 0
      vertex 23.6427 4.36133 3
    endloop
  endfacet
  facet normal 0.917828 0.396979 -0
    outer loop
      vertex 23.6053 4.4478 0
      vertex 23.6053 4.4478 3
      vertex 23.6427 4.36133 0
    endloop
  endfacet
  facet normal 0.917828 0.396979 0
    outer loop
      vertex 23.6427 4.36133 3
      vertex 23.6427 4.36133 0
      vertex 23.6053 4.4478 3
    endloop
  endfacet
  facet normal 0.940959 0.33852 -0
    outer loop
      vertex 23.5734 4.53647 0
      vertex 23.5734 4.53647 3
      vertex 23.6053 4.4478 0
    endloop
  endfacet
  facet normal 0.940959 0.33852 0
    outer loop
      vertex 23.6053 4.4478 3
      vertex 23.6053 4.4478 0
      vertex 23.5734 4.53647 3
    endloop
  endfacet
  facet normal 0.960256 0.27912 -0
    outer loop
      vertex 23.5471 4.62695 0
      vertex 23.5471 4.62695 3
      vertex 23.5734 4.53647 0
    endloop
  endfacet
  facet normal 0.960256 0.27912 0
    outer loop
      vertex 23.5734 4.53647 3
      vertex 23.5734 4.53647 0
      vertex 23.5471 4.62695 3
    endloop
  endfacet
  facet normal 0.976047 0.21756 -0
    outer loop
      vertex 23.5266 4.71892 0
      vertex 23.5266 4.71892 3
      vertex 23.5471 4.62695 0
    endloop
  endfacet
  facet normal 0.976047 0.21756 0
    outer loop
      vertex 23.5471 4.62695 3
      vertex 23.5471 4.62695 0
      vertex 23.5266 4.71892 3
    endloop
  endfacet
  facet normal 0.987594 0.15703 -0
    outer loop
      vertex 23.5118 4.812 0
      vertex 23.5118 4.812 3
      vertex 23.5266 4.71892 0
    endloop
  endfacet
  facet normal 0.987594 0.15703 0
    outer loop
      vertex 23.5266 4.71892 3
      vertex 23.5266 4.71892 0
      vertex 23.5118 4.812 3
    endloop
  endfacet
  facet normal 0.99553 0.0944485 -0
    outer loop
      vertex 23.5029 4.90581 0
      vertex 23.5029 4.90581 3
      vertex 23.5118 4.812 0
    endloop
  endfacet
  facet normal 0.99553 0.0944485 0
    outer loop
      vertex 23.5118 4.812 3
      vertex 23.5118 4.812 0
      vertex 23.5029 4.90581 3
    endloop
  endfacet
  facet normal 0.999526 0.0307742 -0
    outer loop
      vertex 23.5 5 0
      vertex 23.5 5 3
      vertex 23.5029 4.90581 0
    endloop
  endfacet
  facet normal 0.999526 0.0307742 0
    outer loop
      vertex 23.5029 4.90581 3
      vertex 23.5029 4.90581 0
      vertex 23.5 5 3
    endloop
  endfacet
  facet normal 0.999526 -0.0307775 0
    outer loop
      vertex 23.5029 5.09418 0
      vertex 23.5029 5.09418 3
      vertex 23.5 5 0
    endloop
  endfacet
  facet normal 0.999526 -0.0307775 0
    outer loop
      vertex 23.5 5 3
      vertex 23.5 5 0
      vertex 23.5029 5.09418 3
    endloop
  endfacet
  facet normal 0.99553 -0.0944485 0
    outer loop
      vertex 23.5118 5.18799 0
      vertex 23.5118 5.18799 3
      vertex 23.5029 5.09418 0
    endloop
  endfacet
  facet normal 0.99553 -0.0944485 0
    outer loop
      vertex 23.5029 5.09418 3
      vertex 23.5029 5.09418 0
      vertex 23.5118 5.18799 3
    endloop
  endfacet
  facet normal 0.987594 -0.15703 0
    outer loop
      vertex 23.5266 5.28107 0
      vertex 23.5266 5.28107 3
      vertex 23.5118 5.18799 0
    endloop
  endfacet
  facet normal 0.987594 -0.15703 0
    outer loop
      vertex 23.5118 5.18799 3
      vertex 23.5118 5.18799 0
      vertex 23.5266 5.28107 3
    endloop
  endfacet
  facet normal 0.976042 -0.217582 0
    outer loop
      vertex 23.5471 5.37303 0
      vertex 23.5471 5.37303 3
      vertex 23.5266 5.28107 0
    endloop
  endfacet
  facet normal 0.976042 -0.217582 0
    outer loop
      vertex 23.5266 5.28107 3
      vertex 23.5266 5.28107 0
      vertex 23.5471 5.37303 3
    endloop
  endfacet
  facet normal 0.960265 -0.279091 0
    outer loop
      vertex 23.5734 5.46352 0
      vertex 23.5734 5.46352 3
      vertex 23.5471 5.37303 0
    endloop
  endfacet
  facet normal 0.960265 -0.279091 0
    outer loop
      vertex 23.5471 5.37303 3
      vertex 23.5471 5.37303 0
      vertex 23.5734 5.46352 3
    endloop
  endfacet
  facet normal 0.940959 -0.33852 0
    outer loop
      vertex 23.6053 5.55219 0
      vertex 23.6053 5.55219 3
      vertex 23.5734 5.46352 0
    endloop
  endfacet
  facet normal 0.940959 -0.33852 0
    outer loop
      vertex 23.5734 5.46352 3
      vertex 23.5734 5.46352 0
      vertex 23.6053 5.55219 3
    endloop
  endfacet
  facet normal 0.917828 -0.396979 0
    outer loop
      vertex 23.6427 5.63866 0
      vertex 23.6427 5.63866 3
      vertex 23.6053 5.55219 0
    endloop
  endfacet
  facet normal 0.917828 -0.396979 0
    outer loop
      vertex 23.6053 5.55219 3
      vertex 23.6053 5.55219 0
      vertex 23.6427 5.63866 3
    endloop
  endfacet
  facet normal 0.890942 -0.454118 0
    outer loop
      vertex 23.6855 5.72263 0
      vertex 23.6855 5.72263 3
      vertex 23.6427 5.63866 0
    endloop
  endfacet
  facet normal 0.890942 -0.454118 0
    outer loop
      vertex 23.6427 5.63866 3
      vertex 23.6427 5.63866 0
      vertex 23.6855 5.72263 3
    endloop
  endfacet
  facet normal 0.860567 -0.509337 0
    outer loop
      vertex 23.7335 5.80373 0
      vertex 23.7335 5.80373 3
      vertex 23.6855 5.72263 0
    endloop
  endfacet
  facet normal 0.860567 -0.509337 0
    outer loop
      vertex 23.6855 5.72263 3
      vertex 23.6855 5.72263 0
      vertex 23.7335 5.80373 3
    endloop
  endfacet
  facet normal 0.826923 -0.562316 0
    outer loop
      vertex 23.7865 5.88167 0
      vertex 23.7865 5.88167 3
      vertex 23.7335 5.80373 0
    endloop
  endfacet
  facet normal 0.826923 -0.562316 0
    outer loop
      vertex 23.7335 5.80373 3
      vertex 23.7335 5.80373 0
      vertex 23.7865 5.88167 3
    endloop
  endfacet
  facet normal 0.790448 -0.612529 0
    outer loop
      vertex 23.8442 5.95613 0
      vertex 23.8442 5.95613 3
      vertex 23.7865 5.88167 0
    endloop
  endfacet
  facet normal 0.790448 -0.612529 0
    outer loop
      vertex 23.7865 5.88167 3
      vertex 23.7865 5.88167 0
      vertex 23.8442 5.95613 3
    endloop
  endfacet
  facet normal 0.750178 -0.661235 0
    outer loop
      vertex 23.9065 6.02681 0
      vertex 23.9065 6.02681 3
      vertex 23.8442 5.95613 0
    endloop
  endfacet
  facet normal 0.750178 -0.661235 0
    outer loop
      vertex 23.8442 5.95613 3
      vertex 23.8442 5.95613 0
      vertex 23.9065 6.02681 3
    endloop
  endfacet
  facet normal 0.706735 -0.707478 0
    outer loop
      vertex 23.9732 6.09344 0
      vertex 23.9732 6.09344 3
      vertex 23.9065 6.02681 0
    endloop
  endfacet
  facet normal 0.706735 -0.707478 0
    outer loop
      vertex 23.9065 6.02681 3
      vertex 23.9065 6.02681 0
      vertex 23.9732 6.09344 3
    endloop
  endfacet
  facet normal 0.66125 -0.750166 0
    outer loop
      vertex 24.0439 6.15576 0
      vertex 24.0439 6.15576 3
      vertex 23.9732 6.09344 0
    endloop
  endfacet
  facet normal 0.66125 -0.750166 0
    outer loop
      vertex 23.9732 6.09344 3
      vertex 23.9732 6.09344 0
      vertex 24.0439 6.15576 3
    endloop
  endfacet
  facet normal 0.613235 -0.789901 0
    outer loop
      vertex 24.1183 6.21352 0
      vertex 24.1183 6.21352 3
      vertex 24.0439 6.15576 0
    endloop
  endfacet
  facet normal 0.613235 -0.789901 0
    outer loop
      vertex 24.0439 6.15576 3
      vertex 24.0439 6.15576 0
      vertex 24.1183 6.21352 3
    endloop
  endfacet
  facet normal 0.56173 -0.827321 0
    outer loop
      vertex 24.1963 6.26648 0
      vertex 24.1963 6.26648 3
      vertex 24.1183 6.21352 0
    endloop
  endfacet
  facet normal 0.56173 -0.827321 0
    outer loop
      vertex 24.1183 6.21352 3
      vertex 24.1183 6.21352 0
      vertex 24.1963 6.26648 3
    endloop
  endfacet
  facet normal 0.509101 -0.860707 0
    outer loop
      vertex 24.2774 6.31445 0
      vertex 24.2774 6.31445 3
      vertex 24.1963 6.26648 0
    endloop
  endfacet
  facet normal 0.509101 -0.860707 0
    outer loop
      vertex 24.1963 6.26648 3
      vertex 24.1963 6.26648 0
      vertex 24.2774 6.31445 3
    endloop
  endfacet
  facet normal 0.454335 -0.890831 0
    outer loop
      vertex 24.3613 6.35724 0
      vertex 24.3613 6.35724 3
      vertex 24.2774 6.31445 0
    endloop
  endfacet
  facet normal 0.454335 -0.890831 0
    outer loop
      vertex 24.2774 6.31445 3
      vertex 24.2774 6.31445 0
      vertex 24.3613 6.35724 3
    endloop
  endfacet
  facet normal 0.396952 -0.917839 0
    outer loop
      vertex 24.4478 6.39465 0
      vertex 24.4478 6.39465 3
      vertex 24.3613 6.35724 0
    endloop
  endfacet
  facet normal 0.396952 -0.917839 0
    outer loop
      vertex 24.3613 6.35724 3
      vertex 24.3613 6.35724 0
      vertex 24.4478 6.39465 3
    endloop
  endfacet
  facet normal 0.338607 -0.940928 0
    outer loop
      vertex 24.5365 6.42657 0
      vertex 24.5365 6.42657 3
      vertex 24.4478 6.39465 0
    endloop
  endfacet
  facet normal 0.338607 -0.940928 0
    outer loop
      vertex 24.4478 6.39465 3
      vertex 24.4478 6.39465 0
      vertex 24.5365 6.42657 3
    endloop
  endfacet
  facet normal 0.279063 -0.960273 0
    outer loop
      vertex 24.627 6.45287 0
      vertex 24.627 6.45287 3
      vertex 24.5365 6.42657 0
    endloop
  endfacet
  facet normal 0.279063 -0.960273 0
    outer loop
      vertex 24.5365 6.42657 3
      vertex 24.5365 6.42657 0
      vertex 24.627 6.45287 3
    endloop
  endfacet
  facet normal 0.218223 -0.975899 0
    outer loop
      vertex 24.7189 6.47342 0
      vertex 24.7189 6.47342 3
      vertex 24.627 6.45287 0
    endloop
  endfacet
  facet normal 0.218223 -0.975899 0
    outer loop
      vertex 24.627 6.45287 3
      vertex 24.627 6.45287 0
      vertex 24.7189 6.47342 3
    endloop
  endfacet
  facet normal 0.156377 -0.987698 0
    outer loop
      vertex 24.812 6.48816 0
      vertex 24.812 6.48816 3
      vertex 24.7189 6.47342 0
    endloop
  endfacet
  facet normal 0.156377 -0.987698 0
    outer loop
      vertex 24.7189 6.47342 3
      vertex 24.7189 6.47342 0
      vertex 24.812 6.48816 3
    endloop
  endfacet
  facet normal 0.0942481 -0.995549 0
    outer loop
      vertex 24.9058 6.49704 0
      vertex 24.9058 6.49704 3
      vertex 24.812 6.48816 0
    endloop
  endfacet
  facet normal 0.0942481 -0.995549 0
    outer loop
      vertex 24.812 6.48816 3
      vertex 24.812 6.48816 0
      vertex 24.9058 6.49704 3
    endloop
  endfacet
  facet normal 0.031407 -0.999507 0
    outer loop
      vertex 25 6.5 0
      vertex 25 6.5 3
      vertex 24.9058 6.49704 0
    endloop
  endfacet
  facet normal 0.031407 -0.999507 0
    outer loop
      vertex 24.9058 6.49704 3
      vertex 24.9058 6.49704 0
      vertex 25 6.5 3
    endloop
  endfacet
  facet normal -0.031407 -0.999507 0
    outer loop
      vertex 25.0942 6.49704 0
      vertex 25.0942 6.49704 3
      vertex 25 6.5 0
    endloop
  endfacet
  facet normal -0.031407 -0.999507 -0
    outer loop
      vertex 25 6.5 3
      vertex 25 6.5 0
      vertex 25.0942 6.49704 3
    endloop
  endfacet
  facet normal -0.0942481 -0.995549 0
    outer loop
      vertex 25.188 6.48816 0
      vertex 25.188 6.48816 3
      vertex 25.0942 6.49704 0
    endloop
  endfacet
  facet normal -0.0942481 -0.995549 -0
    outer loop
      vertex 25.0942 6.49704 3
      vertex 25.0942 6.49704 0
      vertex 25.188 6.48816 3
    endloop
  endfacet
  facet normal -0.156377 -0.987698 0
    outer loop
      vertex 25.2811 6.47342 0
      vertex 25.2811 6.47342 3
      vertex 25.188 6.48816 0
    endloop
  endfacet
  facet normal -0.156377 -0.987698 -0
    outer loop
      vertex 25.188 6.48816 3
      vertex 25.188 6.48816 0
      vertex 25.2811 6.47342 3
    endloop
  endfacet
  facet normal -0.218223 -0.975899 0
    outer loop
      vertex 25.373 6.45287 0
      vertex 25.373 6.45287 3
      vertex 25.2811 6.47342 0
    endloop
  endfacet
  facet normal -0.218223 -0.975899 -0
    outer loop
      vertex 25.2811 6.47342 3
      vertex 25.2811 6.47342 0
      vertex 25.373 6.45287 3
    endloop
  endfacet
  facet normal -0.279063 -0.960273 0
    outer loop
      vertex 25.4635 6.42657 0
      vertex 25.4635 6.42657 3
      vertex 25.373 6.45287 0
    endloop
  endfacet
  facet normal -0.279063 -0.960273 -0
    outer loop
      vertex 25.373 6.45287 3
      vertex 25.373 6.45287 0
      vertex 25.4635 6.42657 3
    endloop
  endfacet
  facet normal -0.338607 -0.940928 0
    outer loop
      vertex 25.5522 6.39465 0
      vertex 25.5522 6.39465 3
      vertex 25.4635 6.42657 0
    endloop
  endfacet
  facet normal -0.338607 -0.940928 -0
    outer loop
      vertex 25.4635 6.42657 3
      vertex 25.4635 6.42657 0
      vertex 25.5522 6.39465 3
    endloop
  endfacet
  facet normal -0.396952 -0.917839 0
    outer loop
      vertex 25.6387 6.35724 0
      vertex 25.6387 6.35724 3
      vertex 25.5522 6.39465 0
    endloop
  endfacet
  facet normal -0.396952 -0.917839 -0
    outer loop
      vertex 25.5522 6.39465 3
      vertex 25.5522 6.39465 0
      vertex 25.6387 6.35724 3
    endloop
  endfacet
  facet normal -0.454335 -0.890831 0
    outer loop
      vertex 25.7226 6.31445 0
      vertex 25.7226 6.31445 3
      vertex 25.6387 6.35724 0
    endloop
  endfacet
  facet normal -0.454335 -0.890831 -0
    outer loop
      vertex 25.6387 6.35724 3
      vertex 25.6387 6.35724 0
      vertex 25.7226 6.31445 3
    endloop
  endfacet
  facet normal -0.509101 -0.860707 0
    outer loop
      vertex 25.8037 6.26648 0
      vertex 25.8037 6.26648 3
      vertex 25.7226 6.31445 0
    endloop
  endfacet
  facet normal -0.509101 -0.860707 -0
    outer loop
      vertex 25.7226 6.31445 3
      vertex 25.7226 6.31445 0
      vertex 25.8037 6.26648 3
    endloop
  endfacet
  facet normal -0.56173 -0.827321 0
    outer loop
      vertex 25.8817 6.21352 0
      vertex 25.8817 6.21352 3
      vertex 25.8037 6.26648 0
    endloop
  endfacet
  facet normal -0.56173 -0.827321 -0
    outer loop
      vertex 25.8037 6.26648 3
      vertex 25.8037 6.26648 0
      vertex 25.8817 6.21352 3
    endloop
  endfacet
  facet normal -0.613235 -0.789901 0
    outer loop
      vertex 25.9561 6.15576 0
      vertex 25.9561 6.15576 3
      vertex 25.8817 6.21352 0
    endloop
  endfacet
  facet normal -0.613235 -0.789901 -0
    outer loop
      vertex 25.8817 6.21352 3
      vertex 25.8817 6.21352 0
      vertex 25.9561 6.15576 3
    endloop
  endfacet
  facet normal -0.66125 -0.750166 0
    outer loop
      vertex 26.0268 6.09344 0
      vertex 26.0268 6.09344 3
      vertex 25.9561 6.15576 0
    endloop
  endfacet
  facet normal -0.66125 -0.750166 -0
    outer loop
      vertex 25.9561 6.15576 3
      vertex 25.9561 6.15576 0
      vertex 26.0268 6.09344 3
    endloop
  endfacet
  facet normal -0.707266 -0.706948 0
    outer loop
      vertex 26.0934 6.02681 0
      vertex 26.0934 6.02681 3
      vertex 26.0268 6.09344 0
    endloop
  endfacet
  facet normal -0.707266 -0.706948 -0
    outer loop
      vertex 26.0268 6.09344 3
      vertex 26.0268 6.09344 0
      vertex 26.0934 6.02681 3
    endloop
  endfacet
  facet normal -0.749652 -0.661832 0
    outer loop
      vertex 26.1558 5.95613 0
      vertex 26.1558 5.95613 3
      vertex 26.0934 6.02681 0
    endloop
  endfacet
  facet normal -0.749652 -0.661832 -0
    outer loop
      vertex 26.0934 6.02681 3
      vertex 26.0934 6.02681 0
      vertex 26.1558 5.95613 3
    endloop
  endfacet
  facet normal -0.790448 -0.612529 0
    outer loop
      vertex 26.2135 5.88167 0
      vertex 26.2135 5.88167 3
      vertex 26.1558 5.95613 0
    endloop
  endfacet
  facet normal -0.790448 -0.612529 -0
    outer loop
      vertex 26.1558 5.95613 3
      vertex 26.1558 5.95613 0
      vertex 26.2135 5.88167 3
    endloop
  endfacet
  facet normal -0.826923 -0.562316 0
    outer loop
      vertex 26.2665 5.80373 0
      vertex 26.2665 5.80373 3
      vertex 26.2135 5.88167 0
    endloop
  endfacet
  facet normal -0.826923 -0.562316 -0
    outer loop
      vertex 26.2135 5.88167 3
      vertex 26.2135 5.88167 0
      vertex 26.2665 5.80373 3
    endloop
  endfacet
  facet normal -0.860567 -0.509337 0
    outer loop
      vertex 26.3145 5.72263 0
      vertex 26.3145 5.72263 3
      vertex 26.2665 5.80373 0
    endloop
  endfacet
  facet normal -0.860567 -0.509337 -0
    outer loop
      vertex 26.2665 5.80373 3
      vertex 26.2665 5.80373 0
      vertex 26.3145 5.72263 3
    endloop
  endfacet
  facet normal -0.891371 -0.453275 0
    outer loop
      vertex 26.3572 5.63866 0
      vertex 26.3572 5.63866 3
      vertex 26.3145 5.72263 0
    endloop
  endfacet
  facet normal -0.891371 -0.453275 -0
    outer loop
      vertex 26.3145 5.72263 3
      vertex 26.3145 5.72263 0
      vertex 26.3572 5.63866 3
    endloop
  endfacet
  facet normal -0.917441 -0.397872 0
    outer loop
      vertex 26.3947 5.55219 0
      vertex 26.3947 5.55219 3
      vertex 26.3572 5.63866 0
    endloop
  endfacet
  facet normal -0.917441 -0.397872 -0
    outer loop
      vertex 26.3572 5.63866 3
      vertex 26.3572 5.63866 0
      vertex 26.3947 5.55219 3
    endloop
  endfacet
  facet normal -0.940959 -0.33852 0
    outer loop
      vertex 26.4266 5.46352 0
      vertex 26.4266 5.46352 3
      vertex 26.3947 5.55219 0
    endloop
  endfacet
  facet normal -0.940959 -0.33852 -0
    outer loop
      vertex 26.3947 5.55219 3
      vertex 26.3947 5.55219 0
      vertex 26.4266 5.46352 3
    endloop
  endfacet
  facet normal -0.960265 -0.279091 0
    outer loop
      vertex 26.4529 5.37303 0
      vertex 26.4529 5.37303 3
      vertex 26.4266 5.46352 0
    endloop
  endfacet
  facet normal -0.960265 -0.279091 -0
    outer loop
      vertex 26.4266 5.46352 3
      vertex 26.4266 5.46352 0
      vertex 26.4529 5.37303 3
    endloop
  endfacet
  facet normal -0.976042 -0.217582 0
    outer loop
      vertex 26.4734 5.28107 0
      vertex 26.4734 5.28107 3
      vertex 26.4529 5.37303 0
    endloop
  endfacet
  facet normal -0.976042 -0.217582 -0
    outer loop
      vertex 26.4529 5.37303 3
      vertex 26.4529 5.37303 0
      vertex 26.4734 5.28107 3
    endloop
  endfacet
  facet normal -0.987594 -0.15703 0
    outer loop
      vertex 26.4882 5.18799 0
      vertex 26.4882 5.18799 3
      vertex 26.4734 5.28107 0
    endloop
  endfacet
  facet normal -0.987594 -0.15703 -0
    outer loop
      vertex 26.4734 5.28107 3
      vertex 26.4734 5.28107 0
      vertex 26.4882 5.18799 3
    endloop
  endfacet
  facet normal -0.995629 -0.0933966 0
    outer loop
      vertex 26.497 5.09418 0
      vertex 26.497 5.09418 3
      vertex 26.4882 5.18799 0
    endloop
  endfacet
  facet normal -0.995629 -0.0933966 -0
    outer loop
      vertex 26.4882 5.18799 3
      vertex 26.4882 5.18799 0
      vertex 26.497 5.09418 3
    endloop
  endfacet
  facet normal -0.999493 -0.0318377 0
    outer loop
      vertex 26.5 5 0
      vertex 26.5 5 3
      vertex 26.497 5.09418 0
    endloop
  endfacet
  facet normal -0.999493 -0.0318377 -0
    outer loop
      vertex 26.497 5.09418 3
      vertex 26.497 5.09418 0
      vertex 26.5 5 3
    endloop
  endfacet
  facet normal -0.999493 0.0318344 0
    outer loop
      vertex 26.497 4.90581 0
      vertex 26.497 4.90581 3
      vertex 26.5 5 0
    endloop
  endfacet
  facet normal -0.999493 0.0318344 0
    outer loop
      vertex 26.5 5 3
      vertex 26.5 5 0
      vertex 26.497 4.90581 3
    endloop
  endfacet
  facet normal -0.995629 0.0933966 0
    outer loop
      vertex 26.4882 4.812 0
      vertex 26.4882 4.812 3
      vertex 26.497 4.90581 0
    endloop
  endfacet
  facet normal -0.995629 0.0933966 0
    outer loop
      vertex 26.497 4.90581 3
      vertex 26.497 4.90581 0
      vertex 26.4882 4.812 3
    endloop
  endfacet
  facet normal -0.987594 0.15703 0
    outer loop
      vertex 26.4734 4.71892 0
      vertex 26.4734 4.71892 3
      vertex 26.4882 4.812 0
    endloop
  endfacet
  facet normal -0.987594 0.15703 0
    outer loop
      vertex 26.4882 4.812 3
      vertex 26.4882 4.812 0
      vertex 26.4734 4.71892 3
    endloop
  endfacet
  facet normal -0.976047 0.21756 0
    outer loop
      vertex 26.4529 4.62695 0
      vertex 26.4529 4.62695 3
      vertex 26.4734 4.71892 0
    endloop
  endfacet
  facet normal -0.976047 0.21756 0
    outer loop
      vertex 26.4734 4.71892 3
      vertex 26.4734 4.71892 0
      vertex 26.4529 4.62695 3
    endloop
  endfacet
  facet normal -0.960256 0.27912 0
    outer loop
      vertex 26.4266 4.53647 0
      vertex 26.4266 4.53647 3
      vertex 26.4529 4.62695 0
    endloop
  endfacet
  facet normal -0.960256 0.27912 0
    outer loop
      vertex 26.4529 4.62695 3
      vertex 26.4529 4.62695 0
      vertex 26.4266 4.53647 3
    endloop
  endfacet
  facet normal -0.940959 0.33852 0
    outer loop
      vertex 26.3947 4.4478 0
      vertex 26.3947 4.4478 3
      vertex 26.4266 4.53647 0
    endloop
  endfacet
  facet normal -0.940959 0.33852 0
    outer loop
      vertex 26.4266 4.53647 3
      vertex 26.4266 4.53647 0
      vertex 26.3947 4.4478 3
    endloop
  endfacet
  facet normal -0.917441 0.397872 0
    outer loop
      vertex 26.3572 4.36133 0
      vertex 26.3572 4.36133 3
      vertex 26.3947 4.4478 0
    endloop
  endfacet
  facet normal -0.917441 0.397872 0
    outer loop
      vertex 26.3947 4.4478 3
      vertex 26.3947 4.4478 0
      vertex 26.3572 4.36133 3
    endloop
  endfacet
  facet normal -0.891371 0.453275 0
    outer loop
      vertex 26.3145 4.27736 0
      vertex 26.3145 4.27736 3
      vertex 26.3572 4.36133 0
    endloop
  endfacet
  facet normal -0.891371 0.453275 0
    outer loop
      vertex 26.3572 4.36133 3
      vertex 26.3572 4.36133 0
      vertex 26.3145 4.27736 3
    endloop
  endfacet
  facet normal -0.860567 0.509337 0
    outer loop
      vertex 26.2665 4.19626 0
      vertex 26.2665 4.19626 3
      vertex 26.3145 4.27736 0
    endloop
  endfacet
  facet normal -0.860567 0.509337 0
    outer loop
      vertex 26.3145 4.27736 3
      vertex 26.3145 4.27736 0
      vertex 26.2665 4.19626 3
    endloop
  endfacet
  facet normal -0.826923 0.562316 0
    outer loop
      vertex 26.2135 4.11832 0
      vertex 26.2135 4.11832 3
      vertex 26.2665 4.19626 0
    endloop
  endfacet
  facet normal -0.826923 0.562316 0
    outer loop
      vertex 26.2665 4.19626 3
      vertex 26.2665 4.19626 0
      vertex 26.2135 4.11832 3
    endloop
  endfacet
  facet normal -0.790488 0.612477 0
    outer loop
      vertex 26.1558 4.04385 0
      vertex 26.1558 4.04385 3
      vertex 26.2135 4.11832 0
    endloop
  endfacet
  facet normal -0.790488 0.612477 0
    outer loop
      vertex 26.2135 4.11832 3
      vertex 26.2135 4.11832 0
      vertex 26.1558 4.04385 3
    endloop
  endfacet
  facet normal -0.749606 0.661885 0
    outer loop
      vertex 26.0934 3.97318 0
      vertex 26.0934 3.97318 3
      vertex 26.1558 4.04385 0
    endloop
  endfacet
  facet normal -0.749606 0.661885 0
    outer loop
      vertex 26.1558 4.04385 3
      vertex 26.1558 4.04385 0
      vertex 26.0934 3.97318 3
    endloop
  endfacet
  facet normal -0.707319 0.706894 0
    outer loop
      vertex 26.0268 3.90654 0
      vertex 26.0268 3.90654 3
      vertex 26.0934 3.97318 0
    endloop
  endfacet
  facet normal -0.707319 0.706894 0
    outer loop
      vertex 26.0934 3.97318 3
      vertex 26.0934 3.97318 0
      vertex 26.0268 3.90654 3
    endloop
  endfacet
  facet normal -0.66125 0.750166 0
    outer loop
      vertex 25.9561 3.84422 0
      vertex 25.9561 3.84422 3
      vertex 26.0268 3.90654 0
    endloop
  endfacet
  facet normal -0.66125 0.750166 0
    outer loop
      vertex 26.0268 3.90654 3
      vertex 26.0268 3.90654 0
      vertex 25.9561 3.84422 3
    endloop
  endfacet
  facet normal -0.613168 0.789952 0
    outer loop
      vertex 25.8817 3.78647 0
      vertex 25.8817 3.78647 3
      vertex 25.9561 3.84422 0
    endloop
  endfacet
  facet normal -0.613168 0.789952 0
    outer loop
      vertex 25.9561 3.84422 3
      vertex 25.9561 3.84422 0
      vertex 25.8817 3.78647 3
    endloop
  endfacet
  facet normal -0.56173 0.827321 0
    outer loop
      vertex 25.8037 3.73351 0
      vertex 25.8037 3.73351 3
      vertex 25.8817 3.78647 0
    endloop
  endfacet
  facet normal -0.56173 0.827321 0
    outer loop
      vertex 25.8817 3.78647 3
      vertex 25.8817 3.78647 0
      vertex 25.8037 3.73351 3
    endloop
  endfacet
  facet normal -0.50918 0.86066 0
    outer loop
      vertex 25.7226 3.68553 0
      vertex 25.7226 3.68553 3
      vertex 25.8037 3.73351 0
    endloop
  endfacet
  facet normal -0.50918 0.86066 0
    outer loop
      vertex 25.8037 3.73351 3
      vertex 25.8037 3.73351 0
      vertex 25.7226 3.68553 3
    endloop
  endfacet
  facet normal -0.45425 0.890874 0
    outer loop
      vertex 25.6387 3.64275 0
      vertex 25.6387 3.64275 3
      vertex 25.7226 3.68553 0
    endloop
  endfacet
  facet normal -0.45425 0.890874 0
    outer loop
      vertex 25.7226 3.68553 3
      vertex 25.7226 3.68553 0
      vertex 25.6387 3.64275 3
    endloop
  endfacet
  facet normal -0.397042 0.917801 0
    outer loop
      vertex 25.5522 3.60533 0
      vertex 25.5522 3.60533 3
      vertex 25.6387 3.64275 0
    endloop
  endfacet
  facet normal -0.397042 0.917801 0
    outer loop
      vertex 25.6387 3.64275 3
      vertex 25.6387 3.64275 0
      vertex 25.5522 3.60533 3
    endloop
  endfacet
  facet normal -0.338607 0.940928 0
    outer loop
      vertex 25.4635 3.57341 0
      vertex 25.4635 3.57341 3
      vertex 25.5522 3.60533 0
    endloop
  endfacet
  facet normal -0.338607 0.940928 0
    outer loop
      vertex 25.5522 3.60533 3
      vertex 25.5522 3.60533 0
      vertex 25.4635 3.57341 3
    endloop
  endfacet
  facet normal -0.278965 0.960301 0
    outer loop
      vertex 25.373 3.54712 0
      vertex 25.373 3.54712 3
      vertex 25.4635 3.57341 0
    endloop
  endfacet
  facet normal -0.278965 0.960301 0
    outer loop
      vertex 25.4635 3.57341 3
      vertex 25.4635 3.57341 0
      vertex 25.373 3.54712 3
    endloop
  endfacet
  facet normal -0.218223 0.975899 0
    outer loop
      vertex 25.2811 3.52657 0
      vertex 25.2811 3.52657 3
      vertex 25.373 3.54712 0
    endloop
  endfacet
  facet normal -0.218223 0.975899 0
    outer loop
      vertex 25.373 3.54712 3
      vertex 25.373 3.54712 0
      vertex 25.2811 3.52657 3
    endloop
  endfacet
  facet normal -0.156377 0.987698 0
    outer loop
      vertex 25.188 3.51183 0
      vertex 25.188 3.51183 3
      vertex 25.2811 3.52657 0
    endloop
  endfacet
  facet normal -0.156377 0.987698 0
    outer loop
      vertex 25.2811 3.52657 3
      vertex 25.2811 3.52657 0
      vertex 25.188 3.51183 3
    endloop
  endfacet
  facet normal -0.0943533 0.995539 0
    outer loop
      vertex 25.0942 3.50294 0
      vertex 25.0942 3.50294 3
      vertex 25.188 3.51183 0
    endloop
  endfacet
  facet normal -0.0943533 0.995539 0
    outer loop
      vertex 25.188 3.51183 3
      vertex 25.188 3.51183 0
      vertex 25.0942 3.50294 3
    endloop
  endfacet
  facet normal -0.031195 0.999513 0
    outer loop
      vertex 25 3.5 0
      vertex 25 3.5 3
      vertex 25.0942 3.50294 0
    endloop
  endfacet
  facet normal -0.031195 0.999513 0
    outer loop
      vertex 25.0942 3.50294 3
      vertex 25.0942 3.50294 0
      vertex 25 3.5 3
    endloop
  endfacet
  facet normal 0.031195 0.999513 -0
    outer loop
      vertex 24.9058 3.50294 0
      vertex 24.9058 3.50294 3
      vertex 25 3.5 0
    endloop
  endfacet
  facet normal 0.031195 0.999513 0
    outer loop
      vertex 25 3.5 3
      vertex 25 3.5 0
      vertex 24.9058 3.50294 3
    endloop
  endfacet
  facet normal 0.0943433 0.99554 -0
    outer loop
      vertex 4.812 3.51183 0
      vertex 4.812 3.51183 3
      vertex 4.90581 3.50294 0
    endloop
  endfacet
  facet normal 0.0943433 0.99554 0
    outer loop
      vertex 4.90581 3.50294 3
      vertex 4.90581 3.50294 0
      vertex 4.812 3.51183 3
    endloop
  endfacet
  facet normal 0.156409 0.987692 -0
    outer loop
      vertex 4.71892 3.52657 0
      vertex 4.71892 3.52657 3
      vertex 4.812 3.51183 0
    endloop
  endfacet
  facet normal 0.156409 0.987692 0
    outer loop
      vertex 4.812 3.51183 3
      vertex 4.812 3.51183 0
      vertex 4.71892 3.52657 3
    endloop
  endfacet
  facet normal 0.218065 0.975934 -0
    outer loop
      vertex 4.62695 3.54712 0
      vertex 4.62695 3.54712 3
      vertex 4.71892 3.52657 0
    endloop
  endfacet
  facet normal 0.218065 0.975934 0
    outer loop
      vertex 4.71892 3.52657 3
      vertex 4.71892 3.52657 0
      vertex 4.62695 3.54712 3
    endloop
  endfacet
  facet normal 0.279022 0.960285 -0
    outer loop
      vertex 4.53647 3.57341 0
      vertex 4.53647 3.57341 3
      vertex 4.62695 3.54712 0
    endloop
  endfacet
  facet normal 0.279022 0.960285 0
    outer loop
      vertex 4.62695 3.54712 3
      vertex 4.62695 3.54712 0
      vertex 4.53647 3.57341 3
    endloop
  endfacet
  facet normal 0.338708 0.940891 -0
    outer loop
      vertex 4.4478 3.60533 0
      vertex 4.4478 3.60533 3
      vertex 4.53647 3.57341 0
    endloop
  endfacet
  facet normal 0.338708 0.940891 0
    outer loop
      vertex 4.53647 3.57341 3
      vertex 4.53647 3.57341 0
      vertex 4.4478 3.60533 3
    endloop
  endfacet
  facet normal 0.397158 0.91775 -0
    outer loop
      vertex 4.36133 3.64275 0
      vertex 4.36133 3.64275 3
      vertex 4.4478 3.60533 0
    endloop
  endfacet
  facet normal 0.397158 0.91775 0
    outer loop
      vertex 4.4478 3.60533 3
      vertex 4.4478 3.60533 0
      vertex 4.36133 3.64275 3
    endloop
  endfacet
  facet normal 0.45395 0.891027 -0
    outer loop
      vertex 4.27736 3.68553 0
      vertex 4.27736 3.68553 3
      vertex 4.36133 3.64275 0
    endloop
  endfacet
  facet normal 0.45395 0.891027 0
    outer loop
      vertex 4.36133 3.64275 3
      vertex 4.36133 3.64275 0
      vertex 4.27736 3.68553 3
    endloop
  endfacet
  facet normal 0.50918 0.86066 -0
    outer loop
      vertex 4.19626 3.73351 0
      vertex 4.19626 3.73351 3
      vertex 4.27736 3.68553 0
    endloop
  endfacet
  facet normal 0.50918 0.86066 0
    outer loop
      vertex 4.27736 3.68553 3
      vertex 4.27736 3.68553 0
      vertex 4.19626 3.73351 3
    endloop
  endfacet
  facet normal 0.562026 0.82712 -0
    outer loop
      vertex 4.11832 3.78647 0
      vertex 4.11832 3.78647 3
      vertex 4.19626 3.73351 0
    endloop
  endfacet
  facet normal 0.562026 0.82712 0
    outer loop
      vertex 4.19626 3.73351 3
      vertex 4.19626 3.73351 0
      vertex 4.11832 3.78647 3
    endloop
  endfacet
  facet normal 0.612809 0.790231 -0
    outer loop
      vertex 4.04385 3.84422 0
      vertex 4.04385 3.84422 3
      vertex 4.11832 3.78647 0
    endloop
  endfacet
  facet normal 0.612809 0.790231 0
    outer loop
      vertex 4.11832 3.78647 3
      vertex 4.11832 3.78647 0
      vertex 4.04385 3.84422 3
    endloop
  endfacet
  facet normal 0.661407 0.750027 -0
    outer loop
      vertex 3.97318 3.90654 0
      vertex 3.97318 3.90654 3
      vertex 4.04385 3.84422 0
    endloop
  endfacet
  facet normal 0.661407 0.750027 0
    outer loop
      vertex 4.04385 3.84422 3
      vertex 4.04385 3.84422 0
      vertex 3.97318 3.90654 3
    endloop
  endfacet
  facet normal 0.707107 0.707107 -0
    outer loop
      vertex 3.90654 3.97318 0
      vertex 3.90654 3.97318 3
      vertex 3.97318 3.90654 0
    endloop
  endfacet
  facet normal 0.707107 0.707107 0
    outer loop
      vertex 3.97318 3.90654 3
      vertex 3.97318 3.90654 0
      vertex 3.90654 3.97318 3
    endloop
  endfacet
  facet normal 0.750027 0.661407 -0
    outer loop
      vertex 3.84422 4.04385 0
      vertex 3.84422 4.04385 3
      vertex 3.90654 3.97318 0
    endloop
  endfacet
  facet normal 0.750027 0.661407 0
    outer loop
      vertex 3.90654 3.97318 3
      vertex 3.90654 3.97318 0
      vertex 3.84422 4.04385 3
    endloop
  endfacet
  facet normal 0.790231 0.612809 -0
    outer loop
      vertex 3.78647 4.11832 0
      vertex 3.78647 4.11832 3
      vertex 3.84422 4.04385 0
    endloop
  endfacet
  facet normal 0.790231 0.612809 0
    outer loop
      vertex 3.84422 4.04385 3
      vertex 3.84422 4.04385 0
      vertex 3.78647 4.11832 3
    endloop
  endfacet
  facet normal 0.82712 0.562026 -0
    outer loop
      vertex 3.73351 4.19626 0
      vertex 3.73351 4.19626 3
      vertex 3.78647 4.11832 0
    endloop
  endfacet
  facet normal 0.82712 0.562026 0
    outer loop
      vertex 3.78647 4.11832 3
      vertex 3.78647 4.11832 0
      vertex 3.73351 4.19626 3
    endloop
  endfacet
  facet normal 0.86066 0.50918 -0
    outer loop
      vertex 3.68553 4.27736 0
      vertex 3.68553 4.27736 3
      vertex 3.73351 4.19626 0
    endloop
  endfacet
  facet normal 0.86066 0.50918 0
    outer loop
      vertex 3.73351 4.19626 3
      vertex 3.73351 4.19626 0
      vertex 3.68553 4.27736 3
    endloop
  endfacet
  facet normal 0.891027 0.45395 -0
    outer loop
      vertex 3.64275 4.36133 0
      vertex 3.64275 4.36133 3
      vertex 3.68553 4.27736 0
    endloop
  endfacet
  facet normal 0.891027 0.45395 0
    outer loop
      vertex 3.68553 4.27736 3
      vertex 3.68553 4.27736 0
      vertex 3.64275 4.36133 3
    endloop
  endfacet
  facet normal 0.91775 0.397158 -0
    outer loop
      vertex 3.60533 4.4478 0
      vertex 3.60533 4.4478 3
      vertex 3.64275 4.36133 0
    endloop
  endfacet
  facet normal 0.91775 0.397158 0
    outer loop
      vertex 3.64275 4.36133 3
      vertex 3.64275 4.36133 0
      vertex 3.60533 4.4478 3
    endloop
  endfacet
  facet normal 0.940891 0.338708 -0
    outer loop
      vertex 3.57341 4.53647 0
      vertex 3.57341 4.53647 3
      vertex 3.60533 4.4478 0
    endloop
  endfacet
  facet normal 0.940891 0.338708 0
    outer loop
      vertex 3.60533 4.4478 3
      vertex 3.60533 4.4478 0
      vertex 3.57341 4.53647 3
    endloop
  endfacet
  facet normal 0.960285 0.279022 -0
    outer loop
      vertex 3.54712 4.62695 0
      vertex 3.54712 4.62695 3
      vertex 3.57341 4.53647 0
    endloop
  endfacet
  facet normal 0.960285 0.279022 0
    outer loop
      vertex 3.57341 4.53647 3
      vertex 3.57341 4.53647 0
      vertex 3.54712 4.62695 3
    endloop
  endfacet
  facet normal 0.975934 0.218065 -0
    outer loop
      vertex 3.52657 4.71892 0
      vertex 3.52657 4.71892 3
      vertex 3.54712 4.62695 0
    endloop
  endfacet
  facet normal 0.975934 0.218065 0
    outer loop
      vertex 3.54712 4.62695 3
      vertex 3.54712 4.62695 0
      vertex 3.52657 4.71892 3
    endloop
  endfacet
  facet normal 0.987692 0.156409 -0
    outer loop
      vertex 3.51183 4.812 0
      vertex 3.51183 4.812 3
      vertex 3.52657 4.71892 0
    endloop
  endfacet
  facet normal 0.987692 0.156409 0
    outer loop
      vertex 3.52657 4.71892 3
      vertex 3.52657 4.71892 0
      vertex 3.51183 4.812 3
    endloop
  endfacet
  facet normal 0.99554 0.0943433 -0
    outer loop
      vertex 3.50294 4.90581 0
      vertex 3.50294 4.90581 3
      vertex 3.51183 4.812 0
    endloop
  endfacet
  facet normal 0.99554 0.0943433 0
    outer loop
      vertex 3.51183 4.812 3
      vertex 3.51183 4.812 0
      vertex 3.50294 4.90581 3
    endloop
  endfacet
  facet normal 0.999513 0.0311983 -0
    outer loop
      vertex 3.5 5 0
      vertex 3.5 5 3
      vertex 3.50294 4.90581 0
    endloop
  endfacet
  facet normal 0.999513 0.0311983 0
    outer loop
      vertex 3.50294 4.90581 3
      vertex 3.50294 4.90581 0
      vertex 3.5 5 3
    endloop
  endfacet
  facet normal 0.999513 -0.0312016 0
    outer loop
      vertex 3.50294 5.09418 0
      vertex 3.50294 5.09418 3
      vertex 3.5 5 0
    endloop
  endfacet
  facet normal 0.999513 -0.0312016 0
    outer loop
      vertex 3.5 5 3
      vertex 3.5 5 0
      vertex 3.50294 5.09418 3
    endloop
  endfacet
  facet normal 0.99554 -0.0943433 0
    outer loop
      vertex 3.51183 5.18799 0
      vertex 3.51183 5.18799 3
      vertex 3.50294 5.09418 0
    endloop
  endfacet
  facet normal 0.99554 -0.0943433 0
    outer loop
      vertex 3.50294 5.09418 3
      vertex 3.50294 5.09418 0
      vertex 3.51183 5.18799 3
    endloop
  endfacet
  facet normal 0.987692 -0.156409 0
    outer loop
      vertex 3.52657 5.28107 0
      vertex 3.52657 5.28107 3
      vertex 3.51183 5.18799 0
    endloop
  endfacet
  facet normal 0.987692 -0.156409 0
    outer loop
      vertex 3.51183 5.18799 3
      vertex 3.51183 5.18799 0
      vertex 3.52657 5.28107 3
    endloop
  endfacet
  facet normal 0.975929 -0.218088 0
    outer loop
      vertex 3.54712 5.37303 0
      vertex 3.54712 5.37303 3
      vertex 3.52657 5.28107 0
    endloop
  endfacet
  facet normal 0.975929 -0.218088 0
    outer loop
      vertex 3.52657 5.28107 3
      vertex 3.52657 5.28107 0
      vertex 3.54712 5.37303 3
    endloop
  endfacet
  facet normal 0.960293 -0.278993 0
    outer loop
      vertex 3.57341 5.46352 0
      vertex 3.57341 5.46352 3
      vertex 3.54712 5.37303 0
    endloop
  endfacet
  facet normal 0.960293 -0.278993 0
    outer loop
      vertex 3.54712 5.37303 3
      vertex 3.54712 5.37303 0
      vertex 3.57341 5.46352 3
    endloop
  endfacet
  facet normal 0.940891 -0.338708 0
    outer loop
      vertex 3.60533 5.55219 0
      vertex 3.60533 5.55219 3
      vertex 3.57341 5.46352 0
    endloop
  endfacet
  facet normal 0.940891 -0.338708 0
    outer loop
      vertex 3.57341 5.46352 3
      vertex 3.57341 5.46352 0
      vertex 3.60533 5.55219 3
    endloop
  endfacet
  facet normal 0.91775 -0.397158 0
    outer loop
      vertex 3.64275 5.63866 0
      vertex 3.64275 5.63866 3
      vertex 3.60533 5.55219 0
    endloop
  endfacet
  facet normal 0.91775 -0.397158 0
    outer loop
      vertex 3.60533 5.55219 3
      vertex 3.60533 5.55219 0
      vertex 3.64275 5.63866 3
    endloop
  endfacet
  facet normal 0.891027 -0.45395 0
    outer loop
      vertex 3.68553 5.72263 0
      vertex 3.68553 5.72263 3
      vertex 3.64275 5.63866 0
    endloop
  endfacet
  facet normal 0.891027 -0.45395 0
    outer loop
      vertex 3.64275 5.63866 3
      vertex 3.64275 5.63866 0
      vertex 3.68553 5.72263 3
    endloop
  endfacet
  facet normal 0.86066 -0.50918 0
    outer loop
      vertex 3.73351 5.80373 0
      vertex 3.73351 5.80373 3
      vertex 3.68553 5.72263 0
    endloop
  endfacet
  facet normal 0.86066 -0.50918 0
    outer loop
      vertex 3.68553 5.72263 3
      vertex 3.68553 5.72263 0
      vertex 3.73351 5.80373 3
    endloop
  endfacet
  facet normal 0.82712 -0.562026 0
    outer loop
      vertex 3.78647 5.88167 0
      vertex 3.78647 5.88167 3
      vertex 3.73351 5.80373 0
    endloop
  endfacet
  facet normal 0.82712 -0.562026 0
    outer loop
      vertex 3.73351 5.80373 3
      vertex 3.73351 5.80373 0
      vertex 3.78647 5.88167 3
    endloop
  endfacet
  facet normal 0.790191 -0.61286 0
    outer loop
      vertex 3.84422 5.95613 0
      vertex 3.84422 5.95613 3
      vertex 3.78647 5.88167 0
    endloop
  endfacet
  facet normal 0.790191 -0.61286 0
    outer loop
      vertex 3.78647 5.88167 3
      vertex 3.78647 5.88167 0
      vertex 3.84422 5.95613 3
    endloop
  endfacet
  facet normal 0.750073 -0.661355 0
    outer loop
      vertex 3.90654 6.02681 0
      vertex 3.90654 6.02681 3
      vertex 3.84422 5.95613 0
    endloop
  endfacet
  facet normal 0.750073 -0.661355 0
    outer loop
      vertex 3.84422 5.95613 3
      vertex 3.84422 5.95613 0
      vertex 3.90654 6.02681 3
    endloop
  endfacet
  facet normal 0.707054 -0.70716 0
    outer loop
      vertex 3.97318 6.09344 0
      vertex 3.97318 6.09344 3
      vertex 3.90654 6.02681 0
    endloop
  endfacet
  facet normal 0.707054 -0.70716 0
    outer loop
      vertex 3.90654 6.02681 3
      vertex 3.90654 6.02681 0
      vertex 3.97318 6.09344 3
    endloop
  endfacet
  facet normal 0.661407 -0.750027 0
    outer loop
      vertex 4.04385 6.15576 0
      vertex 4.04385 6.15576 3
      vertex 3.97318 6.09344 0
    endloop
  endfacet
  facet normal 0.661407 -0.750027 0
    outer loop
      vertex 3.97318 6.09344 3
      vertex 3.97318 6.09344 0
      vertex 4.04385 6.15576 3
    endloop
  endfacet
  facet normal 0.612875 -0.79018 0
    outer loop
      vertex 4.11832 6.21352 0
      vertex 4.11832 6.21352 3
      vertex 4.04385 6.15576 0
    endloop
  endfacet
  facet normal 0.612875 -0.79018 0
    outer loop
      vertex 4.04385 6.15576 3
      vertex 4.04385 6.15576 0
      vertex 4.11832 6.21352 3
    endloop
  endfacet
  facet normal 0.562026 -0.82712 0
    outer loop
      vertex 4.19626 6.26648 0
      vertex 4.19626 6.26648 3
      vertex 4.11832 6.21352 0
    endloop
  endfacet
  facet normal 0.562026 -0.82712 0
    outer loop
      vertex 4.11832 6.21352 3
      vertex 4.11832 6.21352 0
      vertex 4.19626 6.26648 3
    endloop
  endfacet
  facet normal 0.509101 -0.860707 0
    outer loop
      vertex 4.27736 6.31445 0
      vertex 4.27736 6.31445 3
      vertex 4.19626 6.26648 0
    endloop
  endfacet
  facet normal 0.509101 -0.860707 0
    outer loop
      vertex 4.19626 6.26648 3
      vertex 4.19626 6.26648 0
      vertex 4.27736 6.31445 3
    endloop
  endfacet
  facet normal 0.454034 -0.890984 0
    outer loop
      vertex 4.36133 6.35724 0
      vertex 4.36133 6.35724 3
      vertex 4.27736 6.31445 0
    endloop
  endfacet
  facet normal 0.454034 -0.890984 0
    outer loop
      vertex 4.27736 6.31445 3
      vertex 4.27736 6.31445 0
      vertex 4.36133 6.35724 3
    endloop
  endfacet
  facet normal 0.397068 -0.917789 0
    outer loop
      vertex 4.4478 6.39465 0
      vertex 4.4478 6.39465 3
      vertex 4.36133 6.35724 0
    endloop
  endfacet
  facet normal 0.397068 -0.917789 0
    outer loop
      vertex 4.36133 6.35724 3
      vertex 4.36133 6.35724 0
      vertex 4.4478 6.39465 3
    endloop
  endfacet
  facet normal 0.338708 -0.940891 0
    outer loop
      vertex 4.53647 6.42657 0
      vertex 4.53647 6.42657 3
      vertex 4.4478 6.39465 0
    endloop
  endfacet
  facet normal 0.338708 -0.940891 0
    outer loop
      vertex 4.4478 6.39465 3
      vertex 4.4478 6.39465 0
      vertex 4.53647 6.42657 3
    endloop
  endfacet
  facet normal 0.27912 -0.960256 0
    outer loop
      vertex 4.62695 6.45287 0
      vertex 4.62695 6.45287 3
      vertex 4.53647 6.42657 0
    endloop
  endfacet
  facet normal 0.27912 -0.960256 0
    outer loop
      vertex 4.53647 6.42657 3
      vertex 4.53647 6.42657 0
      vertex 4.62695 6.45287 3
    endloop
  endfacet
  facet normal 0.218065 -0.975934 0
    outer loop
      vertex 4.71892 6.47342 0
      vertex 4.71892 6.47342 3
      vertex 4.62695 6.45287 0
    endloop
  endfacet
  facet normal 0.218065 -0.975934 0
    outer loop
      vertex 4.62695 6.45287 3
      vertex 4.62695 6.45287 0
      vertex 4.71892 6.47342 3
    endloop
  endfacet
  facet normal 0.156409 -0.987692 0
    outer loop
      vertex 4.812 6.48816 0
      vertex 4.812 6.48816 3
      vertex 4.71892 6.47342 0
    endloop
  endfacet
  facet normal 0.156409 -0.987692 0
    outer loop
      vertex 4.71892 6.47342 3
      vertex 4.71892 6.47342 0
      vertex 4.812 6.48816 3
    endloop
  endfacet
  facet normal 0.0942382 -0.99555 0
    outer loop
      vertex 4.90581 6.49704 0
      vertex 4.90581 6.49704 3
      vertex 4.812 6.48816 0
    endloop
  endfacet
  facet normal 0.0942382 -0.99555 0
    outer loop
      vertex 4.812 6.48816 3
      vertex 4.812 6.48816 0
      vertex 4.90581 6.49704 3
    endloop
  endfacet
  facet normal 0.0314103 -0.999507 0
    outer loop
      vertex 5 6.5 0
      vertex 5 6.5 3
      vertex 4.90581 6.49704 0
    endloop
  endfacet
  facet normal 0.0314103 -0.999507 0
    outer loop
      vertex 4.90581 6.49704 3
      vertex 4.90581 6.49704 0
      vertex 5 6.5 3
    endloop
  endfacet
  facet normal -0.0314137 -0.999506 0
    outer loop
      vertex 5.09418 6.49704 0
      vertex 5.09418 6.49704 3
      vertex 5 6.5 0
    endloop
  endfacet
  facet normal -0.0314137 -0.999506 -0
    outer loop
      vertex 5 6.5 3
      vertex 5 6.5 0
      vertex 5.09418 6.49704 3
    endloop
  endfacet
  facet normal -0.0942382 -0.99555 0
    outer loop
      vertex 5.18799 6.48816 0
      vertex 5.18799 6.48816 3
      vertex 5.09418 6.49704 0
    endloop
  endfacet
  facet normal -0.0942382 -0.99555 -0
    outer loop
      vertex 5.09418 6.49704 3
      vertex 5.09418 6.49704 0
      vertex 5.18799 6.48816 3
    endloop
  endfacet
  facet normal -0.156409 -0.987692 0
    outer loop
      vertex 5.28107 6.47342 0
      vertex 5.28107 6.47342 3
      vertex 5.18799 6.48816 0
    endloop
  endfacet
  facet normal -0.156409 -0.987692 -0
    outer loop
      vertex 5.18799 6.48816 3
      vertex 5.18799 6.48816 0
      vertex 5.28107 6.47342 3
    endloop
  endfacet
  facet normal -0.218088 -0.975929 0
    outer loop
      vertex 5.37303 6.45287 0
      vertex 5.37303 6.45287 3
      vertex 5.28107 6.47342 0
    endloop
  endfacet
  facet normal -0.218088 -0.975929 -0
    outer loop
      vertex 5.28107 6.47342 3
      vertex 5.28107 6.47342 0
      vertex 5.37303 6.45287 3
    endloop
  endfacet
  facet normal -0.279091 -0.960265 0
    outer loop
      vertex 5.46352 6.42657 0
      vertex 5.46352 6.42657 3
      vertex 5.37303 6.45287 0
    endloop
  endfacet
  facet normal -0.279091 -0.960265 -0
    outer loop
      vertex 5.37303 6.45287 3
      vertex 5.37303 6.45287 0
      vertex 5.46352 6.42657 3
    endloop
  endfacet
  facet normal -0.338708 -0.940891 0
    outer loop
      vertex 5.55219 6.39465 0
      vertex 5.55219 6.39465 3
      vertex 5.46352 6.42657 0
    endloop
  endfacet
  facet normal -0.338708 -0.940891 -0
    outer loop
      vertex 5.46352 6.42657 3
      vertex 5.46352 6.42657 0
      vertex 5.55219 6.39465 3
    endloop
  endfacet
  facet normal -0.397068 -0.917789 0
    outer loop
      vertex 5.63866 6.35724 0
      vertex 5.63866 6.35724 3
      vertex 5.55219 6.39465 0
    endloop
  endfacet
  facet normal -0.397068 -0.917789 -0
    outer loop
      vertex 5.55219 6.39465 3
      vertex 5.55219 6.39465 0
      vertex 5.63866 6.35724 3
    endloop
  endfacet
  facet normal -0.454034 -0.890984 0
    outer loop
      vertex 5.72263 6.31445 0
      vertex 5.72263 6.31445 3
      vertex 5.63866 6.35724 0
    endloop
  endfacet
  facet normal -0.454034 -0.890984 -0
    outer loop
      vertex 5.63866 6.35724 3
      vertex 5.63866 6.35724 0
      vertex 5.72263 6.31445 3
    endloop
  endfacet
  facet normal -0.509101 -0.860707 0
    outer loop
      vertex 5.80373 6.26648 0
      vertex 5.80373 6.26648 3
      vertex 5.72263 6.31445 0
    endloop
  endfacet
  facet normal -0.509101 -0.860707 -0
    outer loop
      vertex 5.72263 6.31445 3
      vertex 5.72263 6.31445 0
      vertex 5.80373 6.26648 3
    endloop
  endfacet
  facet normal -0.562026 -0.82712 0
    outer loop
      vertex 5.88167 6.21352 0
      vertex 5.88167 6.21352 3
      vertex 5.80373 6.26648 0
    endloop
  endfacet
  facet normal -0.562026 -0.82712 -0
    outer loop
      vertex 5.80373 6.26648 3
      vertex 5.80373 6.26648 0
      vertex 5.88167 6.21352 3
    endloop
  endfacet
  facet normal -0.612926 -0.79014 0
    outer loop
      vertex 5.95613 6.15576 0
      vertex 5.95613 6.15576 3
      vertex 5.88167 6.21352 0
    endloop
  endfacet
  facet normal -0.612926 -0.79014 -0
    outer loop
      vertex 5.88167 6.21352 3
      vertex 5.88167 6.21352 0
      vertex 5.95613 6.15576 3
    endloop
  endfacet
  facet normal -0.661355 -0.750073 0
    outer loop
      vertex 6.02681 6.09344 0
      vertex 6.02681 6.09344 3
      vertex 5.95613 6.15576 0
    endloop
  endfacet
  facet normal -0.661355 -0.750073 -0
    outer loop
      vertex 5.95613 6.15576 3
      vertex 5.95613 6.15576 0
      vertex 6.02681 6.09344 3
    endloop
  endfacet
  facet normal -0.707107 -0.707107 0
    outer loop
      vertex 6.09344 6.02681 0
      vertex 6.09344 6.02681 3
      vertex 6.02681 6.09344 0
    endloop
  endfacet
  facet normal -0.707107 -0.707107 -0
    outer loop
      vertex 6.02681 6.09344 3
      vertex 6.02681 6.09344 0
      vertex 6.09344 6.02681 3
    endloop
  endfacet
  facet normal -0.750073 -0.661355 0
    outer loop
      vertex 6.15576 5.95613 0
      vertex 6.15576 5.95613 3
      vertex 6.09344 6.02681 0
    endloop
  endfacet
  facet normal -0.750073 -0.661355 -0
    outer loop
      vertex 6.09344 6.02681 3
      vertex 6.09344 6.02681 0
      vertex 6.15576 5.95613 3
    endloop
  endfacet
  facet normal -0.79014 -0.612926 0
    outer loop
      vertex 6.21352 5.88167 0
      vertex 6.21352 5.88167 3
      vertex 6.15576 5.95613 0
    endloop
  endfacet
  facet normal -0.79014 -0.612926 -0
    outer loop
      vertex 6.15576 5.95613 3
      vertex 6.15576 5.95613 0
      vertex 6.21352 5.88167 3
    endloop
  endfacet
  facet normal -0.82712 -0.562026 0
    outer loop
      vertex 6.26648 5.80373 0
      vertex 6.26648 5.80373 3
      vertex 6.21352 5.88167 0
    endloop
  endfacet
  facet normal -0.82712 -0.562026 -0
    outer loop
      vertex 6.21352 5.88167 3
      vertex 6.21352 5.88167 0
      vertex 6.26648 5.80373 3
    endloop
  endfacet
  facet normal -0.860707 -0.509101 0
    outer loop
      vertex 6.31445 5.72263 0
      vertex 6.31445 5.72263 3
      vertex 6.26648 5.80373 0
    endloop
  endfacet
  facet normal -0.860707 -0.509101 -0
    outer loop
      vertex 6.26648 5.80373 3
      vertex 6.26648 5.80373 0
      vertex 6.31445 5.72263 3
    endloop
  endfacet
  facet normal -0.890984 -0.454034 0
    outer loop
      vertex 6.35724 5.63866 0
      vertex 6.35724 5.63866 3
      vertex 6.31445 5.72263 0
    endloop
  endfacet
  facet normal -0.890984 -0.454034 -0
    outer loop
      vertex 6.31445 5.72263 3
      vertex 6.31445 5.72263 0
      vertex 6.35724 5.63866 3
    endloop
  endfacet
  facet normal -0.917789 -0.397068 0
    outer loop
      vertex 6.39465 5.55219 0
      vertex 6.39465 5.55219 3
      vertex 6.35724 5.63866 0
    endloop
  endfacet
  facet normal -0.917789 -0.397068 -0
    outer loop
      vertex 6.35724 5.63866 3
      vertex 6.35724 5.63866 0
      vertex 6.39465 5.55219 3
    endloop
  endfacet
  facet normal -0.940891 -0.338708 0
    outer loop
      vertex 6.42657 5.46352 0
      vertex 6.42657 5.46352 3
      vertex 6.39465 5.55219 0
    endloop
  endfacet
  facet normal -0.940891 -0.338708 -0
    outer loop
      vertex 6.39465 5.55219 3
      vertex 6.39465 5.55219 0
      vertex 6.42657 5.46352 3
    endloop
  endfacet
  facet normal -0.960265 -0.279091 0
    outer loop
      vertex 6.45287 5.37303 0
      vertex 6.45287 5.37303 3
      vertex 6.42657 5.46352 0
    endloop
  endfacet
  facet normal -0.960265 -0.279091 -0
    outer loop
      vertex 6.42657 5.46352 3
      vertex 6.42657 5.46352 0
      vertex 6.45287 5.37303 3
    endloop
  endfacet
  facet normal -0.975929 -0.218088 0
    outer loop
      vertex 6.47342 5.28107 0
      vertex 6.47342 5.28107 3
      vertex 6.45287 5.37303 0
    endloop
  endfacet
  facet normal -0.975929 -0.218088 -0
    outer loop
      vertex 6.45287 5.37303 3
      vertex 6.45287 5.37303 0
      vertex 6.47342 5.28107 3
    endloop
  endfacet
  facet normal -0.987692 -0.156409 0
    outer loop
      vertex 6.48816 5.18799 0
      vertex 6.48816 5.18799 3
      vertex 6.47342 5.28107 0
    endloop
  endfacet
  facet normal -0.987692 -0.156409 -0
    outer loop
      vertex 6.47342 5.28107 3
      vertex 6.47342 5.28107 0
      vertex 6.48816 5.18799 3
    endloop
  endfacet
  facet normal -0.99555 -0.0942382 0
    outer loop
      vertex 6.49704 5.09418 0
      vertex 6.49704 5.09418 3
      vertex 6.48816 5.18799 0
    endloop
  endfacet
  facet normal -0.99555 -0.0942382 -0
    outer loop
      vertex 6.48816 5.18799 3
      vertex 6.48816 5.18799 0
      vertex 6.49704 5.09418 3
    endloop
  endfacet
  facet normal -0.999506 -0.0314137 0
    outer loop
      vertex 6.5 5 0
      vertex 6.5 5 3
      vertex 6.49704 5.09418 0
    endloop
  endfacet
  facet normal -0.999506 -0.0314137 -0
    outer loop
      vertex 6.49704 5.09418 3
      vertex 6.49704 5.09418 0
      vertex 6.5 5 3
    endloop
  endfacet
  facet normal -0.999507 0.0314103 0
    outer loop
      vertex 6.49704 4.90581 0
      vertex 6.49704 4.90581 3
      vertex 6.5 5 0
    endloop
  endfacet
  facet normal -0.999507 0.0314103 0
    outer loop
      vertex 6.5 5 3
      vertex 6.5 5 0
      vertex 6.49704 4.90581 3
    endloop
  endfacet
  facet normal -0.99555 0.0942382 0
    outer loop
      vertex 6.48816 4.812 0
      vertex 6.48816 4.812 3
      vertex 6.49704 4.90581 0
    endloop
  endfacet
  facet normal -0.99555 0.0942382 0
    outer loop
      vertex 6.49704 4.90581 3
      vertex 6.49704 4.90581 0
      vertex 6.48816 4.812 3
    endloop
  endfacet
  facet normal -0.987692 0.156409 0
    outer loop
      vertex 6.47342 4.71892 0
      vertex 6.47342 4.71892 3
      vertex 6.48816 4.812 0
    endloop
  endfacet
  facet normal -0.987692 0.156409 0
    outer loop
      vertex 6.48816 4.812 3
      vertex 6.48816 4.812 0
      vertex 6.47342 4.71892 3
    endloop
  endfacet
  facet normal -0.975934 0.218065 0
    outer loop
      vertex 6.45287 4.62695 0
      vertex 6.45287 4.62695 3
      vertex 6.47342 4.71892 0
    endloop
  endfacet
  facet normal -0.975934 0.218065 0
    outer loop
      vertex 6.47342 4.71892 3
      vertex 6.47342 4.71892 0
      vertex 6.45287 4.62695 3
    endloop
  endfacet
  facet normal -0.960256 0.27912 0
    outer loop
      vertex 6.42657 4.53647 0
      vertex 6.42657 4.53647 3
      vertex 6.45287 4.62695 0
    endloop
  endfacet
  facet normal -0.960256 0.27912 0
    outer loop
      vertex 6.45287 4.62695 3
      vertex 6.45287 4.62695 0
      vertex 6.42657 4.53647 3
    endloop
  endfacet
  facet normal -0.940891 0.338708 0
    outer loop
      vertex 6.39465 4.4478 0
      vertex 6.39465 4.4478 3
      vertex 6.42657 4.53647 0
    endloop
  endfacet
  facet normal -0.940891 0.338708 0
    outer loop
      vertex 6.42657 4.53647 3
      vertex 6.42657 4.53647 0
      vertex 6.39465 4.4478 3
    endloop
  endfacet
  facet normal -0.917789 0.397068 0
    outer loop
      vertex 6.35724 4.36133 0
      vertex 6.35724 4.36133 3
      vertex 6.39465 4.4478 0
    endloop
  endfacet
  facet normal -0.917789 0.397068 0
    outer loop
      vertex 6.39465 4.4478 3
      vertex 6.39465 4.4478 0
      vertex 6.35724 4.36133 3
    endloop
  endfacet
  facet normal -0.890984 0.454034 0
    outer loop
      vertex 6.31445 4.27736 0
      vertex 6.31445 4.27736 3
      vertex 6.35724 4.36133 0
    endloop
  endfacet
  facet normal -0.890984 0.454034 0
    outer loop
      vertex 6.35724 4.36133 3
      vertex 6.35724 4.36133 0
      vertex 6.31445 4.27736 3
    endloop
  endfacet
  facet normal -0.860707 0.509101 0
    outer loop
      vertex 6.26648 4.19626 0
      vertex 6.26648 4.19626 3
      vertex 6.31445 4.27736 0
    endloop
  endfacet
  facet normal -0.860707 0.509101 0
    outer loop
      vertex 6.31445 4.27736 3
      vertex 6.31445 4.27736 0
      vertex 6.26648 4.19626 3
    endloop
  endfacet
  facet normal -0.82712 0.562026 0
    outer loop
      vertex 6.21352 4.11832 0
      vertex 6.21352 4.11832 3
      vertex 6.26648 4.19626 0
    endloop
  endfacet
  facet normal -0.82712 0.562026 0
    outer loop
      vertex 6.26648 4.19626 3
      vertex 6.26648 4.19626 0
      vertex 6.21352 4.11832 3
    endloop
  endfacet
  facet normal -0.79018 0.612875 0
    outer loop
      vertex 6.15576 4.04385 0
      vertex 6.15576 4.04385 3
      vertex 6.21352 4.11832 0
    endloop
  endfacet
  facet normal -0.79018 0.612875 0
    outer loop
      vertex 6.21352 4.11832 3
      vertex 6.21352 4.11832 0
      vertex 6.15576 4.04385 3
    endloop
  endfacet
  facet normal -0.750027 0.661407 0
    outer loop
      vertex 6.09344 3.97318 0
      vertex 6.09344 3.97318 3
      vertex 6.15576 4.04385 0
    endloop
  endfacet
  facet normal -0.750027 0.661407 0
    outer loop
      vertex 6.15576 4.04385 3
      vertex 6.15576 4.04385 0
      vertex 6.09344 3.97318 3
    endloop
  endfacet
  facet normal -0.70716 0.707054 0
    outer loop
      vertex 6.02681 3.90654 0
      vertex 6.02681 3.90654 3
      vertex 6.09344 3.97318 0
    endloop
  endfacet
  facet normal -0.70716 0.707054 0
    outer loop
      vertex 6.09344 3.97318 3
      vertex 6.09344 3.97318 0
      vertex 6.02681 3.90654 3
    endloop
  endfacet
  facet normal -0.661355 0.750073 0
    outer loop
      vertex 5.95613 3.84422 0
      vertex 5.95613 3.84422 3
      vertex 6.02681 3.90654 0
    endloop
  endfacet
  facet normal -0.661355 0.750073 0
    outer loop
      vertex 6.02681 3.90654 3
      vertex 6.02681 3.90654 0
      vertex 5.95613 3.84422 3
    endloop
  endfacet
  facet normal -0.61286 0.790191 0
    outer loop
      vertex 5.88167 3.78647 0
      vertex 5.88167 3.78647 3
      vertex 5.95613 3.84422 0
    endloop
  endfacet
  facet normal -0.61286 0.790191 0
    outer loop
      vertex 5.95613 3.84422 3
      vertex 5.95613 3.84422 0
      vertex 5.88167 3.78647 3
    endloop
  endfacet
  facet normal -0.562026 0.82712 0
    outer loop
      vertex 5.80373 3.73351 0
      vertex 5.80373 3.73351 3
      vertex 5.88167 3.78647 0
    endloop
  endfacet
  facet normal -0.562026 0.82712 0
    outer loop
      vertex 5.88167 3.78647 3
      vertex 5.88167 3.78647 0
      vertex 5.80373 3.73351 3
    endloop
  endfacet
  facet normal -0.50918 0.86066 0
    outer loop
      vertex 5.72263 3.68553 0
      vertex 5.72263 3.68553 3
      vertex 5.80373 3.73351 0
    endloop
  endfacet
  facet normal -0.50918 0.86066 0
    outer loop
      vertex 5.80373 3.73351 3
      vertex 5.80373 3.73351 0
      vertex 5.72263 3.68553 3
    endloop
  endfacet
  facet normal -0.45395 0.891027 0
    outer loop
      vertex 5.63866 3.64275 0
      vertex 5.63866 3.64275 3
      vertex 5.72263 3.68553 0
    endloop
  endfacet
  facet normal -0.45395 0.891027 0
    outer loop
      vertex 5.72263 3.68553 3
      vertex 5.72263 3.68553 0
      vertex 5.63866 3.64275 3
    endloop
  endfacet
  facet normal -0.397158 0.91775 0
    outer loop
      vertex 5.55219 3.60533 0
      vertex 5.55219 3.60533 3
      vertex 5.63866 3.64275 0
    endloop
  endfacet
  facet normal -0.397158 0.91775 0
    outer loop
      vertex 5.63866 3.64275 3
      vertex 5.63866 3.64275 0
      vertex 5.55219 3.60533 3
    endloop
  endfacet
  facet normal -0.338708 0.940891 0
    outer loop
      vertex 5.46352 3.57341 0
      vertex 5.46352 3.57341 3
      vertex 5.55219 3.60533 0
    endloop
  endfacet
  facet normal -0.338708 0.940891 0
    outer loop
      vertex 5.55219 3.60533 3
      vertex 5.55219 3.60533 0
      vertex 5.46352 3.57341 3
    endloop
  endfacet
  facet normal -0.278993 0.960293 0
    outer loop
      vertex 5.37303 3.54712 0
      vertex 5.37303 3.54712 3
      vertex 5.46352 3.57341 0
    endloop
  endfacet
  facet normal -0.278993 0.960293 0
    outer loop
      vertex 5.46352 3.57341 3
      vertex 5.46352 3.57341 0
      vertex 5.37303 3.54712 3
    endloop
  endfacet
  facet normal -0.218088 0.975929 0
    outer loop
      vertex 5.28107 3.52657 0
      vertex 5.28107 3.52657 3
      vertex 5.37303 3.54712 0
    endloop
  endfacet
  facet normal -0.218088 0.975929 0
    outer loop
      vertex 5.37303 3.54712 3
      vertex 5.37303 3.54712 0
      vertex 5.28107 3.52657 3
    endloop
  endfacet
  facet normal -0.156409 0.987692 0
    outer loop
      vertex 5.18799 3.51183 0
      vertex 5.18799 3.51183 3
      vertex 5.28107 3.52657 0
    endloop
  endfacet
  facet normal -0.156409 0.987692 0
    outer loop
      vertex 5.28107 3.52657 3
      vertex 5.28107 3.52657 0
      vertex 5.18799 3.51183 3
    endloop
  endfacet
  facet normal -0.0943433 0.99554 0
    outer loop
      vertex 5.09418 3.50294 0
      vertex 5.09418 3.50294 3
      vertex 5.18799 3.51183 0
    endloop
  endfacet
  facet normal -0.0943433 0.99554 0
    outer loop
      vertex 5.18799 3.51183 3
      vertex 5.18799 3.51183 0
      vertex 5.09418 3.50294 3
    endloop
  endfacet
  facet normal -0.0312016 0.999513 0
    outer loop
      vertex 5 3.5 0
      vertex 5 3.5 3
      vertex 5.09418 3.50294 0
    endloop
  endfacet
  facet normal -0.0312016 0.999513 0
    outer loop
      vertex 5.09418 3.50294 3
      vertex 5.09418 3.50294 0
      vertex 5 3.5 3
    endloop
  endfacet
  facet normal 0.0311983 0.999513 -0
    outer loop
      vertex 4.90581 3.50294 0
      vertex 4.90581 3.50294 3
      vertex 5 3.5 0
    endloop
  endfacet
  facet normal 0.0311983 0.999513 0
    outer loop
      vertex 5 3.5 3
      vertex 5 3.5 0
      vertex 4.90581 3.50294 3
    endloop
  endfacet
endsolid OpenSCAD_Model
