solid OpenSCAD_Model
  facet normal 0 0 -1
    outer loop
      vertex 0 25 0
      vertex 4.8026 21.5626 0
      vertex 4.70486 21.5471 0
    endloop
  endfacet
  facet normal -0 0 -1
    outer loop
      vertex 18.5749 19.3294 0
      vertex 6.38017 19.2412 0
      vertex 6.42509 19.3294 0
    endloop
  endfacet
  facet normal 0 0 -1
    outer loop
      vertex 3.92183 6.14812 0
      vertex 3.92183 18.8519 0
      vertex 3.99605 6.21355 0
    endloop
  endfacet
  facet normal 0 0 -1
    outer loop
      vertex 6.575 5 0
      vertex 6.57188 5.09889 0
      vertex 18.425 5 0
    endloop
  endfacet
  facet normal 0 0 -1
    outer loop
      vertex 3.85187 18.9218 0
      vertex 3.92183 18.8519 0
      vertex 3.92183 6.14812 0
    endloop
  endfacet
  facet normal 0 0 -1
    outer loop
      vertex 3.85187 6.07816 0
      vertex 3.85187 18.9218 0
      vertex 3.92183 6.14812 0
    endloop
  endfacet
  facet normal 0 0 -1
    outer loop
      vertex 3.78644 6.00394 0
      vertex 3.72578 19.0742 0
      vertex 3.78644 18.996 0
    endloop
  endfacet
  facet normal -0 0 -1
    outer loop
      vertex 3.78644 6.00394 0
      vertex 3.72578 5.92575 0
      vertex 3.72578 19.0742 0
    endloop
  endfacet
  facet normal -0 -0 -1
    outer loop
      vertex 3.72578 19.0742 0
      vertex 3.72578 5.92575 0
      vertex 3.67018 19.1561 0
    endloop
  endfacet
  facet normal 0 0 -1
    outer loop
      vertex 3.67018 19.1561 0
      vertex 3.72578 5.92575 0
      vertex 3.67018 5.84392 0
    endloop
  endfacet
  facet normal 0 0 -1
    outer loop
      vertex 3.61981 19.2412 0
      vertex 3.67018 19.1561 0
      vertex 3.67018 5.84392 0
    endloop
  endfacet
  facet normal 0 0 -1
    outer loop
      vertex 3.61981 5.75876 0
      vertex 3.61981 19.2412 0
      vertex 3.67018 5.84392 0
    endloop
  endfacet
  facet normal 0 0 -1
    outer loop
      vertex 3.61981 5.75876 0
      vertex 3.57489 19.3294 0
      vertex 3.61981 19.2412 0
    endloop
  endfacet
  facet normal -0 0 -1
    outer loop
      vertex 3.61981 5.75876 0
      vertex 3.57489 5.67059 0
      vertex 3.57489 19.3294 0
    endloop
  endfacet
  facet normal 0 0 -1
    outer loop
      vertex 0 0 0
      vertex 5 3.42499 0
      vertex 5.09889 3.4281 0
    endloop
  endfacet
  facet normal 0 0 -1
    outer loop
      vertex 3.43741 5.19739 0
      vertex 3.4281 5.09889 0
      vertex 0 0 0
    endloop
  endfacet
  facet normal 0 0 -1
    outer loop
      vertex 0 25 0
      vertex 3.5356 19.4202 0
      vertex 0 0 0
    endloop
  endfacet
  facet normal 0 0 -1
    outer loop
      vertex 0 25 0
      vertex 3.50208 19.5133 0
      vertex 3.5356 19.4202 0
    endloop
  endfacet
  facet normal 0 0 -1
    outer loop
      vertex 0 25 0
      vertex 3.47447 19.6083 0
      vertex 3.50208 19.5133 0
    endloop
  endfacet
  facet normal 0 0 -1
    outer loop
      vertex 0 25 0
      vertex 3.4529 19.7049 0
      vertex 3.47447 19.6083 0
    endloop
  endfacet
  facet normal 0 0 -1
    outer loop
      vertex 0 25 0
      vertex 3.43741 19.8026 0
      vertex 3.4529 19.7049 0
    endloop
  endfacet
  facet normal 0 0 -1
    outer loop
      vertex 0 25 0
      vertex 3.4281 19.9011 0
      vertex 3.43741 19.8026 0
    endloop
  endfacet
  facet normal 0 0 -1
    outer loop
      vertex 0 25 0
      vertex 3.42499 20 0
      vertex 3.4281 19.9011 0
    endloop
  endfacet
  facet normal 0 0 -1
    outer loop
      vertex 0 25 0
      vertex 3.4281 20.0989 0
      vertex 3.42499 20 0
    endloop
  endfacet
  facet normal 0 0 -1
    outer loop
      vertex 0 25 0
      vertex 3.43741 20.1974 0
      vertex 3.4281 20.0989 0
    endloop
  endfacet
  facet normal 0 0 -1
    outer loop
      vertex 0 25 0
      vertex 3.4529 20.2951 0
      vertex 3.43741 20.1974 0
    endloop
  endfacet
  facet normal 0 0 -1
    outer loop
      vertex 0 25 0
      vertex 3.47447 20.3917 0
      vertex 3.4529 20.2951 0
    endloop
  endfacet
  facet normal 0 0 -1
    outer loop
      vertex 0 25 0
      vertex 3.50208 20.4867 0
      vertex 3.47447 20.3917 0
    endloop
  endfacet
  facet normal 0 0 -1
    outer loop
      vertex 0 25 0
      vertex 3.5356 20.5798 0
      vertex 3.50208 20.4867 0
    endloop
  endfacet
  facet normal 0 0 -1
    outer loop
      vertex 0 25 0
      vertex 3.57489 20.6706 0
      vertex 3.5356 20.5798 0
    endloop
  endfacet
  facet normal 0 0 -1
    outer loop
      vertex 0 25 0
      vertex 3.61981 20.7588 0
      vertex 3.57489 20.6706 0
    endloop
  endfacet
  facet normal 0 0 -1
    outer loop
      vertex 0 25 0
      vertex 3.67018 20.8439 0
      vertex 3.61981 20.7588 0
    endloop
  endfacet
  facet normal 0 0 -1
    outer loop
      vertex 0 25 0
      vertex 3.72578 20.9258 0
      vertex 3.67018 20.8439 0
    endloop
  endfacet
  facet normal 0 0 -1
    outer loop
      vertex 0 25 0
      vertex 3.78644 21.0039 0
      vertex 3.72578 20.9258 0
    endloop
  endfacet
  facet normal 0 0 -1
    outer loop
      vertex 0 25 0
      vertex 3.85187 21.0782 0
      vertex 3.78644 21.0039 0
    endloop
  endfacet
  facet normal 0 0 -1
    outer loop
      vertex 0 25 0
      vertex 3.92183 21.1481 0
      vertex 3.85187 21.0782 0
    endloop
  endfacet
  facet normal 0 0 -1
    outer loop
      vertex 0 25 0
      vertex 3.99605 21.2135 0
      vertex 3.92183 21.1481 0
    endloop
  endfacet
  facet normal 0 0 -1
    outer loop
      vertex 0 25 0
      vertex 4.07423 21.2742 0
      vertex 3.99605 21.2135 0
    endloop
  endfacet
  facet normal 0 0 -1
    outer loop
      vertex 0 25 0
      vertex 4.15607 21.3298 0
      vertex 4.07423 21.2742 0
    endloop
  endfacet
  facet normal 0 0 -1
    outer loop
      vertex 0 25 0
      vertex 4.24123 21.3802 0
      vertex 4.15607 21.3298 0
    endloop
  endfacet
  facet normal 0 0 -1
    outer loop
      vertex 0 25 0
      vertex 4.32939 21.4251 0
      vertex 4.24123 21.3802 0
    endloop
  endfacet
  facet normal 0 0 -1
    outer loop
      vertex 0 25 0
      vertex 4.4202 21.4644 0
      vertex 4.32939 21.4251 0
    endloop
  endfacet
  facet normal 0 0 -1
    outer loop
      vertex 0 25 0
      vertex 4.51329 21.4979 0
      vertex 4.4202 21.4644 0
    endloop
  endfacet
  facet normal 0 0 -1
    outer loop
      vertex 0 25 0
      vertex 4.60831 21.5255 0
      vertex 4.51329 21.4979 0
    endloop
  endfacet
  facet normal 0 0 -1
    outer loop
      vertex 0 25 0
      vertex 4.70486 21.5471 0
      vertex 4.60831 21.5255 0
    endloop
  endfacet
  facet normal -0 0 -1
    outer loop
      vertex 4.90109 21.5719 0
      vertex 4.8026 21.5626 0
      vertex 0 25 0
    endloop
  endfacet
  facet normal -0 0 -1
    outer loop
      vertex 5 21.575 0
      vertex 4.90109 21.5719 0
      vertex 0 25 0
    endloop
  endfacet
  facet normal 0 0 -1
    outer loop
      vertex 5.09889 21.5719 0
      vertex 5 21.575 0
      vertex 0 25 0
    endloop
  endfacet
  facet normal 0 0 -1
    outer loop
      vertex 5.19739 21.5626 0
      vertex 5.09889 21.5719 0
      vertex 0 25 0
    endloop
  endfacet
  facet normal 0 0 -1
    outer loop
      vertex 5.29512 21.5471 0
      vertex 5.19739 21.5626 0
      vertex 0 25 0
    endloop
  endfacet
  facet normal 0 0 -1
    outer loop
      vertex 5.39168 21.5255 0
      vertex 5.29512 21.5471 0
      vertex 0 25 0
    endloop
  endfacet
  facet normal 0 0 -1
    outer loop
      vertex 5.48669 21.4979 0
      vertex 5.39168 21.5255 0
      vertex 0 25 0
    endloop
  endfacet
  facet normal 0 0 -1
    outer loop
      vertex 5.57979 21.4644 0
      vertex 5.48669 21.4979 0
      vertex 0 25 0
    endloop
  endfacet
  facet normal 0 0 -1
    outer loop
      vertex 19.4202 21.4644 0
      vertex 5.57979 21.4644 0
      vertex 0 25 0
    endloop
  endfacet
  facet normal -0 0 -1
    outer loop
      vertex 19.1561 21.3298 0
      vertex 19.0742 21.2742 0
      vertex 5.84392 21.3298 0
    endloop
  endfacet
  facet normal 0 0 -1
    outer loop
      vertex 6.07816 21.1481 0
      vertex 18.8519 21.0782 0
      vertex 6.14812 21.0782 0
    endloop
  endfacet
  facet normal 0 0 -1
    outer loop
      vertex 18.6702 20.8439 0
      vertex 6.2742 20.9258 0
      vertex 18.7258 20.9258 0
    endloop
  endfacet
  facet normal 0 0 -1
    outer loop
      vertex 6.38017 20.7588 0
      vertex 18.5749 20.6706 0
      vertex 6.42509 20.6706 0
    endloop
  endfacet
  facet normal 0 0 -1
    outer loop
      vertex 18.4745 20.3917 0
      vertex 6.49791 20.4867 0
      vertex 18.5021 20.4867 0
    endloop
  endfacet
  facet normal 0 0 -1
    outer loop
      vertex 6.54709 20.2951 0
      vertex 18.4374 20.1974 0
      vertex 6.56258 20.1974 0
    endloop
  endfacet
  facet normal 0 0 -1
    outer loop
      vertex 6.57188 19.9011 0
      vertex 18.425 20 0
      vertex 18.4281 19.9011 0
    endloop
  endfacet
  facet normal 0 0 -1
    outer loop
      vertex 18.4745 19.6083 0
      vertex 6.52551 19.6083 0
      vertex 18.4529 19.7049 0
    endloop
  endfacet
  facet normal 0 0 -1
    outer loop
      vertex 6.46439 19.4202 0
      vertex 18.5021 19.5133 0
      vertex 18.5356 19.4202 0
    endloop
  endfacet
  facet normal 0 0 -1
    outer loop
      vertex 6.42509 19.3294 0
      vertex 6.46439 19.4202 0
      vertex 18.5356 19.4202 0
    endloop
  endfacet
  facet normal 0 0 -1
    outer loop
      vertex 18.5749 19.3294 0
      vertex 6.42509 19.3294 0
      vertex 18.5356 19.4202 0
    endloop
  endfacet
  facet normal 0 0 -1
    outer loop
      vertex 18.6198 19.2412 0
      vertex 6.38017 19.2412 0
      vertex 18.5749 19.3294 0
    endloop
  endfacet
  facet normal -0 0 -1
    outer loop
      vertex 18.6198 19.2412 0
      vertex 6.3298 19.1561 0
      vertex 6.38017 19.2412 0
    endloop
  endfacet
  facet normal -0 0 -1
    outer loop
      vertex 18.6702 19.1561 0
      vertex 6.2742 19.0742 0
      vertex 6.3298 19.1561 0
    endloop
  endfacet
  facet normal 0 -0 -1
    outer loop
      vertex 18.6702 19.1561 0
      vertex 18.7258 19.0742 0
      vertex 6.2742 19.0742 0
    endloop
  endfacet
  facet normal 0 -0 -1
    outer loop
      vertex 6.2742 19.0742 0
      vertex 18.7258 19.0742 0
      vertex 6.21355 18.996 0
    endloop
  endfacet
  facet normal 0 0 -1
    outer loop
      vertex 6.21355 18.996 0
      vertex 18.7258 19.0742 0
      vertex 18.7864 18.996 0
    endloop
  endfacet
  facet normal 0 0 -1
    outer loop
      vertex 6.14812 18.9218 0
      vertex 6.21355 18.996 0
      vertex 18.7864 18.996 0
    endloop
  endfacet
  facet normal 0 0 -1
    outer loop
      vertex 18.8519 18.9218 0
      vertex 6.14812 18.9218 0
      vertex 18.7864 18.996 0
    endloop
  endfacet
  facet normal 0 0 -1
    outer loop
      vertex 6.07816 6.14812 0
      vertex 6.07816 18.8519 0
      vertex 6.14812 6.07816 0
    endloop
  endfacet
  facet normal -0 -0 -1
    outer loop
      vertex 18.8519 18.9218 0
      vertex 18.8519 6.07816 0
      vertex 6.14812 18.9218 0
    endloop
  endfacet
  facet normal 0 0 -1
    outer loop
      vertex 18.6702 5.84392 0
      vertex 6.2742 5.92575 0
      vertex 18.7258 5.92575 0
    endloop
  endfacet
  facet normal 0 0 -1
    outer loop
      vertex 6.46439 5.57979 0
      vertex 6.42509 5.67059 0
      vertex 18.5356 5.57979 0
    endloop
  endfacet
  facet normal 0 0 -1
    outer loop
      vertex 4.24123 18.6198 0
      vertex 4.32939 18.5749 0
      vertex 4.32939 6.42509 0
    endloop
  endfacet
  facet normal 0 0 -1
    outer loop
      vertex 6.49791 5.48669 0
      vertex 18.5021 5.48669 0
      vertex 18.4745 5.39168 0
    endloop
  endfacet
  facet normal 0 -0 -1
    outer loop
      vertex 5.84392 18.6702 0
      vertex 5.84392 6.3298 0
      vertex 5.75876 18.6198 0
    endloop
  endfacet
  facet normal 0 0 -1
    outer loop
      vertex 6.56258 5.19739 0
      vertex 18.4374 5.19739 0
      vertex 18.4281 5.09889 0
    endloop
  endfacet
  facet normal 0 0 -1
    outer loop
      vertex 4.32939 6.42509 0
      vertex 4.32939 18.5749 0
      vertex 4.4202 6.46439 0
    endloop
  endfacet
  facet normal 0 0 -1
    outer loop
      vertex 4.60831 18.4745 0
      vertex 4.70486 6.54709 0
      vertex 4.60831 6.52551 0
    endloop
  endfacet
  facet normal 0 0 -1
    outer loop
      vertex 18.996 6.21355 0
      vertex 18.9218 18.8519 0
      vertex 18.996 18.7864 0
    endloop
  endfacet
  facet normal 0 0 -1
    outer loop
      vertex 5.57979 18.5356 0
      vertex 5.67059 18.5749 0
      vertex 5.67059 6.42509 0
    endloop
  endfacet
  facet normal 0 0 -1
    outer loop
      vertex 18.8519 18.9218 0
      vertex 18.9218 6.14812 0
      vertex 18.8519 6.07816 0
    endloop
  endfacet
  facet normal 0 0 -1
    outer loop
      vertex 18.8519 18.9218 0
      vertex 18.9218 18.8519 0
      vertex 18.9218 6.14812 0
    endloop
  endfacet
  facet normal 0 0 -1
    outer loop
      vertex 18.9218 6.14812 0
      vertex 18.9218 18.8519 0
      vertex 18.996 6.21355 0
    endloop
  endfacet
  facet normal -0 0 -1
    outer loop
      vertex 18.4281 4.90109 0
      vertex 6.56258 4.8026 0
      vertex 6.57188 4.90109 0
    endloop
  endfacet
  facet normal 0 0 -1
    outer loop
      vertex 6.54709 4.70486 0
      vertex 18.4374 4.8026 0
      vertex 18.4529 4.70486 0
    endloop
  endfacet
  facet normal -0 0 -1
    outer loop
      vertex 18.4745 4.60831 0
      vertex 6.49791 4.51329 0
      vertex 6.52551 4.60831 0
    endloop
  endfacet
  facet normal 0 0 -1
    outer loop
      vertex 6.46439 4.4202 0
      vertex 18.5021 4.51329 0
      vertex 18.5356 4.4202 0
    endloop
  endfacet
  facet normal -0 -0 -1
    outer loop
      vertex 4.07423 18.7258 0
      vertex 4.07423 6.2742 0
      vertex 3.99605 18.7864 0
    endloop
  endfacet
  facet normal 0 0 -1
    outer loop
      vertex 3.99605 18.7864 0
      vertex 4.07423 6.2742 0
      vertex 3.99605 6.21355 0
    endloop
  endfacet
  facet normal 0 0 -1
    outer loop
      vertex 3.92183 18.8519 0
      vertex 3.99605 18.7864 0
      vertex 3.99605 6.21355 0
    endloop
  endfacet
  facet normal 0 -0 -1
    outer loop
      vertex 6.49791 19.5133 0
      vertex 18.5021 19.5133 0
      vertex 6.46439 19.4202 0
    endloop
  endfacet
  facet normal 0 0 -1
    outer loop
      vertex 5 18.425 0
      vertex 5.09889 18.4281 0
      vertex 5.09889 6.57188 0
    endloop
  endfacet
  facet normal 0 0 -1
    outer loop
      vertex 18.6702 19.1561 0
      vertex 6.3298 19.1561 0
      vertex 18.6198 19.2412 0
    endloop
  endfacet
  facet normal 0 0 -1
    outer loop
      vertex 6.49791 19.5133 0
      vertex 18.4745 19.6083 0
      vertex 18.5021 19.5133 0
    endloop
  endfacet
  facet normal 0 0 -1
    outer loop
      vertex 6.49791 19.5133 0
      vertex 6.52551 19.6083 0
      vertex 18.4745 19.6083 0
    endloop
  endfacet
  facet normal 0 0 -1
    outer loop
      vertex 6.52551 19.6083 0
      vertex 6.54709 19.7049 0
      vertex 18.4529 19.7049 0
    endloop
  endfacet
  facet normal 0 0 -1
    outer loop
      vertex 18.4529 19.7049 0
      vertex 6.54709 19.7049 0
      vertex 18.4374 19.8026 0
    endloop
  endfacet
  facet normal -0 0 -1
    outer loop
      vertex 18.4374 19.8026 0
      vertex 6.54709 19.7049 0
      vertex 6.56258 19.8026 0
    endloop
  endfacet
  facet normal 0 -0 -1
    outer loop
      vertex 18.4281 19.9011 0
      vertex 18.4374 19.8026 0
      vertex 6.56258 19.8026 0
    endloop
  endfacet
  facet normal 0 -0 -1
    outer loop
      vertex 6.57188 19.9011 0
      vertex 18.4281 19.9011 0
      vertex 6.56258 19.8026 0
    endloop
  endfacet
  facet normal 0 -0 -1
    outer loop
      vertex 6.575 20 0
      vertex 18.425 20 0
      vertex 6.57188 19.9011 0
    endloop
  endfacet
  facet normal 0 0 -1
    outer loop
      vertex 6.575 20 0
      vertex 6.57188 20.0989 0
      vertex 18.425 20 0
    endloop
  endfacet
  facet normal 0 0 -1
    outer loop
      vertex 18.425 20 0
      vertex 6.57188 20.0989 0
      vertex 18.4281 20.0989 0
    endloop
  endfacet
  facet normal 0 0 -1
    outer loop
      vertex 18.4281 20.0989 0
      vertex 6.57188 20.0989 0
      vertex 6.56258 20.1974 0
    endloop
  endfacet
  facet normal -0 0 -1
    outer loop
      vertex 18.4374 20.1974 0
      vertex 18.4281 20.0989 0
      vertex 6.56258 20.1974 0
    endloop
  endfacet
  facet normal -0 0 -1
    outer loop
      vertex 18.4529 20.2951 0
      vertex 18.4374 20.1974 0
      vertex 6.54709 20.2951 0
    endloop
  endfacet
  facet normal 0 0 -1
    outer loop
      vertex 6.52551 20.3917 0
      vertex 18.4529 20.2951 0
      vertex 6.54709 20.2951 0
    endloop
  endfacet
  facet normal 0 0 -1
    outer loop
      vertex 6.52551 20.3917 0
      vertex 18.4745 20.3917 0
      vertex 18.4529 20.2951 0
    endloop
  endfacet
  facet normal 0 0 -1
    outer loop
      vertex 6.52551 20.3917 0
      vertex 6.49791 20.4867 0
      vertex 18.4745 20.3917 0
    endloop
  endfacet
  facet normal 0 0 -1
    outer loop
      vertex 6.49791 20.4867 0
      vertex 6.46439 20.5798 0
      vertex 18.5021 20.4867 0
    endloop
  endfacet
  facet normal 0 0 -1
    outer loop
      vertex 18.5021 20.4867 0
      vertex 6.46439 20.5798 0
      vertex 18.5356 20.5798 0
    endloop
  endfacet
  facet normal 0 0 -1
    outer loop
      vertex 18.5356 20.5798 0
      vertex 6.46439 20.5798 0
      vertex 6.42509 20.6706 0
    endloop
  endfacet
  facet normal -0 0 -1
    outer loop
      vertex 18.5749 20.6706 0
      vertex 18.5356 20.5798 0
      vertex 6.42509 20.6706 0
    endloop
  endfacet
  facet normal -0 0 -1
    outer loop
      vertex 18.6198 20.7588 0
      vertex 18.5749 20.6706 0
      vertex 6.38017 20.7588 0
    endloop
  endfacet
  facet normal 0 0 -1
    outer loop
      vertex 6.3298 20.8439 0
      vertex 18.6198 20.7588 0
      vertex 6.38017 20.7588 0
    endloop
  endfacet
  facet normal 0 0 -1
    outer loop
      vertex 6.3298 20.8439 0
      vertex 18.6702 20.8439 0
      vertex 18.6198 20.7588 0
    endloop
  endfacet
  facet normal 0 0 -1
    outer loop
      vertex 6.3298 20.8439 0
      vertex 6.2742 20.9258 0
      vertex 18.6702 20.8439 0
    endloop
  endfacet
  facet normal 0 0 -1
    outer loop
      vertex 6.2742 20.9258 0
      vertex 6.21355 21.0039 0
      vertex 18.7258 20.9258 0
    endloop
  endfacet
  facet normal 0 0 -1
    outer loop
      vertex 18.7258 20.9258 0
      vertex 6.21355 21.0039 0
      vertex 18.7864 21.0039 0
    endloop
  endfacet
  facet normal 0 0 -1
    outer loop
      vertex 18.7864 21.0039 0
      vertex 6.21355 21.0039 0
      vertex 6.14812 21.0782 0
    endloop
  endfacet
  facet normal -0 0 -1
    outer loop
      vertex 18.8519 21.0782 0
      vertex 18.7864 21.0039 0
      vertex 6.14812 21.0782 0
    endloop
  endfacet
  facet normal -0 0 -1
    outer loop
      vertex 18.9218 21.1481 0
      vertex 18.8519 21.0782 0
      vertex 6.07816 21.1481 0
    endloop
  endfacet
  facet normal 0 0 -1
    outer loop
      vertex 6.00394 21.2135 0
      vertex 18.9218 21.1481 0
      vertex 6.07816 21.1481 0
    endloop
  endfacet
  facet normal 0 0 -1
    outer loop
      vertex 6.00394 21.2135 0
      vertex 18.996 21.2135 0
      vertex 18.9218 21.1481 0
    endloop
  endfacet
  facet normal 0 0 -1
    outer loop
      vertex 6.00394 21.2135 0
      vertex 5.92575 21.2742 0
      vertex 18.996 21.2135 0
    endloop
  endfacet
  facet normal 0 0 -1
    outer loop
      vertex 18.996 21.2135 0
      vertex 5.92575 21.2742 0
      vertex 19.0742 21.2742 0
    endloop
  endfacet
  facet normal 0 0 -1
    outer loop
      vertex 19.0742 21.2742 0
      vertex 5.92575 21.2742 0
      vertex 5.84392 21.3298 0
    endloop
  endfacet
  facet normal 0 0 -1
    outer loop
      vertex 19.1561 21.3298 0
      vertex 5.84392 21.3298 0
      vertex 5.75876 21.3802 0
    endloop
  endfacet
  facet normal -0 0 -1
    outer loop
      vertex 19.2412 21.3802 0
      vertex 19.1561 21.3298 0
      vertex 5.75876 21.3802 0
    endloop
  endfacet
  facet normal 0 0 -1
    outer loop
      vertex 5.67059 21.4251 0
      vertex 19.2412 21.3802 0
      vertex 5.75876 21.3802 0
    endloop
  endfacet
  facet normal 0 0 -1
    outer loop
      vertex 5.67059 21.4251 0
      vertex 19.3294 21.4251 0
      vertex 19.2412 21.3802 0
    endloop
  endfacet
  facet normal 0 0 -1
    outer loop
      vertex 19.3294 21.4251 0
      vertex 5.67059 21.4251 0
      vertex 5.57979 21.4644 0
    endloop
  endfacet
  facet normal -0 0 -1
    outer loop
      vertex 19.4202 21.4644 0
      vertex 19.3294 21.4251 0
      vertex 5.57979 21.4644 0
    endloop
  endfacet
  facet normal -0 0 -1
    outer loop
      vertex 25 25 0
      vertex 19.4202 21.4644 0
      vertex 0 25 0
    endloop
  endfacet
  facet normal 0 0 -1
    outer loop
      vertex 25 25 0
      vertex 19.5133 21.4979 0
      vertex 19.4202 21.4644 0
    endloop
  endfacet
  facet normal 0 0 -1
    outer loop
      vertex 25 25 0
      vertex 19.6083 21.5255 0
      vertex 19.5133 21.4979 0
    endloop
  endfacet
  facet normal 0 0 -1
    outer loop
      vertex 25 25 0
      vertex 19.7049 21.5471 0
      vertex 19.6083 21.5255 0
    endloop
  endfacet
  facet normal 0 0 -1
    outer loop
      vertex 25 25 0
      vertex 19.8026 21.5626 0
      vertex 19.7049 21.5471 0
    endloop
  endfacet
  facet normal 0 0 -1
    outer loop
      vertex 25 25 0
      vertex 19.9011 21.5719 0
      vertex 19.8026 21.5626 0
    endloop
  endfacet
  facet normal 0 0 -1
    outer loop
      vertex 25 25 0
      vertex 20 21.575 0
      vertex 19.9011 21.5719 0
    endloop
  endfacet
  facet normal 0 0 -1
    outer loop
      vertex 25 25 0
      vertex 20.0989 21.5719 0
      vertex 20 21.575 0
    endloop
  endfacet
  facet normal 0 0 -1
    outer loop
      vertex 25 25 0
      vertex 20.1974 21.5626 0
      vertex 20.0989 21.5719 0
    endloop
  endfacet
  facet normal 0 0 -1
    outer loop
      vertex 25 25 0
      vertex 20.2951 21.5471 0
      vertex 20.1974 21.5626 0
    endloop
  endfacet
  facet normal 0 0 -1
    outer loop
      vertex 25 25 0
      vertex 20.3917 21.5255 0
      vertex 20.2951 21.5471 0
    endloop
  endfacet
  facet normal 0 0 -1
    outer loop
      vertex 25 25 0
      vertex 20.4867 21.4979 0
      vertex 20.3917 21.5255 0
    endloop
  endfacet
  facet normal 0 0 -1
    outer loop
      vertex 25 25 0
      vertex 20.5798 21.4644 0
      vertex 20.4867 21.4979 0
    endloop
  endfacet
  facet normal 0 0 -1
    outer loop
      vertex 25 25 0
      vertex 20.6706 21.4251 0
      vertex 20.5798 21.4644 0
    endloop
  endfacet
  facet normal 0 0 -1
    outer loop
      vertex 25 25 0
      vertex 20.7588 21.3802 0
      vertex 20.6706 21.4251 0
    endloop
  endfacet
  facet normal 0 0 -1
    outer loop
      vertex 25 25 0
      vertex 20.8439 21.3298 0
      vertex 20.7588 21.3802 0
    endloop
  endfacet
  facet normal 0 0 -1
    outer loop
      vertex 25 25 0
      vertex 20.9258 21.2742 0
      vertex 20.8439 21.3298 0
    endloop
  endfacet
  facet normal 0 0 -1
    outer loop
      vertex 25 25 0
      vertex 21.0039 21.2135 0
      vertex 20.9258 21.2742 0
    endloop
  endfacet
  facet normal 0 0 -1
    outer loop
      vertex 25 25 0
      vertex 21.0782 21.1481 0
      vertex 21.0039 21.2135 0
    endloop
  endfacet
  facet normal 0 0 -1
    outer loop
      vertex 25 25 0
      vertex 21.1481 21.0782 0
      vertex 21.0782 21.1481 0
    endloop
  endfacet
  facet normal 0 0 -1
    outer loop
      vertex 25 25 0
      vertex 21.2135 21.0039 0
      vertex 21.1481 21.0782 0
    endloop
  endfacet
  facet normal 0 0 -1
    outer loop
      vertex 25 25 0
      vertex 21.2742 20.9258 0
      vertex 21.2135 21.0039 0
    endloop
  endfacet
  facet normal 0 0 -1
    outer loop
      vertex 25 25 0
      vertex 21.3298 20.8439 0
      vertex 21.2742 20.9258 0
    endloop
  endfacet
  facet normal 0 0 -1
    outer loop
      vertex 21.3802 20.7588 0
      vertex 21.3298 20.8439 0
      vertex 25 25 0
    endloop
  endfacet
  facet normal 0 0 -1
    outer loop
      vertex 21.4251 20.6706 0
      vertex 21.3802 20.7588 0
      vertex 25 25 0
    endloop
  endfacet
  facet normal 0 0 -1
    outer loop
      vertex 21.4644 20.5798 0
      vertex 21.4251 20.6706 0
      vertex 25 25 0
    endloop
  endfacet
  facet normal 0 0 -1
    outer loop
      vertex 21.4979 20.4867 0
      vertex 21.4644 20.5798 0
      vertex 25 25 0
    endloop
  endfacet
  facet normal 0 0 -1
    outer loop
      vertex 21.5255 20.3917 0
      vertex 21.4979 20.4867 0
      vertex 25 25 0
    endloop
  endfacet
  facet normal 0 0 -1
    outer loop
      vertex 21.5626 20.1974 0
      vertex 21.5471 20.2951 0
      vertex 25 25 0
    endloop
  endfacet
  facet normal 0 0 -1
    outer loop
      vertex 21.5471 20.2951 0
      vertex 21.5255 20.3917 0
      vertex 25 25 0
    endloop
  endfacet
  facet normal 0 0 -1
    outer loop
      vertex 21.5719 20.0989 0
      vertex 21.5626 20.1974 0
      vertex 25 25 0
    endloop
  endfacet
  facet normal 0 0 -1
    outer loop
      vertex 21.575 20 0
      vertex 21.5719 20.0989 0
      vertex 25 25 0
    endloop
  endfacet
  facet normal 0 0 -1
    outer loop
      vertex 21.5719 19.9011 0
      vertex 21.575 20 0
      vertex 25 25 0
    endloop
  endfacet
  facet normal 0 0 -1
    outer loop
      vertex 21.5626 19.8026 0
      vertex 21.5719 19.9011 0
      vertex 25 25 0
    endloop
  endfacet
  facet normal 0 0 -1
    outer loop
      vertex 21.5471 19.7049 0
      vertex 21.5626 19.8026 0
      vertex 25 25 0
    endloop
  endfacet
  facet normal 0 0 -1
    outer loop
      vertex 21.5255 19.6083 0
      vertex 21.5471 19.7049 0
      vertex 25 25 0
    endloop
  endfacet
  facet normal 0 0 -1
    outer loop
      vertex 21.4979 19.5133 0
      vertex 21.5255 19.6083 0
      vertex 25 25 0
    endloop
  endfacet
  facet normal 0 0 -1
    outer loop
      vertex 21.4644 19.4202 0
      vertex 21.4979 19.5133 0
      vertex 25 25 0
    endloop
  endfacet
  facet normal 0 0 -1
    outer loop
      vertex 25 0 0
      vertex 21.4644 19.4202 0
      vertex 25 25 0
    endloop
  endfacet
  facet normal 0 0 -1
    outer loop
      vertex 21.3298 5.84392 0
      vertex 21.2742 19.0742 0
      vertex 21.3298 19.1561 0
    endloop
  endfacet
  facet normal 0 0 -1
    outer loop
      vertex 21.1481 6.07816 0
      vertex 21.0782 6.14812 0
      vertex 21.0782 18.8519 0
    endloop
  endfacet
  facet normal 0 0 -1
    outer loop
      vertex 20.8439 18.6702 0
      vertex 20.9258 18.7258 0
      vertex 20.9258 6.2742 0
    endloop
  endfacet
  facet normal 0 0 -1
    outer loop
      vertex 20.7588 6.38017 0
      vertex 20.6706 6.42509 0
      vertex 20.6706 18.5749 0
    endloop
  endfacet
  facet normal 0 0 -1
    outer loop
      vertex 20.3917 18.4745 0
      vertex 20.4867 18.5021 0
      vertex 20.4867 6.49791 0
    endloop
  endfacet
  facet normal 0 0 -1
    outer loop
      vertex 20.2951 6.54709 0
      vertex 20.1974 6.56258 0
      vertex 20.1974 18.4374 0
    endloop
  endfacet
  facet normal 0 0 -1
    outer loop
      vertex 19.9011 18.4281 0
      vertex 20 6.575 0
      vertex 19.9011 6.57188 0
    endloop
  endfacet
  facet normal 0 0 -1
    outer loop
      vertex 19.7049 6.54709 0
      vertex 19.6083 18.4745 0
      vertex 19.7049 18.4529 0
    endloop
  endfacet
  facet normal 0 0 -1
    outer loop
      vertex 19.4202 18.5356 0
      vertex 19.5133 18.5021 0
      vertex 19.5133 6.49791 0
    endloop
  endfacet
  facet normal 0 0 -1
    outer loop
      vertex 19.3294 18.5749 0
      vertex 19.4202 18.5356 0
      vertex 19.4202 6.46439 0
    endloop
  endfacet
  facet normal 0 0 -1
    outer loop
      vertex 19.3294 6.42509 0
      vertex 19.3294 18.5749 0
      vertex 19.4202 6.46439 0
    endloop
  endfacet
  facet normal 0 0 -1
    outer loop
      vertex 19.3294 6.42509 0
      vertex 19.2412 18.6198 0
      vertex 19.3294 18.5749 0
    endloop
  endfacet
  facet normal -0 0 -1
    outer loop
      vertex 19.3294 6.42509 0
      vertex 19.2412 6.38017 0
      vertex 19.2412 18.6198 0
    endloop
  endfacet
  facet normal -0 0 -1
    outer loop
      vertex 19.2412 6.38017 0
      vertex 19.1561 6.3298 0
      vertex 19.1561 18.6702 0
    endloop
  endfacet
  facet normal -0 -0 -1
    outer loop
      vertex 19.1561 18.6702 0
      vertex 19.1561 6.3298 0
      vertex 19.0742 18.7258 0
    endloop
  endfacet
  facet normal 0 0 -1
    outer loop
      vertex 19.0742 18.7258 0
      vertex 19.1561 6.3298 0
      vertex 19.0742 6.2742 0
    endloop
  endfacet
  facet normal 0 0 -1
    outer loop
      vertex 18.996 18.7864 0
      vertex 19.0742 18.7258 0
      vertex 19.0742 6.2742 0
    endloop
  endfacet
  facet normal 0 0 -1
    outer loop
      vertex 18.996 6.21355 0
      vertex 18.996 18.7864 0
      vertex 19.0742 6.2742 0
    endloop
  endfacet
  facet normal 0 0 -1
    outer loop
      vertex 19.9011 3.4281 0
      vertex 20 3.42499 0
      vertex 25 0 0
    endloop
  endfacet
  facet normal 0 0 -1
    outer loop
      vertex 19.7049 6.54709 0
      vertex 19.7049 18.4529 0
      vertex 19.8026 6.56258 0
    endloop
  endfacet
  facet normal 0 0 -1
    outer loop
      vertex 19.8026 3.43741 0
      vertex 19.9011 3.4281 0
      vertex 25 0 0
    endloop
  endfacet
  facet normal 0 0 -1
    outer loop
      vertex 19.4202 18.5356 0
      vertex 19.5133 6.49791 0
      vertex 19.4202 6.46439 0
    endloop
  endfacet
  facet normal 0 0 -1
    outer loop
      vertex 19.7049 3.4529 0
      vertex 19.8026 3.43741 0
      vertex 25 0 0
    endloop
  endfacet
  facet normal 0 0 -1
    outer loop
      vertex 19.6083 3.47447 0
      vertex 19.7049 3.4529 0
      vertex 25 0 0
    endloop
  endfacet
  facet normal 0 0 -1
    outer loop
      vertex 19.5133 3.50208 0
      vertex 19.6083 3.47447 0
      vertex 25 0 0
    endloop
  endfacet
  facet normal 0 0 -1
    outer loop
      vertex 19.4202 3.5356 0
      vertex 19.5133 3.50208 0
      vertex 25 0 0
    endloop
  endfacet
  facet normal 0 0 -1
    outer loop
      vertex 0 0 0
      vertex 19.4202 3.5356 0
      vertex 25 0 0
    endloop
  endfacet
  facet normal 0 0 -1
    outer loop
      vertex 5.84392 3.67018 0
      vertex 19.0742 3.72578 0
      vertex 19.1561 3.67018 0
    endloop
  endfacet
  facet normal 0 -0 -1
    outer loop
      vertex 6.00394 3.78644 0
      vertex 18.996 3.78644 0
      vertex 5.92575 3.72578 0
    endloop
  endfacet
  facet normal 0 -0 -1
    outer loop
      vertex 18.8519 3.92183 0
      vertex 18.9218 3.85187 0
      vertex 6.07816 3.85187 0
    endloop
  endfacet
  facet normal -0 0 -1
    outer loop
      vertex 18.7864 3.99605 0
      vertex 6.14812 3.92183 0
      vertex 6.21355 3.99605 0
    endloop
  endfacet
  facet normal -0 0 -1
    outer loop
      vertex 18.7258 4.07423 0
      vertex 6.21355 3.99605 0
      vertex 6.2742 4.07423 0
    endloop
  endfacet
  facet normal 0 0 -1
    outer loop
      vertex 18.6702 4.15607 0
      vertex 6.3298 4.15607 0
      vertex 18.6198 4.24123 0
    endloop
  endfacet
  facet normal 0 0 -1
    outer loop
      vertex 6.38017 4.24123 0
      vertex 6.42509 4.32939 0
      vertex 18.5749 4.32939 0
    endloop
  endfacet
  facet normal 0 0 -1
    outer loop
      vertex 6.54709 5.29512 0
      vertex 6.52551 5.39168 0
      vertex 18.4529 5.29512 0
    endloop
  endfacet
  facet normal 0 0 -1
    outer loop
      vertex 6.38017 5.75876 0
      vertex 18.6198 5.75876 0
      vertex 18.5749 5.67059 0
    endloop
  endfacet
  facet normal 0 0 -1
    outer loop
      vertex 6.14812 6.07816 0
      vertex 18.7864 6.00394 0
      vertex 6.21355 6.00394 0
    endloop
  endfacet
  facet normal 0 0 -1
    outer loop
      vertex 6.14812 6.07816 0
      vertex 18.8519 6.07816 0
      vertex 18.7864 6.00394 0
    endloop
  endfacet
  facet normal 0 0 -1
    outer loop
      vertex 6.14812 6.07816 0
      vertex 6.14812 18.9218 0
      vertex 18.8519 6.07816 0
    endloop
  endfacet
  facet normal 0 0 -1
    outer loop
      vertex 6.14812 6.07816 0
      vertex 6.07816 18.8519 0
      vertex 6.14812 18.9218 0
    endloop
  endfacet
  facet normal 0 -0 -1
    outer loop
      vertex 6.07816 18.8519 0
      vertex 6.07816 6.14812 0
      vertex 6.00394 18.7864 0
    endloop
  endfacet
  facet normal 0 -0 -1
    outer loop
      vertex 6.00394 18.7864 0
      vertex 6.00394 6.21355 0
      vertex 5.92575 18.7258 0
    endloop
  endfacet
  facet normal 0 0 -1
    outer loop
      vertex 4.15607 6.3298 0
      vertex 4.07423 18.7258 0
      vertex 4.15607 18.6702 0
    endloop
  endfacet
  facet normal 0 0 -1
    outer loop
      vertex 5.92575 6.2742 0
      vertex 5.92575 18.7258 0
      vertex 6.00394 6.21355 0
    endloop
  endfacet
  facet normal -0 0 -1
    outer loop
      vertex 4.24123 6.38017 0
      vertex 4.15607 6.3298 0
      vertex 4.15607 18.6702 0
    endloop
  endfacet
  facet normal 0 -0 -1
    outer loop
      vertex 5.92575 18.7258 0
      vertex 5.92575 6.2742 0
      vertex 5.84392 18.6702 0
    endloop
  endfacet
  facet normal 0 0 -1
    outer loop
      vertex 5.84392 6.3298 0
      vertex 5.84392 18.6702 0
      vertex 5.92575 6.2742 0
    endloop
  endfacet
  facet normal 0 0 -1
    outer loop
      vertex 4.24123 18.6198 0
      vertex 4.32939 6.42509 0
      vertex 4.24123 6.38017 0
    endloop
  endfacet
  facet normal 0 0 -1
    outer loop
      vertex 5.57979 6.46439 0
      vertex 5.48669 6.49791 0
      vertex 5.48669 18.5021 0
    endloop
  endfacet
  facet normal -0 -0 -1
    outer loop
      vertex 19.2412 18.6198 0
      vertex 19.2412 6.38017 0
      vertex 19.1561 18.6702 0
    endloop
  endfacet
  facet normal 0 0 -1
    outer loop
      vertex 19.5133 18.5021 0
      vertex 19.6083 6.52551 0
      vertex 19.5133 6.49791 0
    endloop
  endfacet
  facet normal 0 0 -1
    outer loop
      vertex 19.5133 18.5021 0
      vertex 19.6083 18.4745 0
      vertex 19.6083 6.52551 0
    endloop
  endfacet
  facet normal 0 0 -1
    outer loop
      vertex 19.6083 6.52551 0
      vertex 19.6083 18.4745 0
      vertex 19.7049 6.54709 0
    endloop
  endfacet
  facet normal 0 0 -1
    outer loop
      vertex 21.4644 5.57979 0
      vertex 21.4251 5.67059 0
      vertex 21.4251 19.3294 0
    endloop
  endfacet
  facet normal 0 0 -1
    outer loop
      vertex 19.8026 6.56258 0
      vertex 19.7049 18.4529 0
      vertex 19.8026 18.4374 0
    endloop
  endfacet
  facet normal -0 0 -1
    outer loop
      vertex 19.9011 6.57188 0
      vertex 19.8026 6.56258 0
      vertex 19.8026 18.4374 0
    endloop
  endfacet
  facet normal -0 -0 -1
    outer loop
      vertex 19.9011 18.4281 0
      vertex 19.9011 6.57188 0
      vertex 19.8026 18.4374 0
    endloop
  endfacet
  facet normal -0 -0 -1
    outer loop
      vertex 20 18.425 0
      vertex 20 6.575 0
      vertex 19.9011 18.4281 0
    endloop
  endfacet
  facet normal 0 0 -1
    outer loop
      vertex 20 18.425 0
      vertex 20.0989 6.57188 0
      vertex 20 6.575 0
    endloop
  endfacet
  facet normal 0 0 -1
    outer loop
      vertex 20 18.425 0
      vertex 20.0989 18.4281 0
      vertex 20.0989 6.57188 0
    endloop
  endfacet
  facet normal 0 0 -1
    outer loop
      vertex 20.0989 6.57188 0
      vertex 20.0989 18.4281 0
      vertex 20.1974 6.56258 0
    endloop
  endfacet
  facet normal 0 0 -1
    outer loop
      vertex 20.1974 6.56258 0
      vertex 20.0989 18.4281 0
      vertex 20.1974 18.4374 0
    endloop
  endfacet
  facet normal 0 0 -1
    outer loop
      vertex 20.2951 6.54709 0
      vertex 20.1974 18.4374 0
      vertex 20.2951 18.4529 0
    endloop
  endfacet
  facet normal 0 0 -1
    outer loop
      vertex 20.3917 6.52551 0
      vertex 20.2951 6.54709 0
      vertex 20.2951 18.4529 0
    endloop
  endfacet
  facet normal 0 -0 -1
    outer loop
      vertex 20.3917 18.4745 0
      vertex 20.3917 6.52551 0
      vertex 20.2951 18.4529 0
    endloop
  endfacet
  facet normal 0 0 -1
    outer loop
      vertex 20.3917 18.4745 0
      vertex 20.4867 6.49791 0
      vertex 20.3917 6.52551 0
    endloop
  endfacet
  facet normal 0 0 -1
    outer loop
      vertex 20.4867 18.5021 0
      vertex 20.5798 6.46439 0
      vertex 20.4867 6.49791 0
    endloop
  endfacet
  facet normal 0 0 -1
    outer loop
      vertex 20.4867 18.5021 0
      vertex 20.5798 18.5356 0
      vertex 20.5798 6.46439 0
    endloop
  endfacet
  facet normal 0 0 -1
    outer loop
      vertex 20.5798 6.46439 0
      vertex 20.5798 18.5356 0
      vertex 20.6706 6.42509 0
    endloop
  endfacet
  facet normal 0 0 -1
    outer loop
      vertex 20.6706 6.42509 0
      vertex 20.5798 18.5356 0
      vertex 20.6706 18.5749 0
    endloop
  endfacet
  facet normal 0 0 -1
    outer loop
      vertex 20.7588 6.38017 0
      vertex 20.6706 18.5749 0
      vertex 20.7588 18.6198 0
    endloop
  endfacet
  facet normal 0 0 -1
    outer loop
      vertex 20.8439 6.3298 0
      vertex 20.7588 6.38017 0
      vertex 20.7588 18.6198 0
    endloop
  endfacet
  facet normal 0 -0 -1
    outer loop
      vertex 20.8439 18.6702 0
      vertex 20.8439 6.3298 0
      vertex 20.7588 18.6198 0
    endloop
  endfacet
  facet normal 0 0 -1
    outer loop
      vertex 20.8439 18.6702 0
      vertex 20.9258 6.2742 0
      vertex 20.8439 6.3298 0
    endloop
  endfacet
  facet normal 0 0 -1
    outer loop
      vertex 20.9258 18.7258 0
      vertex 21.0039 6.21355 0
      vertex 20.9258 6.2742 0
    endloop
  endfacet
  facet normal 0 0 -1
    outer loop
      vertex 20.9258 18.7258 0
      vertex 21.0039 18.7864 0
      vertex 21.0039 6.21355 0
    endloop
  endfacet
  facet normal 0 0 -1
    outer loop
      vertex 21.0039 6.21355 0
      vertex 21.0039 18.7864 0
      vertex 21.0782 6.14812 0
    endloop
  endfacet
  facet normal 0 0 -1
    outer loop
      vertex 21.0782 6.14812 0
      vertex 21.0039 18.7864 0
      vertex 21.0782 18.8519 0
    endloop
  endfacet
  facet normal 0 0 -1
    outer loop
      vertex 21.1481 6.07816 0
      vertex 21.0782 18.8519 0
      vertex 21.1481 18.9218 0
    endloop
  endfacet
  facet normal 0 0 -1
    outer loop
      vertex 21.2135 6.00394 0
      vertex 21.1481 6.07816 0
      vertex 21.1481 18.9218 0
    endloop
  endfacet
  facet normal 0 -0 -1
    outer loop
      vertex 21.2135 18.996 0
      vertex 21.2135 6.00394 0
      vertex 21.1481 18.9218 0
    endloop
  endfacet
  facet normal 0 0 -1
    outer loop
      vertex 21.2135 18.996 0
      vertex 21.2742 5.92575 0
      vertex 21.2135 6.00394 0
    endloop
  endfacet
  facet normal 0 0 -1
    outer loop
      vertex 21.2135 18.996 0
      vertex 21.2742 19.0742 0
      vertex 21.2742 5.92575 0
    endloop
  endfacet
  facet normal 0 0 -1
    outer loop
      vertex 21.2742 5.92575 0
      vertex 21.2742 19.0742 0
      vertex 21.3298 5.84392 0
    endloop
  endfacet
  facet normal 0 0 -1
    outer loop
      vertex 21.3298 5.84392 0
      vertex 21.3298 19.1561 0
      vertex 21.3802 5.75876 0
    endloop
  endfacet
  facet normal 0 0 -1
    outer loop
      vertex 21.3802 5.75876 0
      vertex 21.3298 19.1561 0
      vertex 21.3802 19.2412 0
    endloop
  endfacet
  facet normal 0 0 -1
    outer loop
      vertex 21.4251 5.67059 0
      vertex 21.3802 5.75876 0
      vertex 21.3802 19.2412 0
    endloop
  endfacet
  facet normal 0 -0 -1
    outer loop
      vertex 21.4251 19.3294 0
      vertex 21.4251 5.67059 0
      vertex 21.3802 19.2412 0
    endloop
  endfacet
  facet normal 0 -0 -1
    outer loop
      vertex 21.4644 19.4202 0
      vertex 21.4644 5.57979 0
      vertex 21.4251 19.3294 0
    endloop
  endfacet
  facet normal 0 0 -1
    outer loop
      vertex 21.4644 19.4202 0
      vertex 25 0 0
      vertex 21.4644 5.57979 0
    endloop
  endfacet
  facet normal 0 0 -1
    outer loop
      vertex 21.4644 5.57979 0
      vertex 25 0 0
      vertex 21.4979 5.48669 0
    endloop
  endfacet
  facet normal 0 0 -1
    outer loop
      vertex 21.4979 5.48669 0
      vertex 25 0 0
      vertex 21.5255 5.39168 0
    endloop
  endfacet
  facet normal 0 0 -1
    outer loop
      vertex 21.5255 5.39168 0
      vertex 25 0 0
      vertex 21.5471 5.29512 0
    endloop
  endfacet
  facet normal 0 0 -1
    outer loop
      vertex 21.5471 5.29512 0
      vertex 25 0 0
      vertex 21.5626 5.19739 0
    endloop
  endfacet
  facet normal 0 0 -1
    outer loop
      vertex 21.5626 5.19739 0
      vertex 25 0 0
      vertex 21.5719 5.09889 0
    endloop
  endfacet
  facet normal 0 0 -1
    outer loop
      vertex 21.5719 5.09889 0
      vertex 25 0 0
      vertex 21.575 5 0
    endloop
  endfacet
  facet normal 0 -0 -1
    outer loop
      vertex 21.575 5 0
      vertex 25 0 0
      vertex 21.5719 4.90109 0
    endloop
  endfacet
  facet normal 0 -0 -1
    outer loop
      vertex 21.5719 4.90109 0
      vertex 25 0 0
      vertex 21.5626 4.8026 0
    endloop
  endfacet
  facet normal 0 -0 -1
    outer loop
      vertex 21.5626 4.8026 0
      vertex 25 0 0
      vertex 21.5471 4.70486 0
    endloop
  endfacet
  facet normal 0 -0 -1
    outer loop
      vertex 21.5471 4.70486 0
      vertex 25 0 0
      vertex 21.5255 4.60831 0
    endloop
  endfacet
  facet normal 0 -0 -1
    outer loop
      vertex 21.5255 4.60831 0
      vertex 25 0 0
      vertex 21.4979 4.51329 0
    endloop
  endfacet
  facet normal 0 -0 -1
    outer loop
      vertex 21.4979 4.51329 0
      vertex 25 0 0
      vertex 21.4644 4.4202 0
    endloop
  endfacet
  facet normal 0 -0 -1
    outer loop
      vertex 21.4644 4.4202 0
      vertex 25 0 0
      vertex 21.4251 4.32939 0
    endloop
  endfacet
  facet normal 0 -0 -1
    outer loop
      vertex 21.4251 4.32939 0
      vertex 25 0 0
      vertex 21.3802 4.24123 0
    endloop
  endfacet
  facet normal 0 -0 -1
    outer loop
      vertex 21.3802 4.24123 0
      vertex 25 0 0
      vertex 21.3298 4.15607 0
    endloop
  endfacet
  facet normal 0 -0 -1
    outer loop
      vertex 21.3298 4.15607 0
      vertex 25 0 0
      vertex 21.2742 4.07423 0
    endloop
  endfacet
  facet normal 0 -0 -1
    outer loop
      vertex 21.2742 4.07423 0
      vertex 25 0 0
      vertex 21.2135 3.99605 0
    endloop
  endfacet
  facet normal 0 -0 -1
    outer loop
      vertex 21.2135 3.99605 0
      vertex 25 0 0
      vertex 21.1481 3.92183 0
    endloop
  endfacet
  facet normal 0 -0 -1
    outer loop
      vertex 21.1481 3.92183 0
      vertex 25 0 0
      vertex 21.0782 3.85187 0
    endloop
  endfacet
  facet normal 0 -0 -1
    outer loop
      vertex 21.0782 3.85187 0
      vertex 25 0 0
      vertex 21.0039 3.78644 0
    endloop
  endfacet
  facet normal 0 -0 -1
    outer loop
      vertex 21.0039 3.78644 0
      vertex 25 0 0
      vertex 20.9258 3.72578 0
    endloop
  endfacet
  facet normal 0 -0 -1
    outer loop
      vertex 20.9258 3.72578 0
      vertex 25 0 0
      vertex 20.8439 3.67018 0
    endloop
  endfacet
  facet normal 0 -0 -1
    outer loop
      vertex 20.8439 3.67018 0
      vertex 25 0 0
      vertex 20.7588 3.61981 0
    endloop
  endfacet
  facet normal 0 -0 -1
    outer loop
      vertex 20.7588 3.61981 0
      vertex 25 0 0
      vertex 20.6706 3.57489 0
    endloop
  endfacet
  facet normal 0 -0 -1
    outer loop
      vertex 20.6706 3.57489 0
      vertex 25 0 0
      vertex 20.5798 3.5356 0
    endloop
  endfacet
  facet normal 0 -0 -1
    outer loop
      vertex 20.5798 3.5356 0
      vertex 25 0 0
      vertex 20.4867 3.50208 0
    endloop
  endfacet
  facet normal 0 -0 -1
    outer loop
      vertex 20.4867 3.50208 0
      vertex 25 0 0
      vertex 20.3917 3.47447 0
    endloop
  endfacet
  facet normal 0 -0 -1
    outer loop
      vertex 20.3917 3.47447 0
      vertex 25 0 0
      vertex 20.2951 3.4529 0
    endloop
  endfacet
  facet normal 0 -0 -1
    outer loop
      vertex 20.2951 3.4529 0
      vertex 25 0 0
      vertex 20.1974 3.43741 0
    endloop
  endfacet
  facet normal 0 -0 -1
    outer loop
      vertex 20.1974 3.43741 0
      vertex 25 0 0
      vertex 20.0989 3.4281 0
    endloop
  endfacet
  facet normal 0 -0 -1
    outer loop
      vertex 20.0989 3.4281 0
      vertex 25 0 0
      vertex 20 3.42499 0
    endloop
  endfacet
  facet normal 0 0 -1
    outer loop
      vertex 4.07423 6.2742 0
      vertex 4.07423 18.7258 0
      vertex 4.15607 6.3298 0
    endloop
  endfacet
  facet normal 0 -0 -1
    outer loop
      vertex 5.84392 3.67018 0
      vertex 19.1561 3.67018 0
      vertex 5.75876 3.61981 0
    endloop
  endfacet
  facet normal 0 -0 -1
    outer loop
      vertex 4.90109 3.4281 0
      vertex 5 3.42499 0
      vertex 0 0 0
    endloop
  endfacet
  facet normal 0 -0 -1
    outer loop
      vertex 4.8026 3.43741 0
      vertex 4.90109 3.4281 0
      vertex 0 0 0
    endloop
  endfacet
  facet normal 0 -0 -1
    outer loop
      vertex 4.70486 3.4529 0
      vertex 4.8026 3.43741 0
      vertex 0 0 0
    endloop
  endfacet
  facet normal 0 -0 -1
    outer loop
      vertex 4.60831 3.47447 0
      vertex 4.70486 3.4529 0
      vertex 0 0 0
    endloop
  endfacet
  facet normal 0 -0 -1
    outer loop
      vertex 4.51329 3.50208 0
      vertex 4.60831 3.47447 0
      vertex 0 0 0
    endloop
  endfacet
  facet normal 0 -0 -1
    outer loop
      vertex 4.4202 3.5356 0
      vertex 4.51329 3.50208 0
      vertex 0 0 0
    endloop
  endfacet
  facet normal 0 -0 -1
    outer loop
      vertex 3.5356 19.4202 0
      vertex 3.5356 5.57979 0
      vertex 0 0 0
    endloop
  endfacet
  facet normal 0 -0 -1
    outer loop
      vertex 4.32939 3.57489 0
      vertex 4.4202 3.5356 0
      vertex 0 0 0
    endloop
  endfacet
  facet normal 0 -0 -1
    outer loop
      vertex 4.24123 3.61981 0
      vertex 4.32939 3.57489 0
      vertex 0 0 0
    endloop
  endfacet
  facet normal 0 -0 -1
    outer loop
      vertex 4.15607 3.67018 0
      vertex 4.24123 3.61981 0
      vertex 0 0 0
    endloop
  endfacet
  facet normal 0 0 -1
    outer loop
      vertex 0 0 0
      vertex 3.5356 5.57979 0
      vertex 3.50208 5.48669 0
    endloop
  endfacet
  facet normal 0 -0 -1
    outer loop
      vertex 4.07423 3.72578 0
      vertex 4.15607 3.67018 0
      vertex 0 0 0
    endloop
  endfacet
  facet normal 0 -0 -1
    outer loop
      vertex 3.99605 3.78644 0
      vertex 4.07423 3.72578 0
      vertex 0 0 0
    endloop
  endfacet
  facet normal 0 -0 -1
    outer loop
      vertex 3.92183 3.85187 0
      vertex 3.99605 3.78644 0
      vertex 0 0 0
    endloop
  endfacet
  facet normal -0 0 -1
    outer loop
      vertex 3.47447 5.39168 0
      vertex 0 0 0
      vertex 3.50208 5.48669 0
    endloop
  endfacet
  facet normal 0 -0 -1
    outer loop
      vertex 3.85187 3.92183 0
      vertex 3.92183 3.85187 0
      vertex 0 0 0
    endloop
  endfacet
  facet normal 0 -0 -1
    outer loop
      vertex 3.78644 3.99605 0
      vertex 3.85187 3.92183 0
      vertex 0 0 0
    endloop
  endfacet
  facet normal 0 -0 -1
    outer loop
      vertex 3.72578 4.07423 0
      vertex 3.78644 3.99605 0
      vertex 0 0 0
    endloop
  endfacet
  facet normal 0 -0 -1
    outer loop
      vertex 3.67018 4.15607 0
      vertex 3.72578 4.07423 0
      vertex 0 0 0
    endloop
  endfacet
  facet normal 0 0 -1
    outer loop
      vertex 3.47447 5.39168 0
      vertex 3.4529 5.29512 0
      vertex 0 0 0
    endloop
  endfacet
  facet normal 0 -0 -1
    outer loop
      vertex 3.61981 4.24123 0
      vertex 3.67018 4.15607 0
      vertex 0 0 0
    endloop
  endfacet
  facet normal 0 -0 -1
    outer loop
      vertex 3.57489 4.32939 0
      vertex 3.61981 4.24123 0
      vertex 0 0 0
    endloop
  endfacet
  facet normal 0 -0 -1
    outer loop
      vertex 3.5356 4.4202 0
      vertex 3.57489 4.32939 0
      vertex 0 0 0
    endloop
  endfacet
  facet normal 0 0 -1
    outer loop
      vertex 0 0 0
      vertex 3.4529 5.29512 0
      vertex 3.43741 5.19739 0
    endloop
  endfacet
  facet normal 0 -0 -1
    outer loop
      vertex 3.50208 4.51329 0
      vertex 3.5356 4.4202 0
      vertex 0 0 0
    endloop
  endfacet
  facet normal 0 -0 -1
    outer loop
      vertex 3.47447 4.60831 0
      vertex 3.50208 4.51329 0
      vertex 0 0 0
    endloop
  endfacet
  facet normal 0 -0 -1
    outer loop
      vertex 3.4529 4.70486 0
      vertex 3.47447 4.60831 0
      vertex 0 0 0
    endloop
  endfacet
  facet normal 0 -0 -1
    outer loop
      vertex 3.43741 4.8026 0
      vertex 3.4529 4.70486 0
      vertex 0 0 0
    endloop
  endfacet
  facet normal 0 -0 -1
    outer loop
      vertex 3.4281 4.90109 0
      vertex 3.43741 4.8026 0
      vertex 0 0 0
    endloop
  endfacet
  facet normal 0 0 -1
    outer loop
      vertex 3.4281 5.09889 0
      vertex 3.42499 5 0
      vertex 0 0 0
    endloop
  endfacet
  facet normal 0 -0 -1
    outer loop
      vertex 3.42499 5 0
      vertex 3.4281 4.90109 0
      vertex 0 0 0
    endloop
  endfacet
  facet normal -0 -0 -1
    outer loop
      vertex 3.57489 19.3294 0
      vertex 3.57489 5.67059 0
      vertex 3.5356 19.4202 0
    endloop
  endfacet
  facet normal -0 0 -1
    outer loop
      vertex 3.57489 5.67059 0
      vertex 3.5356 5.57979 0
      vertex 3.5356 19.4202 0
    endloop
  endfacet
  facet normal 0 0 -1
    outer loop
      vertex 3.85187 6.07816 0
      vertex 3.78644 18.996 0
      vertex 3.85187 18.9218 0
    endloop
  endfacet
  facet normal 0 0 -1
    outer loop
      vertex 3.78644 6.00394 0
      vertex 3.78644 18.996 0
      vertex 3.85187 6.07816 0
    endloop
  endfacet
  facet normal -0 -0 -1
    outer loop
      vertex 4.24123 18.6198 0
      vertex 4.24123 6.38017 0
      vertex 4.15607 18.6702 0
    endloop
  endfacet
  facet normal 0 0 -1
    outer loop
      vertex 4.4202 6.46439 0
      vertex 4.32939 18.5749 0
      vertex 4.4202 18.5356 0
    endloop
  endfacet
  facet normal -0 0 -1
    outer loop
      vertex 4.51329 6.49791 0
      vertex 4.4202 6.46439 0
      vertex 4.4202 18.5356 0
    endloop
  endfacet
  facet normal -0 -0 -1
    outer loop
      vertex 4.51329 18.5021 0
      vertex 4.51329 6.49791 0
      vertex 4.4202 18.5356 0
    endloop
  endfacet
  facet normal 0 0 -1
    outer loop
      vertex 4.51329 18.5021 0
      vertex 4.60831 6.52551 0
      vertex 4.51329 6.49791 0
    endloop
  endfacet
  facet normal 0 0 -1
    outer loop
      vertex 5.75876 6.38017 0
      vertex 5.75876 18.6198 0
      vertex 5.84392 6.3298 0
    endloop
  endfacet
  facet normal 0 0 -1
    outer loop
      vertex 4.51329 18.5021 0
      vertex 4.60831 18.4745 0
      vertex 4.60831 6.52551 0
    endloop
  endfacet
  facet normal 0 0 -1
    outer loop
      vertex 4.60831 18.4745 0
      vertex 4.70486 18.4529 0
      vertex 4.70486 6.54709 0
    endloop
  endfacet
  facet normal 0 0 -1
    outer loop
      vertex 4.70486 6.54709 0
      vertex 4.70486 18.4529 0
      vertex 4.8026 6.56258 0
    endloop
  endfacet
  facet normal 0 0 -1
    outer loop
      vertex 4.8026 6.56258 0
      vertex 4.70486 18.4529 0
      vertex 4.8026 18.4374 0
    endloop
  endfacet
  facet normal -0 0 -1
    outer loop
      vertex 4.90109 6.57188 0
      vertex 4.8026 6.56258 0
      vertex 4.8026 18.4374 0
    endloop
  endfacet
  facet normal -0 -0 -1
    outer loop
      vertex 4.90109 18.4281 0
      vertex 4.90109 6.57188 0
      vertex 4.8026 18.4374 0
    endloop
  endfacet
  facet normal 0 0 -1
    outer loop
      vertex 4.90109 18.4281 0
      vertex 5 6.575 0
      vertex 4.90109 6.57188 0
    endloop
  endfacet
  facet normal 0 0 -1
    outer loop
      vertex 4.90109 18.4281 0
      vertex 5 18.425 0
      vertex 5 6.575 0
    endloop
  endfacet
  facet normal 0 0 -1
    outer loop
      vertex 5.75876 6.38017 0
      vertex 5.67059 18.5749 0
      vertex 5.75876 18.6198 0
    endloop
  endfacet
  facet normal 0 0 -1
    outer loop
      vertex 5 6.575 0
      vertex 5 18.425 0
      vertex 5.09889 6.57188 0
    endloop
  endfacet
  facet normal 0 0 -1
    outer loop
      vertex 5.09889 6.57188 0
      vertex 5.09889 18.4281 0
      vertex 5.19739 6.56258 0
    endloop
  endfacet
  facet normal 0 0 -1
    outer loop
      vertex 5.19739 6.56258 0
      vertex 5.09889 18.4281 0
      vertex 5.19739 18.4374 0
    endloop
  endfacet
  facet normal 0 0 -1
    outer loop
      vertex 5.29512 6.54709 0
      vertex 5.19739 6.56258 0
      vertex 5.19739 18.4374 0
    endloop
  endfacet
  facet normal 0 -0 -1
    outer loop
      vertex 5.29512 18.4529 0
      vertex 5.29512 6.54709 0
      vertex 5.19739 18.4374 0
    endloop
  endfacet
  facet normal 0 0 -1
    outer loop
      vertex 5.29512 18.4529 0
      vertex 5.39168 6.52551 0
      vertex 5.29512 6.54709 0
    endloop
  endfacet
  facet normal 0 0 -1
    outer loop
      vertex 5.29512 18.4529 0
      vertex 5.39168 18.4745 0
      vertex 5.39168 6.52551 0
    endloop
  endfacet
  facet normal 0 0 -1
    outer loop
      vertex 5.39168 6.52551 0
      vertex 5.39168 18.4745 0
      vertex 5.48669 6.49791 0
    endloop
  endfacet
  facet normal 0 0 -1
    outer loop
      vertex 5.75876 6.38017 0
      vertex 5.67059 6.42509 0
      vertex 5.67059 18.5749 0
    endloop
  endfacet
  facet normal 0 0 -1
    outer loop
      vertex 5.48669 6.49791 0
      vertex 5.39168 18.4745 0
      vertex 5.48669 18.5021 0
    endloop
  endfacet
  facet normal 0 -0 -1
    outer loop
      vertex 5.57979 18.5356 0
      vertex 5.57979 6.46439 0
      vertex 5.48669 18.5021 0
    endloop
  endfacet
  facet normal 0 0 -1
    outer loop
      vertex 5.57979 18.5356 0
      vertex 5.67059 6.42509 0
      vertex 5.57979 6.46439 0
    endloop
  endfacet
  facet normal 0 0 -1
    outer loop
      vertex 6.07816 6.14812 0
      vertex 6.00394 6.21355 0
      vertex 6.00394 18.7864 0
    endloop
  endfacet
  facet normal -0 0 -1
    outer loop
      vertex 18.7864 6.00394 0
      vertex 18.7258 5.92575 0
      vertex 6.21355 6.00394 0
    endloop
  endfacet
  facet normal 0 0 -1
    outer loop
      vertex 6.21355 6.00394 0
      vertex 18.7258 5.92575 0
      vertex 6.2742 5.92575 0
    endloop
  endfacet
  facet normal 0 0 -1
    outer loop
      vertex 6.2742 5.92575 0
      vertex 18.6702 5.84392 0
      vertex 6.3298 5.84392 0
    endloop
  endfacet
  facet normal 0 0 -1
    outer loop
      vertex 6.3298 5.84392 0
      vertex 18.6702 5.84392 0
      vertex 18.6198 5.75876 0
    endloop
  endfacet
  facet normal 0 0 -1
    outer loop
      vertex 6.38017 5.75876 0
      vertex 6.3298 5.84392 0
      vertex 18.6198 5.75876 0
    endloop
  endfacet
  facet normal 0 0 -1
    outer loop
      vertex 6.42509 5.67059 0
      vertex 6.38017 5.75876 0
      vertex 18.5749 5.67059 0
    endloop
  endfacet
  facet normal 0 0 -1
    outer loop
      vertex 18.5356 5.57979 0
      vertex 6.42509 5.67059 0
      vertex 18.5749 5.67059 0
    endloop
  endfacet
  facet normal 0 0 -1
    outer loop
      vertex 18.5021 5.48669 0
      vertex 6.46439 5.57979 0
      vertex 18.5356 5.57979 0
    endloop
  endfacet
  facet normal 0 0 -1
    outer loop
      vertex 18.5021 5.48669 0
      vertex 6.49791 5.48669 0
      vertex 6.46439 5.57979 0
    endloop
  endfacet
  facet normal 0 0 -1
    outer loop
      vertex 18.4745 5.39168 0
      vertex 6.52551 5.39168 0
      vertex 6.49791 5.48669 0
    endloop
  endfacet
  facet normal -0 0 -1
    outer loop
      vertex 18.4745 5.39168 0
      vertex 18.4529 5.29512 0
      vertex 6.52551 5.39168 0
    endloop
  endfacet
  facet normal -0 0 -1
    outer loop
      vertex 18.4529 5.29512 0
      vertex 18.4374 5.19739 0
      vertex 6.54709 5.29512 0
    endloop
  endfacet
  facet normal 0 0 -1
    outer loop
      vertex 6.54709 5.29512 0
      vertex 18.4374 5.19739 0
      vertex 6.56258 5.19739 0
    endloop
  endfacet
  facet normal 0 0 -1
    outer loop
      vertex 6.56258 5.19739 0
      vertex 18.4281 5.09889 0
      vertex 6.57188 5.09889 0
    endloop
  endfacet
  facet normal 0 0 -1
    outer loop
      vertex 6.57188 5.09889 0
      vertex 18.4281 5.09889 0
      vertex 18.425 5 0
    endloop
  endfacet
  facet normal 0 -0 -1
    outer loop
      vertex 6.575 5 0
      vertex 18.425 5 0
      vertex 6.57188 4.90109 0
    endloop
  endfacet
  facet normal 0 0 -1
    outer loop
      vertex 6.57188 4.90109 0
      vertex 18.425 5 0
      vertex 18.4281 4.90109 0
    endloop
  endfacet
  facet normal 0 0 -1
    outer loop
      vertex 6.56258 4.8026 0
      vertex 18.4281 4.90109 0
      vertex 18.4374 4.8026 0
    endloop
  endfacet
  facet normal 0 0 -1
    outer loop
      vertex 6.54709 4.70486 0
      vertex 6.56258 4.8026 0
      vertex 18.4374 4.8026 0
    endloop
  endfacet
  facet normal 0 0 -1
    outer loop
      vertex 6.52551 4.60831 0
      vertex 6.54709 4.70486 0
      vertex 18.4529 4.70486 0
    endloop
  endfacet
  facet normal 0 0 -1
    outer loop
      vertex 18.4745 4.60831 0
      vertex 6.52551 4.60831 0
      vertex 18.4529 4.70486 0
    endloop
  endfacet
  facet normal 0 0 -1
    outer loop
      vertex 18.5021 4.51329 0
      vertex 6.49791 4.51329 0
      vertex 18.4745 4.60831 0
    endloop
  endfacet
  facet normal -0 0 -1
    outer loop
      vertex 18.5021 4.51329 0
      vertex 6.46439 4.4202 0
      vertex 6.49791 4.51329 0
    endloop
  endfacet
  facet normal -0 0 -1
    outer loop
      vertex 18.5356 4.4202 0
      vertex 6.42509 4.32939 0
      vertex 6.46439 4.4202 0
    endloop
  endfacet
  facet normal 0 -0 -1
    outer loop
      vertex 18.5356 4.4202 0
      vertex 18.5749 4.32939 0
      vertex 6.42509 4.32939 0
    endloop
  endfacet
  facet normal 0 -0 -1
    outer loop
      vertex 18.5749 4.32939 0
      vertex 18.6198 4.24123 0
      vertex 6.38017 4.24123 0
    endloop
  endfacet
  facet normal 0 -0 -1
    outer loop
      vertex 6.38017 4.24123 0
      vertex 18.6198 4.24123 0
      vertex 6.3298 4.15607 0
    endloop
  endfacet
  facet normal 0 -0 -1
    outer loop
      vertex 6.3298 4.15607 0
      vertex 18.6702 4.15607 0
      vertex 6.2742 4.07423 0
    endloop
  endfacet
  facet normal 0 0 -1
    outer loop
      vertex 6.2742 4.07423 0
      vertex 18.6702 4.15607 0
      vertex 18.7258 4.07423 0
    endloop
  endfacet
  facet normal 0 0 -1
    outer loop
      vertex 6.21355 3.99605 0
      vertex 18.7258 4.07423 0
      vertex 18.7864 3.99605 0
    endloop
  endfacet
  facet normal 0 0 -1
    outer loop
      vertex 6.14812 3.92183 0
      vertex 18.7864 3.99605 0
      vertex 18.8519 3.92183 0
    endloop
  endfacet
  facet normal 0 0 -1
    outer loop
      vertex 6.07816 3.85187 0
      vertex 6.14812 3.92183 0
      vertex 18.8519 3.92183 0
    endloop
  endfacet
  facet normal 0 0 -1
    outer loop
      vertex 6.00394 3.78644 0
      vertex 6.07816 3.85187 0
      vertex 18.9218 3.85187 0
    endloop
  endfacet
  facet normal 0 0 -1
    outer loop
      vertex 18.996 3.78644 0
      vertex 6.00394 3.78644 0
      vertex 18.9218 3.85187 0
    endloop
  endfacet
  facet normal 0 0 -1
    outer loop
      vertex 19.0742 3.72578 0
      vertex 5.92575 3.72578 0
      vertex 18.996 3.78644 0
    endloop
  endfacet
  facet normal -0 0 -1
    outer loop
      vertex 19.0742 3.72578 0
      vertex 5.84392 3.67018 0
      vertex 5.92575 3.72578 0
    endloop
  endfacet
  facet normal 0 0 -1
    outer loop
      vertex 5.75876 3.61981 0
      vertex 19.1561 3.67018 0
      vertex 19.2412 3.61981 0
    endloop
  endfacet
  facet normal 0 0 -1
    outer loop
      vertex 5.67059 3.57489 0
      vertex 5.75876 3.61981 0
      vertex 19.2412 3.61981 0
    endloop
  endfacet
  facet normal 0 0 -1
    outer loop
      vertex 19.3294 3.57489 0
      vertex 5.67059 3.57489 0
      vertex 19.2412 3.61981 0
    endloop
  endfacet
  facet normal 0 -0 -1
    outer loop
      vertex 5.67059 3.57489 0
      vertex 19.3294 3.57489 0
      vertex 5.57979 3.5356 0
    endloop
  endfacet
  facet normal 0 0 -1
    outer loop
      vertex 5.57979 3.5356 0
      vertex 19.3294 3.57489 0
      vertex 19.4202 3.5356 0
    endloop
  endfacet
  facet normal 0 0 -1
    outer loop
      vertex 0 0 0
      vertex 5.57979 3.5356 0
      vertex 19.4202 3.5356 0
    endloop
  endfacet
  facet normal 0 0 -1
    outer loop
      vertex 0 0 0
      vertex 5.48669 3.50208 0
      vertex 5.57979 3.5356 0
    endloop
  endfacet
  facet normal 0 0 -1
    outer loop
      vertex 0 0 0
      vertex 5.39168 3.47447 0
      vertex 5.48669 3.50208 0
    endloop
  endfacet
  facet normal 0 0 -1
    outer loop
      vertex 0 0 0
      vertex 5.29512 3.4529 0
      vertex 5.39168 3.47447 0
    endloop
  endfacet
  facet normal 0 0 -1
    outer loop
      vertex 0 0 0
      vertex 5.19739 3.43741 0
      vertex 5.29512 3.4529 0
    endloop
  endfacet
  facet normal 0 0 -1
    outer loop
      vertex 0 0 0
      vertex 5.09889 3.4281 0
      vertex 5.19739 3.43741 0
    endloop
  endfacet
  facet normal 0 -0 1
    outer loop
      vertex 4.70486 21.5471 3
      vertex 4.8026 21.5626 3
      vertex 0 25 3
    endloop
  endfacet
  facet normal -0 0 1
    outer loop
      vertex 6.42509 19.3294 3
      vertex 6.38017 19.2412 3
      vertex 18.5749 19.3294 3
    endloop
  endfacet
  facet normal 0 0 1
    outer loop
      vertex 3.99605 6.21355 3
      vertex 3.92183 18.8519 3
      vertex 3.92183 6.14812 3
    endloop
  endfacet
  facet normal 0 0 1
    outer loop
      vertex 18.425 5 3
      vertex 6.57188 5.09889 3
      vertex 6.575 5 3
    endloop
  endfacet
  facet normal 0 -0 1
    outer loop
      vertex 3.92183 6.14812 3
      vertex 3.92183 18.8519 3
      vertex 3.85187 18.9218 3
    endloop
  endfacet
  facet normal 0 0 1
    outer loop
      vertex 3.92183 6.14812 3
      vertex 3.85187 18.9218 3
      vertex 3.85187 6.07816 3
    endloop
  endfacet
  facet normal 0 0 1
    outer loop
      vertex 3.78644 18.996 3
      vertex 3.72578 19.0742 3
      vertex 3.78644 6.00394 3
    endloop
  endfacet
  facet normal 0 0 1
    outer loop
      vertex 3.72578 19.0742 3
      vertex 3.72578 5.92575 3
      vertex 3.78644 6.00394 3
    endloop
  endfacet
  facet normal 0 0 1
    outer loop
      vertex 3.67018 19.1561 3
      vertex 3.72578 5.92575 3
      vertex 3.72578 19.0742 3
    endloop
  endfacet
  facet normal 0 0 1
    outer loop
      vertex 3.67018 5.84392 3
      vertex 3.72578 5.92575 3
      vertex 3.67018 19.1561 3
    endloop
  endfacet
  facet normal 0 -0 1
    outer loop
      vertex 3.67018 5.84392 3
      vertex 3.67018 19.1561 3
      vertex 3.61981 19.2412 3
    endloop
  endfacet
  facet normal 0 0 1
    outer loop
      vertex 3.67018 5.84392 3
      vertex 3.61981 19.2412 3
      vertex 3.61981 5.75876 3
    endloop
  endfacet
  facet normal 0 0 1
    outer loop
      vertex 3.61981 19.2412 3
      vertex 3.57489 19.3294 3
      vertex 3.61981 5.75876 3
    endloop
  endfacet
  facet normal 0 0 1
    outer loop
      vertex 3.57489 19.3294 3
      vertex 3.57489 5.67059 3
      vertex 3.61981 5.75876 3
    endloop
  endfacet
  facet normal 0 0 1
    outer loop
      vertex 5.09889 3.4281 3
      vertex 5 3.42499 3
      vertex 0 0 3
    endloop
  endfacet
  facet normal 0 0 1
    outer loop
      vertex 0 0 3
      vertex 3.4281 5.09889 3
      vertex 3.43741 5.19739 3
    endloop
  endfacet
  facet normal 0 0 1
    outer loop
      vertex 0 0 3
      vertex 3.5356 19.4202 3
      vertex 0 25 3
    endloop
  endfacet
  facet normal 0 0 1
    outer loop
      vertex 3.5356 19.4202 3
      vertex 3.50208 19.5133 3
      vertex 0 25 3
    endloop
  endfacet
  facet normal 0 0 1
    outer loop
      vertex 3.50208 19.5133 3
      vertex 3.47447 19.6083 3
      vertex 0 25 3
    endloop
  endfacet
  facet normal 0 0 1
    outer loop
      vertex 3.47447 19.6083 3
      vertex 3.4529 19.7049 3
      vertex 0 25 3
    endloop
  endfacet
  facet normal 0 0 1
    outer loop
      vertex 3.4529 19.7049 3
      vertex 3.43741 19.8026 3
      vertex 0 25 3
    endloop
  endfacet
  facet normal 0 0 1
    outer loop
      vertex 3.43741 19.8026 3
      vertex 3.4281 19.9011 3
      vertex 0 25 3
    endloop
  endfacet
  facet normal 0 0 1
    outer loop
      vertex 3.4281 19.9011 3
      vertex 3.42499 20 3
      vertex 0 25 3
    endloop
  endfacet
  facet normal 0 -0 1
    outer loop
      vertex 3.42499 20 3
      vertex 3.4281 20.0989 3
      vertex 0 25 3
    endloop
  endfacet
  facet normal 0 -0 1
    outer loop
      vertex 3.4281 20.0989 3
      vertex 3.43741 20.1974 3
      vertex 0 25 3
    endloop
  endfacet
  facet normal 0 -0 1
    outer loop
      vertex 3.43741 20.1974 3
      vertex 3.4529 20.2951 3
      vertex 0 25 3
    endloop
  endfacet
  facet normal 0 -0 1
    outer loop
      vertex 3.4529 20.2951 3
      vertex 3.47447 20.3917 3
      vertex 0 25 3
    endloop
  endfacet
  facet normal 0 -0 1
    outer loop
      vertex 3.47447 20.3917 3
      vertex 3.50208 20.4867 3
      vertex 0 25 3
    endloop
  endfacet
  facet normal 0 -0 1
    outer loop
      vertex 3.50208 20.4867 3
      vertex 3.5356 20.5798 3
      vertex 0 25 3
    endloop
  endfacet
  facet normal 0 -0 1
    outer loop
      vertex 3.5356 20.5798 3
      vertex 3.57489 20.6706 3
      vertex 0 25 3
    endloop
  endfacet
  facet normal 0 -0 1
    outer loop
      vertex 3.57489 20.6706 3
      vertex 3.61981 20.7588 3
      vertex 0 25 3
    endloop
  endfacet
  facet normal 0 -0 1
    outer loop
      vertex 3.61981 20.7588 3
      vertex 3.67018 20.8439 3
      vertex 0 25 3
    endloop
  endfacet
  facet normal 0 -0 1
    outer loop
      vertex 3.67018 20.8439 3
      vertex 3.72578 20.9258 3
      vertex 0 25 3
    endloop
  endfacet
  facet normal 0 -0 1
    outer loop
      vertex 3.72578 20.9258 3
      vertex 3.78644 21.0039 3
      vertex 0 25 3
    endloop
  endfacet
  facet normal 0 -0 1
    outer loop
      vertex 3.78644 21.0039 3
      vertex 3.85187 21.0782 3
      vertex 0 25 3
    endloop
  endfacet
  facet normal 0 -0 1
    outer loop
      vertex 3.85187 21.0782 3
      vertex 3.92183 21.1481 3
      vertex 0 25 3
    endloop
  endfacet
  facet normal 0 -0 1
    outer loop
      vertex 3.92183 21.1481 3
      vertex 3.99605 21.2135 3
      vertex 0 25 3
    endloop
  endfacet
  facet normal 0 -0 1
    outer loop
      vertex 3.99605 21.2135 3
      vertex 4.07423 21.2742 3
      vertex 0 25 3
    endloop
  endfacet
  facet normal 0 -0 1
    outer loop
      vertex 4.07423 21.2742 3
      vertex 4.15607 21.3298 3
      vertex 0 25 3
    endloop
  endfacet
  facet normal 0 -0 1
    outer loop
      vertex 4.15607 21.3298 3
      vertex 4.24123 21.3802 3
      vertex 0 25 3
    endloop
  endfacet
  facet normal 0 -0 1
    outer loop
      vertex 4.24123 21.3802 3
      vertex 4.32939 21.4251 3
      vertex 0 25 3
    endloop
  endfacet
  facet normal 0 -0 1
    outer loop
      vertex 4.32939 21.4251 3
      vertex 4.4202 21.4644 3
      vertex 0 25 3
    endloop
  endfacet
  facet normal 0 -0 1
    outer loop
      vertex 4.4202 21.4644 3
      vertex 4.51329 21.4979 3
      vertex 0 25 3
    endloop
  endfacet
  facet normal 0 -0 1
    outer loop
      vertex 4.51329 21.4979 3
      vertex 4.60831 21.5255 3
      vertex 0 25 3
    endloop
  endfacet
  facet normal 0 -0 1
    outer loop
      vertex 4.60831 21.5255 3
      vertex 4.70486 21.5471 3
      vertex 0 25 3
    endloop
  endfacet
  facet normal 0 0 1
    outer loop
      vertex 0 25 3
      vertex 4.8026 21.5626 3
      vertex 4.90109 21.5719 3
    endloop
  endfacet
  facet normal 0 0 1
    outer loop
      vertex 0 25 3
      vertex 4.90109 21.5719 3
      vertex 5 21.575 3
    endloop
  endfacet
  facet normal 0 0 1
    outer loop
      vertex 0 25 3
      vertex 5 21.575 3
      vertex 5.09889 21.5719 3
    endloop
  endfacet
  facet normal 0 0 1
    outer loop
      vertex 0 25 3
      vertex 5.09889 21.5719 3
      vertex 5.19739 21.5626 3
    endloop
  endfacet
  facet normal 0 0 1
    outer loop
      vertex 0 25 3
      vertex 5.19739 21.5626 3
      vertex 5.29512 21.5471 3
    endloop
  endfacet
  facet normal 0 0 1
    outer loop
      vertex 0 25 3
      vertex 5.29512 21.5471 3
      vertex 5.39168 21.5255 3
    endloop
  endfacet
  facet normal 0 0 1
    outer loop
      vertex 0 25 3
      vertex 5.39168 21.5255 3
      vertex 5.48669 21.4979 3
    endloop
  endfacet
  facet normal 0 0 1
    outer loop
      vertex 0 25 3
      vertex 5.48669 21.4979 3
      vertex 5.57979 21.4644 3
    endloop
  endfacet
  facet normal 0 0 1
    outer loop
      vertex 0 25 3
      vertex 5.57979 21.4644 3
      vertex 19.4202 21.4644 3
    endloop
  endfacet
  facet normal -0 0 1
    outer loop
      vertex 5.84392 21.3298 3
      vertex 19.0742 21.2742 3
      vertex 19.1561 21.3298 3
    endloop
  endfacet
  facet normal 0 -0 1
    outer loop
      vertex 6.14812 21.0782 3
      vertex 18.8519 21.0782 3
      vertex 6.07816 21.1481 3
    endloop
  endfacet
  facet normal 0 0 1
    outer loop
      vertex 18.7258 20.9258 3
      vertex 6.2742 20.9258 3
      vertex 18.6702 20.8439 3
    endloop
  endfacet
  facet normal 0 -0 1
    outer loop
      vertex 6.42509 20.6706 3
      vertex 18.5749 20.6706 3
      vertex 6.38017 20.7588 3
    endloop
  endfacet
  facet normal 0 0 1
    outer loop
      vertex 18.5021 20.4867 3
      vertex 6.49791 20.4867 3
      vertex 18.4745 20.3917 3
    endloop
  endfacet
  facet normal 0 -0 1
    outer loop
      vertex 6.56258 20.1974 3
      vertex 18.4374 20.1974 3
      vertex 6.54709 20.2951 3
    endloop
  endfacet
  facet normal 0 0 1
    outer loop
      vertex 18.4281 19.9011 3
      vertex 18.425 20 3
      vertex 6.57188 19.9011 3
    endloop
  endfacet
  facet normal 0 0 1
    outer loop
      vertex 18.4529 19.7049 3
      vertex 6.52551 19.6083 3
      vertex 18.4745 19.6083 3
    endloop
  endfacet
  facet normal 0 0 1
    outer loop
      vertex 18.5356 19.4202 3
      vertex 18.5021 19.5133 3
      vertex 6.46439 19.4202 3
    endloop
  endfacet
  facet normal 0 0 1
    outer loop
      vertex 18.5356 19.4202 3
      vertex 6.46439 19.4202 3
      vertex 6.42509 19.3294 3
    endloop
  endfacet
  facet normal 0 0 1
    outer loop
      vertex 18.5356 19.4202 3
      vertex 6.42509 19.3294 3
      vertex 18.5749 19.3294 3
    endloop
  endfacet
  facet normal 0 0 1
    outer loop
      vertex 18.5749 19.3294 3
      vertex 6.38017 19.2412 3
      vertex 18.6198 19.2412 3
    endloop
  endfacet
  facet normal -0 0 1
    outer loop
      vertex 6.38017 19.2412 3
      vertex 6.3298 19.1561 3
      vertex 18.6198 19.2412 3
    endloop
  endfacet
  facet normal -0 0 1
    outer loop
      vertex 6.3298 19.1561 3
      vertex 6.2742 19.0742 3
      vertex 18.6702 19.1561 3
    endloop
  endfacet
  facet normal 0 0 1
    outer loop
      vertex 6.2742 19.0742 3
      vertex 18.7258 19.0742 3
      vertex 18.6702 19.1561 3
    endloop
  endfacet
  facet normal 0 0 1
    outer loop
      vertex 6.21355 18.996 3
      vertex 18.7258 19.0742 3
      vertex 6.2742 19.0742 3
    endloop
  endfacet
  facet normal 0 0 1
    outer loop
      vertex 18.7864 18.996 3
      vertex 18.7258 19.0742 3
      vertex 6.21355 18.996 3
    endloop
  endfacet
  facet normal 0 0 1
    outer loop
      vertex 18.7864 18.996 3
      vertex 6.21355 18.996 3
      vertex 6.14812 18.9218 3
    endloop
  endfacet
  facet normal 0 0 1
    outer loop
      vertex 18.7864 18.996 3
      vertex 6.14812 18.9218 3
      vertex 18.8519 18.9218 3
    endloop
  endfacet
  facet normal 0 0 1
    outer loop
      vertex 6.14812 6.07816 3
      vertex 6.07816 18.8519 3
      vertex 6.07816 6.14812 3
    endloop
  endfacet
  facet normal -0 0 1
    outer loop
      vertex 6.14812 18.9218 3
      vertex 18.8519 6.07816 3
      vertex 18.8519 18.9218 3
    endloop
  endfacet
  facet normal 0 0 1
    outer loop
      vertex 18.7258 5.92575 3
      vertex 6.2742 5.92575 3
      vertex 18.6702 5.84392 3
    endloop
  endfacet
  facet normal 0 0 1
    outer loop
      vertex 18.5356 5.57979 3
      vertex 6.42509 5.67059 3
      vertex 6.46439 5.57979 3
    endloop
  endfacet
  facet normal 0 -0 1
    outer loop
      vertex 4.32939 6.42509 3
      vertex 4.32939 18.5749 3
      vertex 4.24123 18.6198 3
    endloop
  endfacet
  facet normal 0 -0 1
    outer loop
      vertex 18.4745 5.39168 3
      vertex 18.5021 5.48669 3
      vertex 6.49791 5.48669 3
    endloop
  endfacet
  facet normal -0 0 1
    outer loop
      vertex 5.75876 18.6198 3
      vertex 5.84392 6.3298 3
      vertex 5.84392 18.6702 3
    endloop
  endfacet
  facet normal 0 -0 1
    outer loop
      vertex 18.4281 5.09889 3
      vertex 18.4374 5.19739 3
      vertex 6.56258 5.19739 3
    endloop
  endfacet
  facet normal 0 0 1
    outer loop
      vertex 4.4202 6.46439 3
      vertex 4.32939 18.5749 3
      vertex 4.32939 6.42509 3
    endloop
  endfacet
  facet normal 0 0 1
    outer loop
      vertex 4.60831 6.52551 3
      vertex 4.70486 6.54709 3
      vertex 4.60831 18.4745 3
    endloop
  endfacet
  facet normal 0 0 1
    outer loop
      vertex 18.996 18.7864 3
      vertex 18.9218 18.8519 3
      vertex 18.996 6.21355 3
    endloop
  endfacet
  facet normal 0 -0 1
    outer loop
      vertex 5.67059 6.42509 3
      vertex 5.67059 18.5749 3
      vertex 5.57979 18.5356 3
    endloop
  endfacet
  facet normal 0 0 1
    outer loop
      vertex 18.8519 6.07816 3
      vertex 18.9218 6.14812 3
      vertex 18.8519 18.9218 3
    endloop
  endfacet
  facet normal 0 -0 1
    outer loop
      vertex 18.9218 6.14812 3
      vertex 18.9218 18.8519 3
      vertex 18.8519 18.9218 3
    endloop
  endfacet
  facet normal 0 0 1
    outer loop
      vertex 18.996 6.21355 3
      vertex 18.9218 18.8519 3
      vertex 18.9218 6.14812 3
    endloop
  endfacet
  facet normal -0 0 1
    outer loop
      vertex 6.57188 4.90109 3
      vertex 6.56258 4.8026 3
      vertex 18.4281 4.90109 3
    endloop
  endfacet
  facet normal 0 0 1
    outer loop
      vertex 18.4529 4.70486 3
      vertex 18.4374 4.8026 3
      vertex 6.54709 4.70486 3
    endloop
  endfacet
  facet normal -0 0 1
    outer loop
      vertex 6.52551 4.60831 3
      vertex 6.49791 4.51329 3
      vertex 18.4745 4.60831 3
    endloop
  endfacet
  facet normal 0 0 1
    outer loop
      vertex 18.5356 4.4202 3
      vertex 18.5021 4.51329 3
      vertex 6.46439 4.4202 3
    endloop
  endfacet
  facet normal 0 0 1
    outer loop
      vertex 3.99605 18.7864 3
      vertex 4.07423 6.2742 3
      vertex 4.07423 18.7258 3
    endloop
  endfacet
  facet normal 0 0 1
    outer loop
      vertex 3.99605 6.21355 3
      vertex 4.07423 6.2742 3
      vertex 3.99605 18.7864 3
    endloop
  endfacet
  facet normal 0 -0 1
    outer loop
      vertex 3.99605 6.21355 3
      vertex 3.99605 18.7864 3
      vertex 3.92183 18.8519 3
    endloop
  endfacet
  facet normal 0 0 1
    outer loop
      vertex 6.46439 19.4202 3
      vertex 18.5021 19.5133 3
      vertex 6.49791 19.5133 3
    endloop
  endfacet
  facet normal 0 -0 1
    outer loop
      vertex 5.09889 6.57188 3
      vertex 5.09889 18.4281 3
      vertex 5 18.425 3
    endloop
  endfacet
  facet normal 0 0 1
    outer loop
      vertex 18.6198 19.2412 3
      vertex 6.3298 19.1561 3
      vertex 18.6702 19.1561 3
    endloop
  endfacet
  facet normal 0 0 1
    outer loop
      vertex 18.5021 19.5133 3
      vertex 18.4745 19.6083 3
      vertex 6.49791 19.5133 3
    endloop
  endfacet
  facet normal 0 0 1
    outer loop
      vertex 18.4745 19.6083 3
      vertex 6.52551 19.6083 3
      vertex 6.49791 19.5133 3
    endloop
  endfacet
  facet normal 0 0 1
    outer loop
      vertex 18.4529 19.7049 3
      vertex 6.54709 19.7049 3
      vertex 6.52551 19.6083 3
    endloop
  endfacet
  facet normal 0 0 1
    outer loop
      vertex 18.4374 19.8026 3
      vertex 6.54709 19.7049 3
      vertex 18.4529 19.7049 3
    endloop
  endfacet
  facet normal -0 0 1
    outer loop
      vertex 6.56258 19.8026 3
      vertex 6.54709 19.7049 3
      vertex 18.4374 19.8026 3
    endloop
  endfacet
  facet normal 0 0 1
    outer loop
      vertex 6.56258 19.8026 3
      vertex 18.4374 19.8026 3
      vertex 18.4281 19.9011 3
    endloop
  endfacet
  facet normal 0 0 1
    outer loop
      vertex 6.56258 19.8026 3
      vertex 18.4281 19.9011 3
      vertex 6.57188 19.9011 3
    endloop
  endfacet
  facet normal 0 0 1
    outer loop
      vertex 6.57188 19.9011 3
      vertex 18.425 20 3
      vertex 6.575 20 3
    endloop
  endfacet
  facet normal 0 0 1
    outer loop
      vertex 18.425 20 3
      vertex 6.57188 20.0989 3
      vertex 6.575 20 3
    endloop
  endfacet
  facet normal 0 0 1
    outer loop
      vertex 18.4281 20.0989 3
      vertex 6.57188 20.0989 3
      vertex 18.425 20 3
    endloop
  endfacet
  facet normal 0 0 1
    outer loop
      vertex 6.56258 20.1974 3
      vertex 6.57188 20.0989 3
      vertex 18.4281 20.0989 3
    endloop
  endfacet
  facet normal -0 0 1
    outer loop
      vertex 6.56258 20.1974 3
      vertex 18.4281 20.0989 3
      vertex 18.4374 20.1974 3
    endloop
  endfacet
  facet normal -0 0 1
    outer loop
      vertex 6.54709 20.2951 3
      vertex 18.4374 20.1974 3
      vertex 18.4529 20.2951 3
    endloop
  endfacet
  facet normal 0 -0 1
    outer loop
      vertex 6.54709 20.2951 3
      vertex 18.4529 20.2951 3
      vertex 6.52551 20.3917 3
    endloop
  endfacet
  facet normal 0 -0 1
    outer loop
      vertex 18.4529 20.2951 3
      vertex 18.4745 20.3917 3
      vertex 6.52551 20.3917 3
    endloop
  endfacet
  facet normal 0 0 1
    outer loop
      vertex 18.4745 20.3917 3
      vertex 6.49791 20.4867 3
      vertex 6.52551 20.3917 3
    endloop
  endfacet
  facet normal 0 0 1
    outer loop
      vertex 18.5021 20.4867 3
      vertex 6.46439 20.5798 3
      vertex 6.49791 20.4867 3
    endloop
  endfacet
  facet normal 0 0 1
    outer loop
      vertex 18.5356 20.5798 3
      vertex 6.46439 20.5798 3
      vertex 18.5021 20.4867 3
    endloop
  endfacet
  facet normal 0 0 1
    outer loop
      vertex 6.42509 20.6706 3
      vertex 6.46439 20.5798 3
      vertex 18.5356 20.5798 3
    endloop
  endfacet
  facet normal -0 0 1
    outer loop
      vertex 6.42509 20.6706 3
      vertex 18.5356 20.5798 3
      vertex 18.5749 20.6706 3
    endloop
  endfacet
  facet normal -0 0 1
    outer loop
      vertex 6.38017 20.7588 3
      vertex 18.5749 20.6706 3
      vertex 18.6198 20.7588 3
    endloop
  endfacet
  facet normal 0 -0 1
    outer loop
      vertex 6.38017 20.7588 3
      vertex 18.6198 20.7588 3
      vertex 6.3298 20.8439 3
    endloop
  endfacet
  facet normal 0 -0 1
    outer loop
      vertex 18.6198 20.7588 3
      vertex 18.6702 20.8439 3
      vertex 6.3298 20.8439 3
    endloop
  endfacet
  facet normal 0 0 1
    outer loop
      vertex 18.6702 20.8439 3
      vertex 6.2742 20.9258 3
      vertex 6.3298 20.8439 3
    endloop
  endfacet
  facet normal 0 0 1
    outer loop
      vertex 18.7258 20.9258 3
      vertex 6.21355 21.0039 3
      vertex 6.2742 20.9258 3
    endloop
  endfacet
  facet normal 0 0 1
    outer loop
      vertex 18.7864 21.0039 3
      vertex 6.21355 21.0039 3
      vertex 18.7258 20.9258 3
    endloop
  endfacet
  facet normal 0 0 1
    outer loop
      vertex 6.14812 21.0782 3
      vertex 6.21355 21.0039 3
      vertex 18.7864 21.0039 3
    endloop
  endfacet
  facet normal -0 0 1
    outer loop
      vertex 6.14812 21.0782 3
      vertex 18.7864 21.0039 3
      vertex 18.8519 21.0782 3
    endloop
  endfacet
  facet normal -0 0 1
    outer loop
      vertex 6.07816 21.1481 3
      vertex 18.8519 21.0782 3
      vertex 18.9218 21.1481 3
    endloop
  endfacet
  facet normal 0 -0 1
    outer loop
      vertex 6.07816 21.1481 3
      vertex 18.9218 21.1481 3
      vertex 6.00394 21.2135 3
    endloop
  endfacet
  facet normal 0 -0 1
    outer loop
      vertex 18.9218 21.1481 3
      vertex 18.996 21.2135 3
      vertex 6.00394 21.2135 3
    endloop
  endfacet
  facet normal 0 0 1
    outer loop
      vertex 18.996 21.2135 3
      vertex 5.92575 21.2742 3
      vertex 6.00394 21.2135 3
    endloop
  endfacet
  facet normal 0 0 1
    outer loop
      vertex 19.0742 21.2742 3
      vertex 5.92575 21.2742 3
      vertex 18.996 21.2135 3
    endloop
  endfacet
  facet normal 0 0 1
    outer loop
      vertex 5.84392 21.3298 3
      vertex 5.92575 21.2742 3
      vertex 19.0742 21.2742 3
    endloop
  endfacet
  facet normal 0 0 1
    outer loop
      vertex 5.75876 21.3802 3
      vertex 5.84392 21.3298 3
      vertex 19.1561 21.3298 3
    endloop
  endfacet
  facet normal -0 0 1
    outer loop
      vertex 5.75876 21.3802 3
      vertex 19.1561 21.3298 3
      vertex 19.2412 21.3802 3
    endloop
  endfacet
  facet normal 0 -0 1
    outer loop
      vertex 5.75876 21.3802 3
      vertex 19.2412 21.3802 3
      vertex 5.67059 21.4251 3
    endloop
  endfacet
  facet normal 0 -0 1
    outer loop
      vertex 19.2412 21.3802 3
      vertex 19.3294 21.4251 3
      vertex 5.67059 21.4251 3
    endloop
  endfacet
  facet normal 0 0 1
    outer loop
      vertex 5.57979 21.4644 3
      vertex 5.67059 21.4251 3
      vertex 19.3294 21.4251 3
    endloop
  endfacet
  facet normal -0 0 1
    outer loop
      vertex 5.57979 21.4644 3
      vertex 19.3294 21.4251 3
      vertex 19.4202 21.4644 3
    endloop
  endfacet
  facet normal -0 0 1
    outer loop
      vertex 0 25 3
      vertex 19.4202 21.4644 3
      vertex 25 25 3
    endloop
  endfacet
  facet normal 0 0 1
    outer loop
      vertex 19.4202 21.4644 3
      vertex 19.5133 21.4979 3
      vertex 25 25 3
    endloop
  endfacet
  facet normal 0 0 1
    outer loop
      vertex 19.5133 21.4979 3
      vertex 19.6083 21.5255 3
      vertex 25 25 3
    endloop
  endfacet
  facet normal 0 0 1
    outer loop
      vertex 19.6083 21.5255 3
      vertex 19.7049 21.5471 3
      vertex 25 25 3
    endloop
  endfacet
  facet normal 0 0 1
    outer loop
      vertex 19.7049 21.5471 3
      vertex 19.8026 21.5626 3
      vertex 25 25 3
    endloop
  endfacet
  facet normal 0 0 1
    outer loop
      vertex 19.8026 21.5626 3
      vertex 19.9011 21.5719 3
      vertex 25 25 3
    endloop
  endfacet
  facet normal 0 0 1
    outer loop
      vertex 19.9011 21.5719 3
      vertex 20 21.575 3
      vertex 25 25 3
    endloop
  endfacet
  facet normal -0 0 1
    outer loop
      vertex 20 21.575 3
      vertex 20.0989 21.5719 3
      vertex 25 25 3
    endloop
  endfacet
  facet normal -0 0 1
    outer loop
      vertex 20.0989 21.5719 3
      vertex 20.1974 21.5626 3
      vertex 25 25 3
    endloop
  endfacet
  facet normal -0 0 1
    outer loop
      vertex 20.1974 21.5626 3
      vertex 20.2951 21.5471 3
      vertex 25 25 3
    endloop
  endfacet
  facet normal -0 0 1
    outer loop
      vertex 20.2951 21.5471 3
      vertex 20.3917 21.5255 3
      vertex 25 25 3
    endloop
  endfacet
  facet normal -0 0 1
    outer loop
      vertex 20.3917 21.5255 3
      vertex 20.4867 21.4979 3
      vertex 25 25 3
    endloop
  endfacet
  facet normal -0 0 1
    outer loop
      vertex 20.4867 21.4979 3
      vertex 20.5798 21.4644 3
      vertex 25 25 3
    endloop
  endfacet
  facet normal -0 0 1
    outer loop
      vertex 20.5798 21.4644 3
      vertex 20.6706 21.4251 3
      vertex 25 25 3
    endloop
  endfacet
  facet normal -0 0 1
    outer loop
      vertex 20.6706 21.4251 3
      vertex 20.7588 21.3802 3
      vertex 25 25 3
    endloop
  endfacet
  facet normal -0 0 1
    outer loop
      vertex 20.7588 21.3802 3
      vertex 20.8439 21.3298 3
      vertex 25 25 3
    endloop
  endfacet
  facet normal -0 0 1
    outer loop
      vertex 20.8439 21.3298 3
      vertex 20.9258 21.2742 3
      vertex 25 25 3
    endloop
  endfacet
  facet normal -0 0 1
    outer loop
      vertex 20.9258 21.2742 3
      vertex 21.0039 21.2135 3
      vertex 25 25 3
    endloop
  endfacet
  facet normal -0 0 1
    outer loop
      vertex 21.0039 21.2135 3
      vertex 21.0782 21.1481 3
      vertex 25 25 3
    endloop
  endfacet
  facet normal -0 0 1
    outer loop
      vertex 21.0782 21.1481 3
      vertex 21.1481 21.0782 3
      vertex 25 25 3
    endloop
  endfacet
  facet normal -0 0 1
    outer loop
      vertex 21.1481 21.0782 3
      vertex 21.2135 21.0039 3
      vertex 25 25 3
    endloop
  endfacet
  facet normal -0 0 1
    outer loop
      vertex 21.2135 21.0039 3
      vertex 21.2742 20.9258 3
      vertex 25 25 3
    endloop
  endfacet
  facet normal -0 0 1
    outer loop
      vertex 21.2742 20.9258 3
      vertex 21.3298 20.8439 3
      vertex 25 25 3
    endloop
  endfacet
  facet normal 0 0 1
    outer loop
      vertex 25 25 3
      vertex 21.3298 20.8439 3
      vertex 21.3802 20.7588 3
    endloop
  endfacet
  facet normal 0 0 1
    outer loop
      vertex 25 25 3
      vertex 21.3802 20.7588 3
      vertex 21.4251 20.6706 3
    endloop
  endfacet
  facet normal 0 0 1
    outer loop
      vertex 25 25 3
      vertex 21.4251 20.6706 3
      vertex 21.4644 20.5798 3
    endloop
  endfacet
  facet normal 0 0 1
    outer loop
      vertex 25 25 3
      vertex 21.4644 20.5798 3
      vertex 21.4979 20.4867 3
    endloop
  endfacet
  facet normal 0 0 1
    outer loop
      vertex 25 25 3
      vertex 21.4979 20.4867 3
      vertex 21.5255 20.3917 3
    endloop
  endfacet
  facet normal 0 0 1
    outer loop
      vertex 25 25 3
      vertex 21.5471 20.2951 3
      vertex 21.5626 20.1974 3
    endloop
  endfacet
  facet normal 0 0 1
    outer loop
      vertex 25 25 3
      vertex 21.5255 20.3917 3
      vertex 21.5471 20.2951 3
    endloop
  endfacet
  facet normal 0 0 1
    outer loop
      vertex 25 25 3
      vertex 21.5626 20.1974 3
      vertex 21.5719 20.0989 3
    endloop
  endfacet
  facet normal 0 0 1
    outer loop
      vertex 25 25 3
      vertex 21.5719 20.0989 3
      vertex 21.575 20 3
    endloop
  endfacet
  facet normal 0 0 1
    outer loop
      vertex 25 25 3
      vertex 21.575 20 3
      vertex 21.5719 19.9011 3
    endloop
  endfacet
  facet normal 0 0 1
    outer loop
      vertex 25 25 3
      vertex 21.5719 19.9011 3
      vertex 21.5626 19.8026 3
    endloop
  endfacet
  facet normal 0 0 1
    outer loop
      vertex 25 25 3
      vertex 21.5626 19.8026 3
      vertex 21.5471 19.7049 3
    endloop
  endfacet
  facet normal 0 0 1
    outer loop
      vertex 25 25 3
      vertex 21.5471 19.7049 3
      vertex 21.5255 19.6083 3
    endloop
  endfacet
  facet normal 0 0 1
    outer loop
      vertex 25 25 3
      vertex 21.5255 19.6083 3
      vertex 21.4979 19.5133 3
    endloop
  endfacet
  facet normal 0 0 1
    outer loop
      vertex 25 25 3
      vertex 21.4979 19.5133 3
      vertex 21.4644 19.4202 3
    endloop
  endfacet
  facet normal 0 0 1
    outer loop
      vertex 25 25 3
      vertex 21.4644 19.4202 3
      vertex 25 0 3
    endloop
  endfacet
  facet normal 0 0 1
    outer loop
      vertex 21.3298 19.1561 3
      vertex 21.2742 19.0742 3
      vertex 21.3298 5.84392 3
    endloop
  endfacet
  facet normal 0 0 1
    outer loop
      vertex 21.0782 18.8519 3
      vertex 21.0782 6.14812 3
      vertex 21.1481 6.07816 3
    endloop
  endfacet
  facet normal 0 -0 1
    outer loop
      vertex 20.9258 6.2742 3
      vertex 20.9258 18.7258 3
      vertex 20.8439 18.6702 3
    endloop
  endfacet
  facet normal 0 0 1
    outer loop
      vertex 20.6706 18.5749 3
      vertex 20.6706 6.42509 3
      vertex 20.7588 6.38017 3
    endloop
  endfacet
  facet normal 0 -0 1
    outer loop
      vertex 20.4867 6.49791 3
      vertex 20.4867 18.5021 3
      vertex 20.3917 18.4745 3
    endloop
  endfacet
  facet normal 0 0 1
    outer loop
      vertex 20.1974 18.4374 3
      vertex 20.1974 6.56258 3
      vertex 20.2951 6.54709 3
    endloop
  endfacet
  facet normal 0 0 1
    outer loop
      vertex 19.9011 6.57188 3
      vertex 20 6.575 3
      vertex 19.9011 18.4281 3
    endloop
  endfacet
  facet normal 0 0 1
    outer loop
      vertex 19.7049 18.4529 3
      vertex 19.6083 18.4745 3
      vertex 19.7049 6.54709 3
    endloop
  endfacet
  facet normal 0 -0 1
    outer loop
      vertex 19.5133 6.49791 3
      vertex 19.5133 18.5021 3
      vertex 19.4202 18.5356 3
    endloop
  endfacet
  facet normal 0 -0 1
    outer loop
      vertex 19.4202 6.46439 3
      vertex 19.4202 18.5356 3
      vertex 19.3294 18.5749 3
    endloop
  endfacet
  facet normal 0 0 1
    outer loop
      vertex 19.4202 6.46439 3
      vertex 19.3294 18.5749 3
      vertex 19.3294 6.42509 3
    endloop
  endfacet
  facet normal 0 0 1
    outer loop
      vertex 19.3294 18.5749 3
      vertex 19.2412 18.6198 3
      vertex 19.3294 6.42509 3
    endloop
  endfacet
  facet normal 0 0 1
    outer loop
      vertex 19.2412 18.6198 3
      vertex 19.2412 6.38017 3
      vertex 19.3294 6.42509 3
    endloop
  endfacet
  facet normal 0 0 1
    outer loop
      vertex 19.1561 18.6702 3
      vertex 19.1561 6.3298 3
      vertex 19.2412 6.38017 3
    endloop
  endfacet
  facet normal 0 0 1
    outer loop
      vertex 19.0742 18.7258 3
      vertex 19.1561 6.3298 3
      vertex 19.1561 18.6702 3
    endloop
  endfacet
  facet normal 0 0 1
    outer loop
      vertex 19.0742 6.2742 3
      vertex 19.1561 6.3298 3
      vertex 19.0742 18.7258 3
    endloop
  endfacet
  facet normal 0 -0 1
    outer loop
      vertex 19.0742 6.2742 3
      vertex 19.0742 18.7258 3
      vertex 18.996 18.7864 3
    endloop
  endfacet
  facet normal 0 0 1
    outer loop
      vertex 19.0742 6.2742 3
      vertex 18.996 18.7864 3
      vertex 18.996 6.21355 3
    endloop
  endfacet
  facet normal 0 0 1
    outer loop
      vertex 25 0 3
      vertex 20 3.42499 3
      vertex 19.9011 3.4281 3
    endloop
  endfacet
  facet normal 0 0 1
    outer loop
      vertex 19.8026 6.56258 3
      vertex 19.7049 18.4529 3
      vertex 19.7049 6.54709 3
    endloop
  endfacet
  facet normal 0 0 1
    outer loop
      vertex 25 0 3
      vertex 19.9011 3.4281 3
      vertex 19.8026 3.43741 3
    endloop
  endfacet
  facet normal 0 0 1
    outer loop
      vertex 19.4202 6.46439 3
      vertex 19.5133 6.49791 3
      vertex 19.4202 18.5356 3
    endloop
  endfacet
  facet normal 0 0 1
    outer loop
      vertex 25 0 3
      vertex 19.8026 3.43741 3
      vertex 19.7049 3.4529 3
    endloop
  endfacet
  facet normal 0 0 1
    outer loop
      vertex 25 0 3
      vertex 19.7049 3.4529 3
      vertex 19.6083 3.47447 3
    endloop
  endfacet
  facet normal 0 0 1
    outer loop
      vertex 25 0 3
      vertex 19.6083 3.47447 3
      vertex 19.5133 3.50208 3
    endloop
  endfacet
  facet normal 0 0 1
    outer loop
      vertex 25 0 3
      vertex 19.5133 3.50208 3
      vertex 19.4202 3.5356 3
    endloop
  endfacet
  facet normal 0 0 1
    outer loop
      vertex 25 0 3
      vertex 19.4202 3.5356 3
      vertex 0 0 3
    endloop
  endfacet
  facet normal 0 0 1
    outer loop
      vertex 19.1561 3.67018 3
      vertex 19.0742 3.72578 3
      vertex 5.84392 3.67018 3
    endloop
  endfacet
  facet normal 0 0 1
    outer loop
      vertex 5.92575 3.72578 3
      vertex 18.996 3.78644 3
      vertex 6.00394 3.78644 3
    endloop
  endfacet
  facet normal 0 0 1
    outer loop
      vertex 6.07816 3.85187 3
      vertex 18.9218 3.85187 3
      vertex 18.8519 3.92183 3
    endloop
  endfacet
  facet normal -0 0 1
    outer loop
      vertex 6.21355 3.99605 3
      vertex 6.14812 3.92183 3
      vertex 18.7864 3.99605 3
    endloop
  endfacet
  facet normal -0 0 1
    outer loop
      vertex 6.2742 4.07423 3
      vertex 6.21355 3.99605 3
      vertex 18.7258 4.07423 3
    endloop
  endfacet
  facet normal 0 0 1
    outer loop
      vertex 18.6198 4.24123 3
      vertex 6.3298 4.15607 3
      vertex 18.6702 4.15607 3
    endloop
  endfacet
  facet normal 0 0 1
    outer loop
      vertex 18.5749 4.32939 3
      vertex 6.42509 4.32939 3
      vertex 6.38017 4.24123 3
    endloop
  endfacet
  facet normal 0 0 1
    outer loop
      vertex 18.4529 5.29512 3
      vertex 6.52551 5.39168 3
      vertex 6.54709 5.29512 3
    endloop
  endfacet
  facet normal 0 -0 1
    outer loop
      vertex 18.5749 5.67059 3
      vertex 18.6198 5.75876 3
      vertex 6.38017 5.75876 3
    endloop
  endfacet
  facet normal 0 -0 1
    outer loop
      vertex 6.21355 6.00394 3
      vertex 18.7864 6.00394 3
      vertex 6.14812 6.07816 3
    endloop
  endfacet
  facet normal 0 -0 1
    outer loop
      vertex 18.7864 6.00394 3
      vertex 18.8519 6.07816 3
      vertex 6.14812 6.07816 3
    endloop
  endfacet
  facet normal 0 0 1
    outer loop
      vertex 18.8519 6.07816 3
      vertex 6.14812 18.9218 3
      vertex 6.14812 6.07816 3
    endloop
  endfacet
  facet normal 0 0 1
    outer loop
      vertex 6.14812 18.9218 3
      vertex 6.07816 18.8519 3
      vertex 6.14812 6.07816 3
    endloop
  endfacet
  facet normal -0 0 1
    outer loop
      vertex 6.00394 18.7864 3
      vertex 6.07816 6.14812 3
      vertex 6.07816 18.8519 3
    endloop
  endfacet
  facet normal -0 0 1
    outer loop
      vertex 5.92575 18.7258 3
      vertex 6.00394 6.21355 3
      vertex 6.00394 18.7864 3
    endloop
  endfacet
  facet normal 0 0 1
    outer loop
      vertex 4.15607 18.6702 3
      vertex 4.07423 18.7258 3
      vertex 4.15607 6.3298 3
    endloop
  endfacet
  facet normal 0 0 1
    outer loop
      vertex 6.00394 6.21355 3
      vertex 5.92575 18.7258 3
      vertex 5.92575 6.2742 3
    endloop
  endfacet
  facet normal 0 0 1
    outer loop
      vertex 4.15607 18.6702 3
      vertex 4.15607 6.3298 3
      vertex 4.24123 6.38017 3
    endloop
  endfacet
  facet normal -0 0 1
    outer loop
      vertex 5.84392 18.6702 3
      vertex 5.92575 6.2742 3
      vertex 5.92575 18.7258 3
    endloop
  endfacet
  facet normal 0 0 1
    outer loop
      vertex 5.92575 6.2742 3
      vertex 5.84392 18.6702 3
      vertex 5.84392 6.3298 3
    endloop
  endfacet
  facet normal 0 0 1
    outer loop
      vertex 4.24123 6.38017 3
      vertex 4.32939 6.42509 3
      vertex 4.24123 18.6198 3
    endloop
  endfacet
  facet normal 0 0 1
    outer loop
      vertex 5.48669 18.5021 3
      vertex 5.48669 6.49791 3
      vertex 5.57979 6.46439 3
    endloop
  endfacet
  facet normal 0 0 1
    outer loop
      vertex 19.1561 18.6702 3
      vertex 19.2412 6.38017 3
      vertex 19.2412 18.6198 3
    endloop
  endfacet
  facet normal 0 0 1
    outer loop
      vertex 19.5133 6.49791 3
      vertex 19.6083 6.52551 3
      vertex 19.5133 18.5021 3
    endloop
  endfacet
  facet normal 0 -0 1
    outer loop
      vertex 19.6083 6.52551 3
      vertex 19.6083 18.4745 3
      vertex 19.5133 18.5021 3
    endloop
  endfacet
  facet normal 0 0 1
    outer loop
      vertex 19.7049 6.54709 3
      vertex 19.6083 18.4745 3
      vertex 19.6083 6.52551 3
    endloop
  endfacet
  facet normal 0 0 1
    outer loop
      vertex 21.4251 19.3294 3
      vertex 21.4251 5.67059 3
      vertex 21.4644 5.57979 3
    endloop
  endfacet
  facet normal 0 0 1
    outer loop
      vertex 19.8026 18.4374 3
      vertex 19.7049 18.4529 3
      vertex 19.8026 6.56258 3
    endloop
  endfacet
  facet normal 0 0 1
    outer loop
      vertex 19.8026 18.4374 3
      vertex 19.8026 6.56258 3
      vertex 19.9011 6.57188 3
    endloop
  endfacet
  facet normal 0 0 1
    outer loop
      vertex 19.8026 18.4374 3
      vertex 19.9011 6.57188 3
      vertex 19.9011 18.4281 3
    endloop
  endfacet
  facet normal 0 0 1
    outer loop
      vertex 19.9011 18.4281 3
      vertex 20 6.575 3
      vertex 20 18.425 3
    endloop
  endfacet
  facet normal -0 0 1
    outer loop
      vertex 20 6.575 3
      vertex 20.0989 6.57188 3
      vertex 20 18.425 3
    endloop
  endfacet
  facet normal 0 -0 1
    outer loop
      vertex 20.0989 6.57188 3
      vertex 20.0989 18.4281 3
      vertex 20 18.425 3
    endloop
  endfacet
  facet normal 0 0 1
    outer loop
      vertex 20.1974 6.56258 3
      vertex 20.0989 18.4281 3
      vertex 20.0989 6.57188 3
    endloop
  endfacet
  facet normal 0 0 1
    outer loop
      vertex 20.1974 18.4374 3
      vertex 20.0989 18.4281 3
      vertex 20.1974 6.56258 3
    endloop
  endfacet
  facet normal 0 0 1
    outer loop
      vertex 20.2951 18.4529 3
      vertex 20.1974 18.4374 3
      vertex 20.2951 6.54709 3
    endloop
  endfacet
  facet normal 0 0 1
    outer loop
      vertex 20.2951 18.4529 3
      vertex 20.2951 6.54709 3
      vertex 20.3917 6.52551 3
    endloop
  endfacet
  facet normal -0 0 1
    outer loop
      vertex 20.2951 18.4529 3
      vertex 20.3917 6.52551 3
      vertex 20.3917 18.4745 3
    endloop
  endfacet
  facet normal -0 0 1
    outer loop
      vertex 20.3917 6.52551 3
      vertex 20.4867 6.49791 3
      vertex 20.3917 18.4745 3
    endloop
  endfacet
  facet normal -0 0 1
    outer loop
      vertex 20.4867 6.49791 3
      vertex 20.5798 6.46439 3
      vertex 20.4867 18.5021 3
    endloop
  endfacet
  facet normal 0 -0 1
    outer loop
      vertex 20.5798 6.46439 3
      vertex 20.5798 18.5356 3
      vertex 20.4867 18.5021 3
    endloop
  endfacet
  facet normal 0 0 1
    outer loop
      vertex 20.6706 6.42509 3
      vertex 20.5798 18.5356 3
      vertex 20.5798 6.46439 3
    endloop
  endfacet
  facet normal 0 0 1
    outer loop
      vertex 20.6706 18.5749 3
      vertex 20.5798 18.5356 3
      vertex 20.6706 6.42509 3
    endloop
  endfacet
  facet normal 0 0 1
    outer loop
      vertex 20.7588 18.6198 3
      vertex 20.6706 18.5749 3
      vertex 20.7588 6.38017 3
    endloop
  endfacet
  facet normal 0 0 1
    outer loop
      vertex 20.7588 18.6198 3
      vertex 20.7588 6.38017 3
      vertex 20.8439 6.3298 3
    endloop
  endfacet
  facet normal -0 0 1
    outer loop
      vertex 20.7588 18.6198 3
      vertex 20.8439 6.3298 3
      vertex 20.8439 18.6702 3
    endloop
  endfacet
  facet normal -0 0 1
    outer loop
      vertex 20.8439 6.3298 3
      vertex 20.9258 6.2742 3
      vertex 20.8439 18.6702 3
    endloop
  endfacet
  facet normal -0 0 1
    outer loop
      vertex 20.9258 6.2742 3
      vertex 21.0039 6.21355 3
      vertex 20.9258 18.7258 3
    endloop
  endfacet
  facet normal 0 -0 1
    outer loop
      vertex 21.0039 6.21355 3
      vertex 21.0039 18.7864 3
      vertex 20.9258 18.7258 3
    endloop
  endfacet
  facet normal 0 0 1
    outer loop
      vertex 21.0782 6.14812 3
      vertex 21.0039 18.7864 3
      vertex 21.0039 6.21355 3
    endloop
  endfacet
  facet normal 0 0 1
    outer loop
      vertex 21.0782 18.8519 3
      vertex 21.0039 18.7864 3
      vertex 21.0782 6.14812 3
    endloop
  endfacet
  facet normal 0 0 1
    outer loop
      vertex 21.1481 18.9218 3
      vertex 21.0782 18.8519 3
      vertex 21.1481 6.07816 3
    endloop
  endfacet
  facet normal 0 0 1
    outer loop
      vertex 21.1481 18.9218 3
      vertex 21.1481 6.07816 3
      vertex 21.2135 6.00394 3
    endloop
  endfacet
  facet normal -0 0 1
    outer loop
      vertex 21.1481 18.9218 3
      vertex 21.2135 6.00394 3
      vertex 21.2135 18.996 3
    endloop
  endfacet
  facet normal -0 0 1
    outer loop
      vertex 21.2135 6.00394 3
      vertex 21.2742 5.92575 3
      vertex 21.2135 18.996 3
    endloop
  endfacet
  facet normal 0 -0 1
    outer loop
      vertex 21.2742 5.92575 3
      vertex 21.2742 19.0742 3
      vertex 21.2135 18.996 3
    endloop
  endfacet
  facet normal 0 0 1
    outer loop
      vertex 21.3298 5.84392 3
      vertex 21.2742 19.0742 3
      vertex 21.2742 5.92575 3
    endloop
  endfacet
  facet normal 0 0 1
    outer loop
      vertex 21.3802 5.75876 3
      vertex 21.3298 19.1561 3
      vertex 21.3298 5.84392 3
    endloop
  endfacet
  facet normal 0 0 1
    outer loop
      vertex 21.3802 19.2412 3
      vertex 21.3298 19.1561 3
      vertex 21.3802 5.75876 3
    endloop
  endfacet
  facet normal 0 0 1
    outer loop
      vertex 21.3802 19.2412 3
      vertex 21.3802 5.75876 3
      vertex 21.4251 5.67059 3
    endloop
  endfacet
  facet normal -0 0 1
    outer loop
      vertex 21.3802 19.2412 3
      vertex 21.4251 5.67059 3
      vertex 21.4251 19.3294 3
    endloop
  endfacet
  facet normal -0 0 1
    outer loop
      vertex 21.4251 19.3294 3
      vertex 21.4644 5.57979 3
      vertex 21.4644 19.4202 3
    endloop
  endfacet
  facet normal -0 0 1
    outer loop
      vertex 21.4644 5.57979 3
      vertex 25 0 3
      vertex 21.4644 19.4202 3
    endloop
  endfacet
  facet normal -0 -0 1
    outer loop
      vertex 21.4979 5.48669 3
      vertex 25 0 3
      vertex 21.4644 5.57979 3
    endloop
  endfacet
  facet normal -0 -0 1
    outer loop
      vertex 21.5255 5.39168 3
      vertex 25 0 3
      vertex 21.4979 5.48669 3
    endloop
  endfacet
  facet normal -0 -0 1
    outer loop
      vertex 21.5471 5.29512 3
      vertex 25 0 3
      vertex 21.5255 5.39168 3
    endloop
  endfacet
  facet normal -0 -0 1
    outer loop
      vertex 21.5626 5.19739 3
      vertex 25 0 3
      vertex 21.5471 5.29512 3
    endloop
  endfacet
  facet normal -0 -0 1
    outer loop
      vertex 21.5719 5.09889 3
      vertex 25 0 3
      vertex 21.5626 5.19739 3
    endloop
  endfacet
  facet normal -0 -0 1
    outer loop
      vertex 21.575 5 3
      vertex 25 0 3
      vertex 21.5719 5.09889 3
    endloop
  endfacet
  facet normal -0 0 1
    outer loop
      vertex 21.5719 4.90109 3
      vertex 25 0 3
      vertex 21.575 5 3
    endloop
  endfacet
  facet normal -0 0 1
    outer loop
      vertex 21.5626 4.8026 3
      vertex 25 0 3
      vertex 21.5719 4.90109 3
    endloop
  endfacet
  facet normal -0 0 1
    outer loop
      vertex 21.5471 4.70486 3
      vertex 25 0 3
      vertex 21.5626 4.8026 3
    endloop
  endfacet
  facet normal -0 0 1
    outer loop
      vertex 21.5255 4.60831 3
      vertex 25 0 3
      vertex 21.5471 4.70486 3
    endloop
  endfacet
  facet normal -0 0 1
    outer loop
      vertex 21.4979 4.51329 3
      vertex 25 0 3
      vertex 21.5255 4.60831 3
    endloop
  endfacet
  facet normal -0 0 1
    outer loop
      vertex 21.4644 4.4202 3
      vertex 25 0 3
      vertex 21.4979 4.51329 3
    endloop
  endfacet
  facet normal -0 0 1
    outer loop
      vertex 21.4251 4.32939 3
      vertex 25 0 3
      vertex 21.4644 4.4202 3
    endloop
  endfacet
  facet normal -0 0 1
    outer loop
      vertex 21.3802 4.24123 3
      vertex 25 0 3
      vertex 21.4251 4.32939 3
    endloop
  endfacet
  facet normal -0 0 1
    outer loop
      vertex 21.3298 4.15607 3
      vertex 25 0 3
      vertex 21.3802 4.24123 3
    endloop
  endfacet
  facet normal -0 0 1
    outer loop
      vertex 21.2742 4.07423 3
      vertex 25 0 3
      vertex 21.3298 4.15607 3
    endloop
  endfacet
  facet normal -0 0 1
    outer loop
      vertex 21.2135 3.99605 3
      vertex 25 0 3
      vertex 21.2742 4.07423 3
    endloop
  endfacet
  facet normal -0 0 1
    outer loop
      vertex 21.1481 3.92183 3
      vertex 25 0 3
      vertex 21.2135 3.99605 3
    endloop
  endfacet
  facet normal -0 0 1
    outer loop
      vertex 21.0782 3.85187 3
      vertex 25 0 3
      vertex 21.1481 3.92183 3
    endloop
  endfacet
  facet normal -0 0 1
    outer loop
      vertex 21.0039 3.78644 3
      vertex 25 0 3
      vertex 21.0782 3.85187 3
    endloop
  endfacet
  facet normal -0 0 1
    outer loop
      vertex 20.9258 3.72578 3
      vertex 25 0 3
      vertex 21.0039 3.78644 3
    endloop
  endfacet
  facet normal -0 0 1
    outer loop
      vertex 20.8439 3.67018 3
      vertex 25 0 3
      vertex 20.9258 3.72578 3
    endloop
  endfacet
  facet normal -0 0 1
    outer loop
      vertex 20.7588 3.61981 3
      vertex 25 0 3
      vertex 20.8439 3.67018 3
    endloop
  endfacet
  facet normal -0 0 1
    outer loop
      vertex 20.6706 3.57489 3
      vertex 25 0 3
      vertex 20.7588 3.61981 3
    endloop
  endfacet
  facet normal -0 0 1
    outer loop
      vertex 20.5798 3.5356 3
      vertex 25 0 3
      vertex 20.6706 3.57489 3
    endloop
  endfacet
  facet normal -0 0 1
    outer loop
      vertex 20.4867 3.50208 3
      vertex 25 0 3
      vertex 20.5798 3.5356 3
    endloop
  endfacet
  facet normal -0 0 1
    outer loop
      vertex 20.3917 3.47447 3
      vertex 25 0 3
      vertex 20.4867 3.50208 3
    endloop
  endfacet
  facet normal -0 0 1
    outer loop
      vertex 20.2951 3.4529 3
      vertex 25 0 3
      vertex 20.3917 3.47447 3
    endloop
  endfacet
  facet normal -0 0 1
    outer loop
      vertex 20.1974 3.43741 3
      vertex 25 0 3
      vertex 20.2951 3.4529 3
    endloop
  endfacet
  facet normal -0 0 1
    outer loop
      vertex 20.0989 3.4281 3
      vertex 25 0 3
      vertex 20.1974 3.43741 3
    endloop
  endfacet
  facet normal -0 0 1
    outer loop
      vertex 20 3.42499 3
      vertex 25 0 3
      vertex 20.0989 3.4281 3
    endloop
  endfacet
  facet normal 0 0 1
    outer loop
      vertex 4.15607 6.3298 3
      vertex 4.07423 18.7258 3
      vertex 4.07423 6.2742 3
    endloop
  endfacet
  facet normal 0 0 1
    outer loop
      vertex 5.75876 3.61981 3
      vertex 19.1561 3.67018 3
      vertex 5.84392 3.67018 3
    endloop
  endfacet
  facet normal 0 0 1
    outer loop
      vertex 0 0 3
      vertex 5 3.42499 3
      vertex 4.90109 3.4281 3
    endloop
  endfacet
  facet normal 0 0 1
    outer loop
      vertex 0 0 3
      vertex 4.90109 3.4281 3
      vertex 4.8026 3.43741 3
    endloop
  endfacet
  facet normal 0 0 1
    outer loop
      vertex 0 0 3
      vertex 4.8026 3.43741 3
      vertex 4.70486 3.4529 3
    endloop
  endfacet
  facet normal 0 0 1
    outer loop
      vertex 0 0 3
      vertex 4.70486 3.4529 3
      vertex 4.60831 3.47447 3
    endloop
  endfacet
  facet normal 0 0 1
    outer loop
      vertex 0 0 3
      vertex 4.60831 3.47447 3
      vertex 4.51329 3.50208 3
    endloop
  endfacet
  facet normal 0 0 1
    outer loop
      vertex 0 0 3
      vertex 4.51329 3.50208 3
      vertex 4.4202 3.5356 3
    endloop
  endfacet
  facet normal 0 0 1
    outer loop
      vertex 0 0 3
      vertex 3.5356 5.57979 3
      vertex 3.5356 19.4202 3
    endloop
  endfacet
  facet normal 0 0 1
    outer loop
      vertex 0 0 3
      vertex 4.4202 3.5356 3
      vertex 4.32939 3.57489 3
    endloop
  endfacet
  facet normal 0 0 1
    outer loop
      vertex 0 0 3
      vertex 4.32939 3.57489 3
      vertex 4.24123 3.61981 3
    endloop
  endfacet
  facet normal 0 0 1
    outer loop
      vertex 0 0 3
      vertex 4.24123 3.61981 3
      vertex 4.15607 3.67018 3
    endloop
  endfacet
  facet normal 0 -0 1
    outer loop
      vertex 3.50208 5.48669 3
      vertex 3.5356 5.57979 3
      vertex 0 0 3
    endloop
  endfacet
  facet normal 0 0 1
    outer loop
      vertex 0 0 3
      vertex 4.15607 3.67018 3
      vertex 4.07423 3.72578 3
    endloop
  endfacet
  facet normal 0 0 1
    outer loop
      vertex 0 0 3
      vertex 4.07423 3.72578 3
      vertex 3.99605 3.78644 3
    endloop
  endfacet
  facet normal 0 0 1
    outer loop
      vertex 0 0 3
      vertex 3.99605 3.78644 3
      vertex 3.92183 3.85187 3
    endloop
  endfacet
  facet normal 0 0 1
    outer loop
      vertex 3.50208 5.48669 3
      vertex 0 0 3
      vertex 3.47447 5.39168 3
    endloop
  endfacet
  facet normal 0 0 1
    outer loop
      vertex 0 0 3
      vertex 3.92183 3.85187 3
      vertex 3.85187 3.92183 3
    endloop
  endfacet
  facet normal 0 0 1
    outer loop
      vertex 0 0 3
      vertex 3.85187 3.92183 3
      vertex 3.78644 3.99605 3
    endloop
  endfacet
  facet normal 0 0 1
    outer loop
      vertex 0 0 3
      vertex 3.78644 3.99605 3
      vertex 3.72578 4.07423 3
    endloop
  endfacet
  facet normal 0 0 1
    outer loop
      vertex 0 0 3
      vertex 3.72578 4.07423 3
      vertex 3.67018 4.15607 3
    endloop
  endfacet
  facet normal 0 0 1
    outer loop
      vertex 0 0 3
      vertex 3.4529 5.29512 3
      vertex 3.47447 5.39168 3
    endloop
  endfacet
  facet normal 0 0 1
    outer loop
      vertex 0 0 3
      vertex 3.67018 4.15607 3
      vertex 3.61981 4.24123 3
    endloop
  endfacet
  facet normal 0 0 1
    outer loop
      vertex 0 0 3
      vertex 3.61981 4.24123 3
      vertex 3.57489 4.32939 3
    endloop
  endfacet
  facet normal 0 0 1
    outer loop
      vertex 0 0 3
      vertex 3.57489 4.32939 3
      vertex 3.5356 4.4202 3
    endloop
  endfacet
  facet normal 0 -0 1
    outer loop
      vertex 3.43741 5.19739 3
      vertex 3.4529 5.29512 3
      vertex 0 0 3
    endloop
  endfacet
  facet normal 0 0 1
    outer loop
      vertex 0 0 3
      vertex 3.5356 4.4202 3
      vertex 3.50208 4.51329 3
    endloop
  endfacet
  facet normal 0 0 1
    outer loop
      vertex 0 0 3
      vertex 3.50208 4.51329 3
      vertex 3.47447 4.60831 3
    endloop
  endfacet
  facet normal 0 0 1
    outer loop
      vertex 0 0 3
      vertex 3.47447 4.60831 3
      vertex 3.4529 4.70486 3
    endloop
  endfacet
  facet normal 0 0 1
    outer loop
      vertex 0 0 3
      vertex 3.4529 4.70486 3
      vertex 3.43741 4.8026 3
    endloop
  endfacet
  facet normal 0 0 1
    outer loop
      vertex 0 0 3
      vertex 3.43741 4.8026 3
      vertex 3.4281 4.90109 3
    endloop
  endfacet
  facet normal 0 0 1
    outer loop
      vertex 0 0 3
      vertex 3.42499 5 3
      vertex 3.4281 5.09889 3
    endloop
  endfacet
  facet normal 0 0 1
    outer loop
      vertex 0 0 3
      vertex 3.4281 4.90109 3
      vertex 3.42499 5 3
    endloop
  endfacet
  facet normal 0 0 1
    outer loop
      vertex 3.5356 19.4202 3
      vertex 3.57489 5.67059 3
      vertex 3.57489 19.3294 3
    endloop
  endfacet
  facet normal 0 0 1
    outer loop
      vertex 3.5356 19.4202 3
      vertex 3.5356 5.57979 3
      vertex 3.57489 5.67059 3
    endloop
  endfacet
  facet normal 0 0 1
    outer loop
      vertex 3.85187 18.9218 3
      vertex 3.78644 18.996 3
      vertex 3.85187 6.07816 3
    endloop
  endfacet
  facet normal 0 0 1
    outer loop
      vertex 3.85187 6.07816 3
      vertex 3.78644 18.996 3
      vertex 3.78644 6.00394 3
    endloop
  endfacet
  facet normal 0 0 1
    outer loop
      vertex 4.15607 18.6702 3
      vertex 4.24123 6.38017 3
      vertex 4.24123 18.6198 3
    endloop
  endfacet
  facet normal 0 0 1
    outer loop
      vertex 4.4202 18.5356 3
      vertex 4.32939 18.5749 3
      vertex 4.4202 6.46439 3
    endloop
  endfacet
  facet normal 0 0 1
    outer loop
      vertex 4.4202 18.5356 3
      vertex 4.4202 6.46439 3
      vertex 4.51329 6.49791 3
    endloop
  endfacet
  facet normal 0 0 1
    outer loop
      vertex 4.4202 18.5356 3
      vertex 4.51329 6.49791 3
      vertex 4.51329 18.5021 3
    endloop
  endfacet
  facet normal 0 0 1
    outer loop
      vertex 4.51329 6.49791 3
      vertex 4.60831 6.52551 3
      vertex 4.51329 18.5021 3
    endloop
  endfacet
  facet normal 0 0 1
    outer loop
      vertex 5.84392 6.3298 3
      vertex 5.75876 18.6198 3
      vertex 5.75876 6.38017 3
    endloop
  endfacet
  facet normal 0 -0 1
    outer loop
      vertex 4.60831 6.52551 3
      vertex 4.60831 18.4745 3
      vertex 4.51329 18.5021 3
    endloop
  endfacet
  facet normal 0 -0 1
    outer loop
      vertex 4.70486 6.54709 3
      vertex 4.70486 18.4529 3
      vertex 4.60831 18.4745 3
    endloop
  endfacet
  facet normal 0 0 1
    outer loop
      vertex 4.8026 6.56258 3
      vertex 4.70486 18.4529 3
      vertex 4.70486 6.54709 3
    endloop
  endfacet
  facet normal 0 0 1
    outer loop
      vertex 4.8026 18.4374 3
      vertex 4.70486 18.4529 3
      vertex 4.8026 6.56258 3
    endloop
  endfacet
  facet normal 0 0 1
    outer loop
      vertex 4.8026 18.4374 3
      vertex 4.8026 6.56258 3
      vertex 4.90109 6.57188 3
    endloop
  endfacet
  facet normal 0 0 1
    outer loop
      vertex 4.8026 18.4374 3
      vertex 4.90109 6.57188 3
      vertex 4.90109 18.4281 3
    endloop
  endfacet
  facet normal 0 0 1
    outer loop
      vertex 4.90109 6.57188 3
      vertex 5 6.575 3
      vertex 4.90109 18.4281 3
    endloop
  endfacet
  facet normal 0 -0 1
    outer loop
      vertex 5 6.575 3
      vertex 5 18.425 3
      vertex 4.90109 18.4281 3
    endloop
  endfacet
  facet normal 0 0 1
    outer loop
      vertex 5.75876 18.6198 3
      vertex 5.67059 18.5749 3
      vertex 5.75876 6.38017 3
    endloop
  endfacet
  facet normal 0 0 1
    outer loop
      vertex 5.09889 6.57188 3
      vertex 5 18.425 3
      vertex 5 6.575 3
    endloop
  endfacet
  facet normal 0 0 1
    outer loop
      vertex 5.19739 6.56258 3
      vertex 5.09889 18.4281 3
      vertex 5.09889 6.57188 3
    endloop
  endfacet
  facet normal 0 0 1
    outer loop
      vertex 5.19739 18.4374 3
      vertex 5.09889 18.4281 3
      vertex 5.19739 6.56258 3
    endloop
  endfacet
  facet normal 0 0 1
    outer loop
      vertex 5.19739 18.4374 3
      vertex 5.19739 6.56258 3
      vertex 5.29512 6.54709 3
    endloop
  endfacet
  facet normal -0 0 1
    outer loop
      vertex 5.19739 18.4374 3
      vertex 5.29512 6.54709 3
      vertex 5.29512 18.4529 3
    endloop
  endfacet
  facet normal -0 0 1
    outer loop
      vertex 5.29512 6.54709 3
      vertex 5.39168 6.52551 3
      vertex 5.29512 18.4529 3
    endloop
  endfacet
  facet normal 0 -0 1
    outer loop
      vertex 5.39168 6.52551 3
      vertex 5.39168 18.4745 3
      vertex 5.29512 18.4529 3
    endloop
  endfacet
  facet normal 0 0 1
    outer loop
      vertex 5.48669 6.49791 3
      vertex 5.39168 18.4745 3
      vertex 5.39168 6.52551 3
    endloop
  endfacet
  facet normal 0 0 1
    outer loop
      vertex 5.67059 18.5749 3
      vertex 5.67059 6.42509 3
      vertex 5.75876 6.38017 3
    endloop
  endfacet
  facet normal 0 0 1
    outer loop
      vertex 5.48669 18.5021 3
      vertex 5.39168 18.4745 3
      vertex 5.48669 6.49791 3
    endloop
  endfacet
  facet normal -0 0 1
    outer loop
      vertex 5.48669 18.5021 3
      vertex 5.57979 6.46439 3
      vertex 5.57979 18.5356 3
    endloop
  endfacet
  facet normal -0 0 1
    outer loop
      vertex 5.57979 6.46439 3
      vertex 5.67059 6.42509 3
      vertex 5.57979 18.5356 3
    endloop
  endfacet
  facet normal 0 0 1
    outer loop
      vertex 6.00394 18.7864 3
      vertex 6.00394 6.21355 3
      vertex 6.07816 6.14812 3
    endloop
  endfacet
  facet normal -0 0 1
    outer loop
      vertex 6.21355 6.00394 3
      vertex 18.7258 5.92575 3
      vertex 18.7864 6.00394 3
    endloop
  endfacet
  facet normal 0 -0 1
    outer loop
      vertex 6.2742 5.92575 3
      vertex 18.7258 5.92575 3
      vertex 6.21355 6.00394 3
    endloop
  endfacet
  facet normal 0 -0 1
    outer loop
      vertex 6.3298 5.84392 3
      vertex 18.6702 5.84392 3
      vertex 6.2742 5.92575 3
    endloop
  endfacet
  facet normal 0 -0 1
    outer loop
      vertex 18.6198 5.75876 3
      vertex 18.6702 5.84392 3
      vertex 6.3298 5.84392 3
    endloop
  endfacet
  facet normal 0 0 1
    outer loop
      vertex 18.6198 5.75876 3
      vertex 6.3298 5.84392 3
      vertex 6.38017 5.75876 3
    endloop
  endfacet
  facet normal 0 0 1
    outer loop
      vertex 18.5749 5.67059 3
      vertex 6.38017 5.75876 3
      vertex 6.42509 5.67059 3
    endloop
  endfacet
  facet normal 0 0 1
    outer loop
      vertex 18.5749 5.67059 3
      vertex 6.42509 5.67059 3
      vertex 18.5356 5.57979 3
    endloop
  endfacet
  facet normal 0 0 1
    outer loop
      vertex 18.5356 5.57979 3
      vertex 6.46439 5.57979 3
      vertex 18.5021 5.48669 3
    endloop
  endfacet
  facet normal 0 0 1
    outer loop
      vertex 6.46439 5.57979 3
      vertex 6.49791 5.48669 3
      vertex 18.5021 5.48669 3
    endloop
  endfacet
  facet normal 0 0 1
    outer loop
      vertex 6.49791 5.48669 3
      vertex 6.52551 5.39168 3
      vertex 18.4745 5.39168 3
    endloop
  endfacet
  facet normal -0 0 1
    outer loop
      vertex 6.52551 5.39168 3
      vertex 18.4529 5.29512 3
      vertex 18.4745 5.39168 3
    endloop
  endfacet
  facet normal -0 0 1
    outer loop
      vertex 6.54709 5.29512 3
      vertex 18.4374 5.19739 3
      vertex 18.4529 5.29512 3
    endloop
  endfacet
  facet normal 0 -0 1
    outer loop
      vertex 6.56258 5.19739 3
      vertex 18.4374 5.19739 3
      vertex 6.54709 5.29512 3
    endloop
  endfacet
  facet normal 0 -0 1
    outer loop
      vertex 6.57188 5.09889 3
      vertex 18.4281 5.09889 3
      vertex 6.56258 5.19739 3
    endloop
  endfacet
  facet normal 0 -0 1
    outer loop
      vertex 18.425 5 3
      vertex 18.4281 5.09889 3
      vertex 6.57188 5.09889 3
    endloop
  endfacet
  facet normal 0 0 1
    outer loop
      vertex 6.57188 4.90109 3
      vertex 18.425 5 3
      vertex 6.575 5 3
    endloop
  endfacet
  facet normal 0 0 1
    outer loop
      vertex 18.4281 4.90109 3
      vertex 18.425 5 3
      vertex 6.57188 4.90109 3
    endloop
  endfacet
  facet normal 0 0 1
    outer loop
      vertex 18.4374 4.8026 3
      vertex 18.4281 4.90109 3
      vertex 6.56258 4.8026 3
    endloop
  endfacet
  facet normal 0 0 1
    outer loop
      vertex 18.4374 4.8026 3
      vertex 6.56258 4.8026 3
      vertex 6.54709 4.70486 3
    endloop
  endfacet
  facet normal 0 0 1
    outer loop
      vertex 18.4529 4.70486 3
      vertex 6.54709 4.70486 3
      vertex 6.52551 4.60831 3
    endloop
  endfacet
  facet normal 0 0 1
    outer loop
      vertex 18.4529 4.70486 3
      vertex 6.52551 4.60831 3
      vertex 18.4745 4.60831 3
    endloop
  endfacet
  facet normal 0 0 1
    outer loop
      vertex 18.4745 4.60831 3
      vertex 6.49791 4.51329 3
      vertex 18.5021 4.51329 3
    endloop
  endfacet
  facet normal -0 0 1
    outer loop
      vertex 6.49791 4.51329 3
      vertex 6.46439 4.4202 3
      vertex 18.5021 4.51329 3
    endloop
  endfacet
  facet normal -0 0 1
    outer loop
      vertex 6.46439 4.4202 3
      vertex 6.42509 4.32939 3
      vertex 18.5356 4.4202 3
    endloop
  endfacet
  facet normal 0 0 1
    outer loop
      vertex 6.42509 4.32939 3
      vertex 18.5749 4.32939 3
      vertex 18.5356 4.4202 3
    endloop
  endfacet
  facet normal 0 0 1
    outer loop
      vertex 6.38017 4.24123 3
      vertex 18.6198 4.24123 3
      vertex 18.5749 4.32939 3
    endloop
  endfacet
  facet normal 0 0 1
    outer loop
      vertex 6.3298 4.15607 3
      vertex 18.6198 4.24123 3
      vertex 6.38017 4.24123 3
    endloop
  endfacet
  facet normal 0 0 1
    outer loop
      vertex 6.2742 4.07423 3
      vertex 18.6702 4.15607 3
      vertex 6.3298 4.15607 3
    endloop
  endfacet
  facet normal 0 0 1
    outer loop
      vertex 18.7258 4.07423 3
      vertex 18.6702 4.15607 3
      vertex 6.2742 4.07423 3
    endloop
  endfacet
  facet normal 0 0 1
    outer loop
      vertex 18.7864 3.99605 3
      vertex 18.7258 4.07423 3
      vertex 6.21355 3.99605 3
    endloop
  endfacet
  facet normal 0 0 1
    outer loop
      vertex 18.8519 3.92183 3
      vertex 18.7864 3.99605 3
      vertex 6.14812 3.92183 3
    endloop
  endfacet
  facet normal 0 0 1
    outer loop
      vertex 18.8519 3.92183 3
      vertex 6.14812 3.92183 3
      vertex 6.07816 3.85187 3
    endloop
  endfacet
  facet normal 0 0 1
    outer loop
      vertex 18.9218 3.85187 3
      vertex 6.07816 3.85187 3
      vertex 6.00394 3.78644 3
    endloop
  endfacet
  facet normal 0 0 1
    outer loop
      vertex 18.9218 3.85187 3
      vertex 6.00394 3.78644 3
      vertex 18.996 3.78644 3
    endloop
  endfacet
  facet normal 0 0 1
    outer loop
      vertex 18.996 3.78644 3
      vertex 5.92575 3.72578 3
      vertex 19.0742 3.72578 3
    endloop
  endfacet
  facet normal -0 0 1
    outer loop
      vertex 5.92575 3.72578 3
      vertex 5.84392 3.67018 3
      vertex 19.0742 3.72578 3
    endloop
  endfacet
  facet normal 0 0 1
    outer loop
      vertex 19.2412 3.61981 3
      vertex 19.1561 3.67018 3
      vertex 5.75876 3.61981 3
    endloop
  endfacet
  facet normal 0 0 1
    outer loop
      vertex 19.2412 3.61981 3
      vertex 5.75876 3.61981 3
      vertex 5.67059 3.57489 3
    endloop
  endfacet
  facet normal 0 0 1
    outer loop
      vertex 19.2412 3.61981 3
      vertex 5.67059 3.57489 3
      vertex 19.3294 3.57489 3
    endloop
  endfacet
  facet normal 0 0 1
    outer loop
      vertex 5.57979 3.5356 3
      vertex 19.3294 3.57489 3
      vertex 5.67059 3.57489 3
    endloop
  endfacet
  facet normal 0 0 1
    outer loop
      vertex 19.4202 3.5356 3
      vertex 19.3294 3.57489 3
      vertex 5.57979 3.5356 3
    endloop
  endfacet
  facet normal 0 0 1
    outer loop
      vertex 19.4202 3.5356 3
      vertex 5.57979 3.5356 3
      vertex 0 0 3
    endloop
  endfacet
  facet normal 0 0 1
    outer loop
      vertex 5.57979 3.5356 3
      vertex 5.48669 3.50208 3
      vertex 0 0 3
    endloop
  endfacet
  facet normal 0 0 1
    outer loop
      vertex 5.48669 3.50208 3
      vertex 5.39168 3.47447 3
      vertex 0 0 3
    endloop
  endfacet
  facet normal 0 0 1
    outer loop
      vertex 5.39168 3.47447 3
      vertex 5.29512 3.4529 3
      vertex 0 0 3
    endloop
  endfacet
  facet normal 0 0 1
    outer loop
      vertex 5.29512 3.4529 3
      vertex 5.19739 3.43741 3
      vertex 0 0 3
    endloop
  endfacet
  facet normal 0 0 1
    outer loop
      vertex 5.19739 3.43741 3
      vertex 5.09889 3.4281 3
      vertex 0 0 3
    endloop
  endfacet
  facet normal 0 1 0
    outer loop
      vertex 0 25 0
      vertex 25 25 3
      vertex 25 25 0
    endloop
  endfacet
  facet normal 0 1 0
    outer loop
      vertex 0 25 0
      vertex 0 25 3
      vertex 25 25 3
    endloop
  endfacet
  facet normal -1 0 0
    outer loop
      vertex 0 0 0
      vertex 0 25 3
      vertex 0 25 0
    endloop
  endfacet
  facet normal -1 0 0
    outer loop
      vertex 0 0 0
      vertex 0 0 3
      vertex 0 25 3
    endloop
  endfacet
  facet normal 0 -1 0
    outer loop
      vertex 25 0 0
      vertex 0 0 3
      vertex 0 0 0
    endloop
  endfacet
  facet normal 0 -1 0
    outer loop
      vertex 25 0 0
      vertex 25 0 3
      vertex 0 0 3
    endloop
  endfacet
  facet normal 1 0 0
    outer loop
      vertex 25 25 0
      vertex 25 0 3
      vertex 25 0 0
    endloop
  endfacet
  facet normal 1 0 -0
    outer loop
      vertex 25 25 0
      vertex 25 25 3
      vertex 25 0 3
    endloop
  endfacet
  facet normal 0.0940077 0.995571 -0
    outer loop
      vertex 4.8026 18.4374 0
      vertex 4.8026 18.4374 3
      vertex 4.90109 18.4281 0
    endloop
  endfacet
  facet normal 0.0940077 0.995571 0
    outer loop
      vertex 4.90109 18.4281 3
      vertex 4.90109 18.4281 0
      vertex 4.8026 18.4374 3
    endloop
  endfacet
  facet normal 0.156627 0.987658 -0
    outer loop
      vertex 4.70486 18.4529 0
      vertex 4.70486 18.4529 3
      vertex 4.8026 18.4374 0
    endloop
  endfacet
  facet normal 0.156627 0.987658 0
    outer loop
      vertex 4.8026 18.4374 3
      vertex 4.8026 18.4374 0
      vertex 4.70486 18.4529 3
    endloop
  endfacet
  facet normal 0.218322 0.975877 -0
    outer loop
      vertex 4.60831 18.4745 0
      vertex 4.60831 18.4745 3
      vertex 4.70486 18.4529 0
    endloop
  endfacet
  facet normal 0.218322 0.975877 0
    outer loop
      vertex 4.70486 18.4529 3
      vertex 4.70486 18.4529 0
      vertex 4.60831 18.4745 3
    endloop
  endfacet
  facet normal 0.278936 0.96031 -0
    outer loop
      vertex 4.51329 18.5021 0
      vertex 4.51329 18.5021 3
      vertex 4.60831 18.4745 0
    endloop
  endfacet
  facet normal 0.278936 0.96031 0
    outer loop
      vertex 4.60831 18.4745 3
      vertex 4.60831 18.4745 0
      vertex 4.51329 18.5021 3
    endloop
  endfacet
  facet normal 0.338609 0.940927 -0
    outer loop
      vertex 4.4202 18.5356 0
      vertex 4.4202 18.5356 3
      vertex 4.51329 18.5021 0
    endloop
  endfacet
  facet normal 0.338609 0.940927 0
    outer loop
      vertex 4.51329 18.5021 3
      vertex 4.51329 18.5021 0
      vertex 4.4202 18.5356 3
    endloop
  endfacet
  facet normal 0.397173 0.917744 -0
    outer loop
      vertex 4.32939 18.5749 0
      vertex 4.32939 18.5749 3
      vertex 4.4202 18.5356 0
    endloop
  endfacet
  facet normal 0.397173 0.917744 0
    outer loop
      vertex 4.4202 18.5356 3
      vertex 4.4202 18.5356 0
      vertex 4.32939 18.5749 3
    endloop
  endfacet
  facet normal 0.453832 0.891087 -0
    outer loop
      vertex 4.24123 18.6198 0
      vertex 4.24123 18.6198 3
      vertex 4.32939 18.5749 0
    endloop
  endfacet
  facet normal 0.453832 0.891087 0
    outer loop
      vertex 4.32939 18.5749 3
      vertex 4.32939 18.5749 0
      vertex 4.24123 18.6198 3
    endloop
  endfacet
  facet normal 0.509315 0.86058 -0
    outer loop
      vertex 4.15607 18.6702 0
      vertex 4.15607 18.6702 3
      vertex 4.24123 18.6198 0
    endloop
  endfacet
  facet normal 0.509315 0.86058 0
    outer loop
      vertex 4.24123 18.6198 3
      vertex 4.24123 18.6198 0
      vertex 4.15607 18.6702 3
    endloop
  endfacet
  facet normal 0.561956 0.827167 -0
    outer loop
      vertex 4.07423 18.7258 0
      vertex 4.07423 18.7258 3
      vertex 4.15607 18.6702 0
    endloop
  endfacet
  facet normal 0.561956 0.827167 0
    outer loop
      vertex 4.15607 18.6702 3
      vertex 4.15607 18.6702 0
      vertex 4.07423 18.7258 3
    endloop
  endfacet
  facet normal 0.612638 0.790364 -0
    outer loop
      vertex 3.99605 18.7864 0
      vertex 3.99605 18.7864 3
      vertex 4.07423 18.7258 0
    endloop
  endfacet
  facet normal 0.612638 0.790364 0
    outer loop
      vertex 4.07423 18.7258 3
      vertex 4.07423 18.7258 0
      vertex 3.99605 18.7864 3
    endloop
  endfacet
  facet normal 0.661688 0.749779 -0
    outer loop
      vertex 3.92183 18.8519 0
      vertex 3.92183 18.8519 3
      vertex 3.99605 18.7864 0
    endloop
  endfacet
  facet normal 0.661688 0.749779 0
    outer loop
      vertex 3.99605 18.7864 3
      vertex 3.99605 18.7864 0
      vertex 3.92183 18.8519 3
    endloop
  endfacet
  facet normal 0.706803 0.70741 -0
    outer loop
      vertex 3.85187 18.9218 0
      vertex 3.85187 18.9218 3
      vertex 3.92183 18.8519 0
    endloop
  endfacet
  facet normal 0.706803 0.70741 0
    outer loop
      vertex 3.92183 18.8519 3
      vertex 3.92183 18.8519 0
      vertex 3.85187 18.9218 3
    endloop
  endfacet
  facet normal 0.750041 0.661391 -0
    outer loop
      vertex 3.78644 18.996 0
      vertex 3.78644 18.996 3
      vertex 3.85187 18.9218 0
    endloop
  endfacet
  facet normal 0.750041 0.661391 0
    outer loop
      vertex 3.85187 18.9218 3
      vertex 3.85187 18.9218 0
      vertex 3.78644 18.996 3
    endloop
  endfacet
  facet normal 0.790146 0.612919 -0
    outer loop
      vertex 3.72578 19.0742 0
      vertex 3.72578 19.0742 3
      vertex 3.78644 18.996 0
    endloop
  endfacet
  facet normal 0.790146 0.612919 0
    outer loop
      vertex 3.78644 18.996 3
      vertex 3.78644 18.996 0
      vertex 3.72578 19.0742 3
    endloop
  endfacet
  facet normal 0.827358 0.561674 -0
    outer loop
      vertex 3.67018 19.1561 0
      vertex 3.67018 19.1561 3
      vertex 3.72578 19.0742 0
    endloop
  endfacet
  facet normal 0.827358 0.561674 0
    outer loop
      vertex 3.72578 19.0742 3
      vertex 3.72578 19.0742 0
      vertex 3.67018 19.1561 3
    endloop
  endfacet
  facet normal 0.860556 0.509356 -0
    outer loop
      vertex 3.61981 19.2412 0
      vertex 3.61981 19.2412 3
      vertex 3.67018 19.1561 0
    endloop
  endfacet
  facet normal 0.860556 0.509356 0
    outer loop
      vertex 3.67018 19.1561 3
      vertex 3.67018 19.1561 0
      vertex 3.61981 19.2412 3
    endloop
  endfacet
  facet normal 0.891089 0.453829 -0
    outer loop
      vertex 3.57489 19.3294 0
      vertex 3.57489 19.3294 3
      vertex 3.61981 19.2412 0
    endloop
  endfacet
  facet normal 0.891089 0.453829 0
    outer loop
      vertex 3.61981 19.2412 3
      vertex 3.61981 19.2412 0
      vertex 3.57489 19.3294 3
    endloop
  endfacet
  facet normal 0.917764 0.397125 -0
    outer loop
      vertex 3.5356 19.4202 0
      vertex 3.5356 19.4202 3
      vertex 3.57489 19.3294 0
    endloop
  endfacet
  facet normal 0.917764 0.397125 0
    outer loop
      vertex 3.57489 19.3294 3
      vertex 3.57489 19.3294 0
      vertex 3.5356 19.4202 3
    endloop
  endfacet
  facet normal 0.940875 0.338755 -0
    outer loop
      vertex 3.50208 19.5133 0
      vertex 3.50208 19.5133 3
      vertex 3.5356 19.4202 0
    endloop
  endfacet
  facet normal 0.940875 0.338755 0
    outer loop
      vertex 3.5356 19.4202 3
      vertex 3.5356 19.4202 0
      vertex 3.50208 19.5133 3
    endloop
  endfacet
  facet normal 0.960267 0.279084 -0
    outer loop
      vertex 3.47447 19.6083 0
      vertex 3.47447 19.6083 3
      vertex 3.50208 19.5133 0
    endloop
  endfacet
  facet normal 0.960267 0.279084 0
    outer loop
      vertex 3.50208 19.5133 3
      vertex 3.50208 19.5133 0
      vertex 3.47447 19.6083 3
    endloop
  endfacet
  facet normal 0.975965 0.217925 -0
    outer loop
      vertex 3.4529 19.7049 0
      vertex 3.4529 19.7049 3
      vertex 3.47447 19.6083 0
    endloop
  endfacet
  facet normal 0.975965 0.217925 0
    outer loop
      vertex 3.47447 19.6083 3
      vertex 3.47447 19.6083 0
      vertex 3.4529 19.7049 3
    endloop
  endfacet
  facet normal 0.987664 0.156591 -0
    outer loop
      vertex 3.43741 19.8026 0
      vertex 3.43741 19.8026 3
      vertex 3.4529 19.7049 0
    endloop
  endfacet
  facet normal 0.987664 0.156591 0
    outer loop
      vertex 3.4529 19.7049 3
      vertex 3.4529 19.7049 0
      vertex 3.43741 19.8026 3
    endloop
  endfacet
  facet normal 0.995563 0.0940984 -0
    outer loop
      vertex 3.4281 19.9011 0
      vertex 3.4281 19.9011 3
      vertex 3.43741 19.8026 0
    endloop
  endfacet
  facet normal 0.995563 0.0940984 0
    outer loop
      vertex 3.43741 19.8026 3
      vertex 3.43741 19.8026 0
      vertex 3.4281 19.9011 3
    endloop
  endfacet
  facet normal 0.999506 0.0314304 -0
    outer loop
      vertex 3.42499 20 0
      vertex 3.42499 20 3
      vertex 3.4281 19.9011 0
    endloop
  endfacet
  facet normal 0.999506 0.0314304 0
    outer loop
      vertex 3.4281 19.9011 3
      vertex 3.4281 19.9011 0
      vertex 3.42499 20 3
    endloop
  endfacet
  facet normal 0.999506 -0.0314304 0
    outer loop
      vertex 3.4281 20.0989 0
      vertex 3.4281 20.0989 3
      vertex 3.42499 20 0
    endloop
  endfacet
  facet normal 0.999506 -0.0314304 0
    outer loop
      vertex 3.42499 20 3
      vertex 3.42499 20 0
      vertex 3.4281 20.0989 3
    endloop
  endfacet
  facet normal 0.995563 -0.0940984 0
    outer loop
      vertex 3.43741 20.1974 0
      vertex 3.43741 20.1974 3
      vertex 3.4281 20.0989 0
    endloop
  endfacet
  facet normal 0.995563 -0.0940984 0
    outer loop
      vertex 3.4281 20.0989 3
      vertex 3.4281 20.0989 0
      vertex 3.43741 20.1974 3
    endloop
  endfacet
  facet normal 0.987664 -0.156591 0
    outer loop
      vertex 3.4529 20.2951 0
      vertex 3.4529 20.2951 3
      vertex 3.43741 20.1974 0
    endloop
  endfacet
  facet normal 0.987664 -0.156591 0
    outer loop
      vertex 3.43741 20.1974 3
      vertex 3.43741 20.1974 0
      vertex 3.4529 20.2951 3
    endloop
  endfacet
  facet normal 0.975965 -0.217925 0
    outer loop
      vertex 3.47447 20.3917 0
      vertex 3.47447 20.3917 3
      vertex 3.4529 20.2951 0
    endloop
  endfacet
  facet normal 0.975965 -0.217925 0
    outer loop
      vertex 3.4529 20.2951 3
      vertex 3.4529 20.2951 0
      vertex 3.47447 20.3917 3
    endloop
  endfacet
  facet normal 0.960267 -0.279084 0
    outer loop
      vertex 3.50208 20.4867 0
      vertex 3.50208 20.4867 3
      vertex 3.47447 20.3917 0
    endloop
  endfacet
  facet normal 0.960267 -0.279084 0
    outer loop
      vertex 3.47447 20.3917 3
      vertex 3.47447 20.3917 0
      vertex 3.50208 20.4867 3
    endloop
  endfacet
  facet normal 0.940875 -0.338755 0
    outer loop
      vertex 3.5356 20.5798 0
      vertex 3.5356 20.5798 3
      vertex 3.50208 20.4867 0
    endloop
  endfacet
  facet normal 0.940875 -0.338755 0
    outer loop
      vertex 3.50208 20.4867 3
      vertex 3.50208 20.4867 0
      vertex 3.5356 20.5798 3
    endloop
  endfacet
  facet normal 0.917764 -0.397125 0
    outer loop
      vertex 3.57489 20.6706 0
      vertex 3.57489 20.6706 3
      vertex 3.5356 20.5798 0
    endloop
  endfacet
  facet normal 0.917764 -0.397125 0
    outer loop
      vertex 3.5356 20.5798 3
      vertex 3.5356 20.5798 0
      vertex 3.57489 20.6706 3
    endloop
  endfacet
  facet normal 0.891089 -0.453829 0
    outer loop
      vertex 3.61981 20.7588 0
      vertex 3.61981 20.7588 3
      vertex 3.57489 20.6706 0
    endloop
  endfacet
  facet normal 0.891089 -0.453829 0
    outer loop
      vertex 3.57489 20.6706 3
      vertex 3.57489 20.6706 0
      vertex 3.61981 20.7588 3
    endloop
  endfacet
  facet normal 0.860556 -0.509356 0
    outer loop
      vertex 3.67018 20.8439 0
      vertex 3.67018 20.8439 3
      vertex 3.61981 20.7588 0
    endloop
  endfacet
  facet normal 0.860556 -0.509356 0
    outer loop
      vertex 3.61981 20.7588 3
      vertex 3.61981 20.7588 0
      vertex 3.67018 20.8439 3
    endloop
  endfacet
  facet normal 0.827358 -0.561674 0
    outer loop
      vertex 3.72578 20.9258 0
      vertex 3.72578 20.9258 3
      vertex 3.67018 20.8439 0
    endloop
  endfacet
  facet normal 0.827358 -0.561674 0
    outer loop
      vertex 3.67018 20.8439 3
      vertex 3.67018 20.8439 0
      vertex 3.72578 20.9258 3
    endloop
  endfacet
  facet normal 0.789766 -0.613408 0
    outer loop
      vertex 3.78644 21.0039 0
      vertex 3.78644 21.0039 3
      vertex 3.72578 20.9258 0
    endloop
  endfacet
  facet normal 0.789766 -0.613408 0
    outer loop
      vertex 3.72578 20.9258 3
      vertex 3.72578 20.9258 0
      vertex 3.78644 21.0039 3
    endloop
  endfacet
  facet normal 0.750483 -0.66089 0
    outer loop
      vertex 3.85187 21.0782 0
      vertex 3.85187 21.0782 3
      vertex 3.78644 21.0039 0
    endloop
  endfacet
  facet normal 0.750483 -0.66089 0
    outer loop
      vertex 3.78644 21.0039 3
      vertex 3.78644 21.0039 0
      vertex 3.85187 21.0782 3
    endloop
  endfacet
  facet normal 0.706803 -0.70741 0
    outer loop
      vertex 3.92183 21.1481 0
      vertex 3.92183 21.1481 3
      vertex 3.85187 21.0782 0
    endloop
  endfacet
  facet normal 0.706803 -0.70741 0
    outer loop
      vertex 3.85187 21.0782 3
      vertex 3.85187 21.0782 0
      vertex 3.92183 21.1481 3
    endloop
  endfacet
  facet normal 0.66112 -0.75028 0
    outer loop
      vertex 3.99605 21.2135 0
      vertex 3.99605 21.2135 3
      vertex 3.92183 21.1481 0
    endloop
  endfacet
  facet normal 0.66112 -0.75028 0
    outer loop
      vertex 3.92183 21.1481 3
      vertex 3.92183 21.1481 0
      vertex 3.99605 21.2135 3
    endloop
  endfacet
  facet normal 0.613269 -0.789874 0
    outer loop
      vertex 4.07423 21.2742 0
      vertex 4.07423 21.2742 3
      vertex 3.99605 21.2135 0
    endloop
  endfacet
  facet normal 0.613269 -0.789874 0
    outer loop
      vertex 3.99605 21.2135 3
      vertex 3.99605 21.2135 0
      vertex 4.07423 21.2742 3
    endloop
  endfacet
  facet normal 0.561956 -0.827167 0
    outer loop
      vertex 4.15607 21.3298 0
      vertex 4.15607 21.3298 3
      vertex 4.07423 21.2742 0
    endloop
  endfacet
  facet normal 0.561956 -0.827167 0
    outer loop
      vertex 4.07423 21.2742 3
      vertex 4.07423 21.2742 0
      vertex 4.15607 21.3298 3
    endloop
  endfacet
  facet normal 0.509315 -0.86058 0
    outer loop
      vertex 4.24123 21.3802 0
      vertex 4.24123 21.3802 3
      vertex 4.15607 21.3298 0
    endloop
  endfacet
  facet normal 0.509315 -0.86058 0
    outer loop
      vertex 4.15607 21.3298 3
      vertex 4.15607 21.3298 0
      vertex 4.24123 21.3802 3
    endloop
  endfacet
  facet normal 0.453832 -0.891087 0
    outer loop
      vertex 4.32939 21.4251 0
      vertex 4.32939 21.4251 3
      vertex 4.24123 21.3802 0
    endloop
  endfacet
  facet normal 0.453832 -0.891087 0
    outer loop
      vertex 4.24123 21.3802 3
      vertex 4.24123 21.3802 0
      vertex 4.32939 21.4251 3
    endloop
  endfacet
  facet normal 0.397173 -0.917744 0
    outer loop
      vertex 4.4202 21.4644 0
      vertex 4.4202 21.4644 3
      vertex 4.32939 21.4251 0
    endloop
  endfacet
  facet normal 0.397173 -0.917744 0
    outer loop
      vertex 4.32939 21.4251 3
      vertex 4.32939 21.4251 0
      vertex 4.4202 21.4644 3
    endloop
  endfacet
  facet normal 0.338609 -0.940927 0
    outer loop
      vertex 4.51329 21.4979 0
      vertex 4.51329 21.4979 3
      vertex 4.4202 21.4644 0
    endloop
  endfacet
  facet normal 0.338609 -0.940927 0
    outer loop
      vertex 4.4202 21.4644 3
      vertex 4.4202 21.4644 0
      vertex 4.51329 21.4979 3
    endloop
  endfacet
  facet normal 0.278936 -0.96031 0
    outer loop
      vertex 4.60831 21.5255 0
      vertex 4.60831 21.5255 3
      vertex 4.51329 21.4979 0
    endloop
  endfacet
  facet normal 0.278936 -0.96031 0
    outer loop
      vertex 4.51329 21.4979 3
      vertex 4.51329 21.4979 0
      vertex 4.60831 21.5255 3
    endloop
  endfacet
  facet normal 0.218322 -0.975877 0
    outer loop
      vertex 4.70486 21.5471 0
      vertex 4.70486 21.5471 3
      vertex 4.60831 21.5255 0
    endloop
  endfacet
  facet normal 0.218322 -0.975877 0
    outer loop
      vertex 4.60831 21.5255 3
      vertex 4.60831 21.5255 0
      vertex 4.70486 21.5471 3
    endloop
  endfacet
  facet normal 0.156627 -0.987658 0
    outer loop
      vertex 4.8026 21.5626 0
      vertex 4.8026 21.5626 3
      vertex 4.70486 21.5471 0
    endloop
  endfacet
  facet normal 0.156627 -0.987658 0
    outer loop
      vertex 4.70486 21.5471 3
      vertex 4.70486 21.5471 0
      vertex 4.8026 21.5626 3
    endloop
  endfacet
  facet normal 0.0940077 -0.995571 0
    outer loop
      vertex 4.90109 21.5719 0
      vertex 4.90109 21.5719 3
      vertex 4.8026 21.5626 0
    endloop
  endfacet
  facet normal 0.0940077 -0.995571 0
    outer loop
      vertex 4.8026 21.5626 3
      vertex 4.8026 21.5626 0
      vertex 4.90109 21.5719 3
    endloop
  endfacet
  facet normal 0.0313262 -0.999509 0
    outer loop
      vertex 5 21.575 0
      vertex 5 21.575 3
      vertex 4.90109 21.5719 0
    endloop
  endfacet
  facet normal 0.0313262 -0.999509 0
    outer loop
      vertex 4.90109 21.5719 3
      vertex 4.90109 21.5719 0
      vertex 5 21.575 3
    endloop
  endfacet
  facet normal -0.0313326 -0.999509 0
    outer loop
      vertex 5.09889 21.5719 0
      vertex 5.09889 21.5719 3
      vertex 5 21.575 0
    endloop
  endfacet
  facet normal -0.0313326 -0.999509 -0
    outer loop
      vertex 5 21.575 3
      vertex 5 21.575 0
      vertex 5.09889 21.5719 3
    endloop
  endfacet
  facet normal -0.0939982 -0.995572 0
    outer loop
      vertex 5.19739 21.5626 0
      vertex 5.19739 21.5626 3
      vertex 5.09889 21.5719 0
    endloop
  endfacet
  facet normal -0.0939982 -0.995572 -0
    outer loop
      vertex 5.09889 21.5719 3
      vertex 5.09889 21.5719 0
      vertex 5.19739 21.5626 3
    endloop
  endfacet
  facet normal -0.156642 -0.987655 0
    outer loop
      vertex 5.29512 21.5471 0
      vertex 5.29512 21.5471 3
      vertex 5.19739 21.5626 0
    endloop
  endfacet
  facet normal -0.156642 -0.987655 -0
    outer loop
      vertex 5.19739 21.5626 3
      vertex 5.19739 21.5626 0
      vertex 5.29512 21.5471 3
    endloop
  endfacet
  facet normal -0.2183 -0.975882 0
    outer loop
      vertex 5.39168 21.5255 0
      vertex 5.39168 21.5255 3
      vertex 5.29512 21.5471 0
    endloop
  endfacet
  facet normal -0.2183 -0.975882 -0
    outer loop
      vertex 5.29512 21.5471 3
      vertex 5.29512 21.5471 0
      vertex 5.39168 21.5255 3
    endloop
  endfacet
  facet normal -0.278964 -0.960302 0
    outer loop
      vertex 5.48669 21.4979 0
      vertex 5.48669 21.4979 3
      vertex 5.39168 21.5255 0
    endloop
  endfacet
  facet normal -0.278964 -0.960302 -0
    outer loop
      vertex 5.39168 21.5255 3
      vertex 5.39168 21.5255 0
      vertex 5.48669 21.4979 3
    endloop
  endfacet
  facet normal -0.338576 -0.940939 0
    outer loop
      vertex 5.57979 21.4644 0
      vertex 5.57979 21.4644 3
      vertex 5.48669 21.4979 0
    endloop
  endfacet
  facet normal -0.338576 -0.940939 -0
    outer loop
      vertex 5.48669 21.4979 3
      vertex 5.48669 21.4979 0
      vertex 5.57979 21.4644 3
    endloop
  endfacet
  facet normal -0.39721 -0.917728 0
    outer loop
      vertex 5.67059 21.4251 0
      vertex 5.67059 21.4251 3
      vertex 5.57979 21.4644 0
    endloop
  endfacet
  facet normal -0.39721 -0.917728 -0
    outer loop
      vertex 5.57979 21.4644 3
      vertex 5.57979 21.4644 0
      vertex 5.67059 21.4251 3
    endloop
  endfacet
  facet normal -0.453791 -0.891108 0
    outer loop
      vertex 5.75876 21.3802 0
      vertex 5.75876 21.3802 3
      vertex 5.67059 21.4251 0
    endloop
  endfacet
  facet normal -0.453791 -0.891108 -0
    outer loop
      vertex 5.67059 21.4251 3
      vertex 5.67059 21.4251 0
      vertex 5.75876 21.3802 3
    endloop
  endfacet
  facet normal -0.509315 -0.86058 0
    outer loop
      vertex 5.84392 21.3298 0
      vertex 5.84392 21.3298 3
      vertex 5.75876 21.3802 0
    endloop
  endfacet
  facet normal -0.509315 -0.86058 -0
    outer loop
      vertex 5.75876 21.3802 3
      vertex 5.75876 21.3802 0
      vertex 5.84392 21.3298 3
    endloop
  endfacet
  facet normal -0.562003 -0.827135 0
    outer loop
      vertex 5.92575 21.2742 0
      vertex 5.92575 21.2742 3
      vertex 5.84392 21.3298 0
    endloop
  endfacet
  facet normal -0.562003 -0.827135 -0
    outer loop
      vertex 5.84392 21.3298 3
      vertex 5.84392 21.3298 0
      vertex 5.92575 21.2742 3
    endloop
  endfacet
  facet normal -0.61322 -0.789912 0
    outer loop
      vertex 6.00394 21.2135 0
      vertex 6.00394 21.2135 3
      vertex 5.92575 21.2742 0
    endloop
  endfacet
  facet normal -0.61322 -0.789912 -0
    outer loop
      vertex 5.92575 21.2742 3
      vertex 5.92575 21.2742 0
      vertex 6.00394 21.2135 3
    endloop
  endfacet
  facet normal -0.66112 -0.75028 0
    outer loop
      vertex 6.07816 21.1481 0
      vertex 6.07816 21.1481 3
      vertex 6.00394 21.2135 0
    endloop
  endfacet
  facet normal -0.66112 -0.75028 -0
    outer loop
      vertex 6.00394 21.2135 3
      vertex 6.00394 21.2135 0
      vertex 6.07816 21.1481 3
    endloop
  endfacet
  facet normal -0.706803 -0.70741 0
    outer loop
      vertex 6.14812 21.0782 0
      vertex 6.14812 21.0782 3
      vertex 6.07816 21.1481 0
    endloop
  endfacet
  facet normal -0.706803 -0.70741 -0
    outer loop
      vertex 6.07816 21.1481 3
      vertex 6.07816 21.1481 0
      vertex 6.14812 21.0782 3
    endloop
  endfacet
  facet normal -0.750483 -0.66089 0
    outer loop
      vertex 6.21355 21.0039 0
      vertex 6.21355 21.0039 3
      vertex 6.14812 21.0782 0
    endloop
  endfacet
  facet normal -0.750483 -0.66089 -0
    outer loop
      vertex 6.14812 21.0782 3
      vertex 6.14812 21.0782 0
      vertex 6.21355 21.0039 3
    endloop
  endfacet
  facet normal -0.789815 -0.613345 0
    outer loop
      vertex 6.2742 20.9258 0
      vertex 6.2742 20.9258 3
      vertex 6.21355 21.0039 0
    endloop
  endfacet
  facet normal -0.789815 -0.613345 -0
    outer loop
      vertex 6.21355 21.0039 3
      vertex 6.21355 21.0039 0
      vertex 6.2742 20.9258 3
    endloop
  endfacet
  facet normal -0.827358 -0.561674 0
    outer loop
      vertex 6.3298 20.8439 0
      vertex 6.3298 20.8439 3
      vertex 6.2742 20.9258 0
    endloop
  endfacet
  facet normal -0.827358 -0.561674 -0
    outer loop
      vertex 6.2742 20.9258 3
      vertex 6.2742 20.9258 0
      vertex 6.3298 20.8439 3
    endloop
  endfacet
  facet normal -0.860556 -0.509356 0
    outer loop
      vertex 6.38017 20.7588 0
      vertex 6.38017 20.7588 3
      vertex 6.3298 20.8439 0
    endloop
  endfacet
  facet normal -0.860556 -0.509356 -0
    outer loop
      vertex 6.3298 20.8439 3
      vertex 6.3298 20.8439 0
      vertex 6.38017 20.7588 3
    endloop
  endfacet
  facet normal -0.891089 -0.453829 0
    outer loop
      vertex 6.42509 20.6706 0
      vertex 6.42509 20.6706 3
      vertex 6.38017 20.7588 0
    endloop
  endfacet
  facet normal -0.891089 -0.453829 -0
    outer loop
      vertex 6.38017 20.7588 3
      vertex 6.38017 20.7588 0
      vertex 6.42509 20.6706 3
    endloop
  endfacet
  facet normal -0.917728 -0.39721 0
    outer loop
      vertex 6.46439 20.5798 0
      vertex 6.46439 20.5798 3
      vertex 6.42509 20.6706 0
    endloop
  endfacet
  facet normal -0.917728 -0.39721 -0
    outer loop
      vertex 6.42509 20.6706 3
      vertex 6.42509 20.6706 0
      vertex 6.46439 20.5798 3
    endloop
  endfacet
  facet normal -0.940875 -0.338755 0
    outer loop
      vertex 6.49791 20.4867 0
      vertex 6.49791 20.4867 3
      vertex 6.46439 20.5798 0
    endloop
  endfacet
  facet normal -0.940875 -0.338755 -0
    outer loop
      vertex 6.46439 20.5798 3
      vertex 6.46439 20.5798 0
      vertex 6.49791 20.4867 3
    endloop
  endfacet
  facet normal -0.960294 -0.278991 0
    outer loop
      vertex 6.52551 20.3917 0
      vertex 6.52551 20.3917 3
      vertex 6.49791 20.4867 0
    endloop
  endfacet
  facet normal -0.960294 -0.278991 -0
    outer loop
      vertex 6.49791 20.4867 3
      vertex 6.49791 20.4867 0
      vertex 6.52551 20.3917 3
    endloop
  endfacet
  facet normal -0.975944 -0.218021 0
    outer loop
      vertex 6.54709 20.2951 0
      vertex 6.54709 20.2951 3
      vertex 6.52551 20.3917 0
    endloop
  endfacet
  facet normal -0.975944 -0.218021 -0
    outer loop
      vertex 6.52551 20.3917 3
      vertex 6.52551 20.3917 0
      vertex 6.54709 20.2951 3
    endloop
  endfacet
  facet normal -0.987664 -0.156591 0
    outer loop
      vertex 6.56258 20.1974 0
      vertex 6.56258 20.1974 3
      vertex 6.54709 20.2951 0
    endloop
  endfacet
  facet normal -0.987664 -0.156591 -0
    outer loop
      vertex 6.54709 20.2951 3
      vertex 6.54709 20.2951 0
      vertex 6.56258 20.1974 3
    endloop
  endfacet
  facet normal -0.995572 -0.0939982 0
    outer loop
      vertex 6.57188 20.0989 0
      vertex 6.57188 20.0989 3
      vertex 6.56258 20.1974 0
    endloop
  endfacet
  facet normal -0.995572 -0.0939982 -0
    outer loop
      vertex 6.56258 20.1974 3
      vertex 6.56258 20.1974 0
      vertex 6.57188 20.0989 3
    endloop
  endfacet
  facet normal -0.999503 -0.0315313 0
    outer loop
      vertex 6.575 20 0
      vertex 6.575 20 3
      vertex 6.57188 20.0989 0
    endloop
  endfacet
  facet normal -0.999503 -0.0315313 -0
    outer loop
      vertex 6.57188 20.0989 3
      vertex 6.57188 20.0989 0
      vertex 6.575 20 3
    endloop
  endfacet
  facet normal -0.999503 0.0315313 0
    outer loop
      vertex 6.57188 19.9011 0
      vertex 6.57188 19.9011 3
      vertex 6.575 20 0
    endloop
  endfacet
  facet normal -0.999503 0.0315313 0
    outer loop
      vertex 6.575 20 3
      vertex 6.575 20 0
      vertex 6.57188 19.9011 3
    endloop
  endfacet
  facet normal -0.995572 0.0939982 0
    outer loop
      vertex 6.56258 19.8026 0
      vertex 6.56258 19.8026 3
      vertex 6.57188 19.9011 0
    endloop
  endfacet
  facet normal -0.995572 0.0939982 0
    outer loop
      vertex 6.57188 19.9011 3
      vertex 6.57188 19.9011 0
      vertex 6.56258 19.8026 3
    endloop
  endfacet
  facet normal -0.987664 0.156591 0
    outer loop
      vertex 6.54709 19.7049 0
      vertex 6.54709 19.7049 3
      vertex 6.56258 19.8026 0
    endloop
  endfacet
  facet normal -0.987664 0.156591 0
    outer loop
      vertex 6.56258 19.8026 3
      vertex 6.56258 19.8026 0
      vertex 6.54709 19.7049 3
    endloop
  endfacet
  facet normal -0.975944 0.218021 0
    outer loop
      vertex 6.52551 19.6083 0
      vertex 6.52551 19.6083 3
      vertex 6.54709 19.7049 0
    endloop
  endfacet
  facet normal -0.975944 0.218021 0
    outer loop
      vertex 6.54709 19.7049 3
      vertex 6.54709 19.7049 0
      vertex 6.52551 19.6083 3
    endloop
  endfacet
  facet normal -0.960294 0.278991 0
    outer loop
      vertex 6.49791 19.5133 0
      vertex 6.49791 19.5133 3
      vertex 6.52551 19.6083 0
    endloop
  endfacet
  facet normal -0.960294 0.278991 0
    outer loop
      vertex 6.52551 19.6083 3
      vertex 6.52551 19.6083 0
      vertex 6.49791 19.5133 3
    endloop
  endfacet
  facet normal -0.940875 0.338755 0
    outer loop
      vertex 6.46439 19.4202 0
      vertex 6.46439 19.4202 3
      vertex 6.49791 19.5133 0
    endloop
  endfacet
  facet normal -0.940875 0.338755 0
    outer loop
      vertex 6.49791 19.5133 3
      vertex 6.49791 19.5133 0
      vertex 6.46439 19.4202 3
    endloop
  endfacet
  facet normal -0.917728 0.39721 0
    outer loop
      vertex 6.42509 19.3294 0
      vertex 6.42509 19.3294 3
      vertex 6.46439 19.4202 0
    endloop
  endfacet
  facet normal -0.917728 0.39721 0
    outer loop
      vertex 6.46439 19.4202 3
      vertex 6.46439 19.4202 0
      vertex 6.42509 19.3294 3
    endloop
  endfacet
  facet normal -0.891089 0.453829 0
    outer loop
      vertex 6.38017 19.2412 0
      vertex 6.38017 19.2412 3
      vertex 6.42509 19.3294 0
    endloop
  endfacet
  facet normal -0.891089 0.453829 0
    outer loop
      vertex 6.42509 19.3294 3
      vertex 6.42509 19.3294 0
      vertex 6.38017 19.2412 3
    endloop
  endfacet
  facet normal -0.860556 0.509356 0
    outer loop
      vertex 6.3298 19.1561 0
      vertex 6.3298 19.1561 3
      vertex 6.38017 19.2412 0
    endloop
  endfacet
  facet normal -0.860556 0.509356 0
    outer loop
      vertex 6.38017 19.2412 3
      vertex 6.38017 19.2412 0
      vertex 6.3298 19.1561 3
    endloop
  endfacet
  facet normal -0.827358 0.561674 0
    outer loop
      vertex 6.2742 19.0742 0
      vertex 6.2742 19.0742 3
      vertex 6.3298 19.1561 0
    endloop
  endfacet
  facet normal -0.827358 0.561674 0
    outer loop
      vertex 6.3298 19.1561 3
      vertex 6.3298 19.1561 0
      vertex 6.2742 19.0742 3
    endloop
  endfacet
  facet normal -0.790195 0.612856 0
    outer loop
      vertex 6.21355 18.996 0
      vertex 6.21355 18.996 3
      vertex 6.2742 19.0742 0
    endloop
  endfacet
  facet normal -0.790195 0.612856 0
    outer loop
      vertex 6.2742 19.0742 3
      vertex 6.2742 19.0742 0
      vertex 6.21355 18.996 3
    endloop
  endfacet
  facet normal -0.750041 0.661391 0
    outer loop
      vertex 6.14812 18.9218 0
      vertex 6.14812 18.9218 3
      vertex 6.21355 18.996 0
    endloop
  endfacet
  facet normal -0.750041 0.661391 0
    outer loop
      vertex 6.21355 18.996 3
      vertex 6.21355 18.996 0
      vertex 6.14812 18.9218 3
    endloop
  endfacet
  facet normal -0.706803 0.70741 0
    outer loop
      vertex 6.07816 18.8519 0
      vertex 6.07816 18.8519 3
      vertex 6.14812 18.9218 0
    endloop
  endfacet
  facet normal -0.706803 0.70741 0
    outer loop
      vertex 6.14812 18.9218 3
      vertex 6.14812 18.9218 0
      vertex 6.07816 18.8519 3
    endloop
  endfacet
  facet normal -0.661688 0.749779 0
    outer loop
      vertex 6.00394 18.7864 0
      vertex 6.00394 18.7864 3
      vertex 6.07816 18.8519 0
    endloop
  endfacet
  facet normal -0.661688 0.749779 0
    outer loop
      vertex 6.07816 18.8519 3
      vertex 6.07816 18.8519 0
      vertex 6.00394 18.7864 3
    endloop
  endfacet
  facet normal -0.612589 0.790402 0
    outer loop
      vertex 5.92575 18.7258 0
      vertex 5.92575 18.7258 3
      vertex 6.00394 18.7864 0
    endloop
  endfacet
  facet normal -0.612589 0.790402 0
    outer loop
      vertex 6.00394 18.7864 3
      vertex 6.00394 18.7864 0
      vertex 5.92575 18.7258 3
    endloop
  endfacet
  facet normal -0.562003 0.827135 0
    outer loop
      vertex 5.84392 18.6702 0
      vertex 5.84392 18.6702 3
      vertex 5.92575 18.7258 0
    endloop
  endfacet
  facet normal -0.562003 0.827135 0
    outer loop
      vertex 5.92575 18.7258 3
      vertex 5.92575 18.7258 0
      vertex 5.84392 18.6702 3
    endloop
  endfacet
  facet normal -0.509315 0.86058 0
    outer loop
      vertex 5.75876 18.6198 0
      vertex 5.75876 18.6198 3
      vertex 5.84392 18.6702 0
    endloop
  endfacet
  facet normal -0.509315 0.86058 0
    outer loop
      vertex 5.84392 18.6702 3
      vertex 5.84392 18.6702 0
      vertex 5.75876 18.6198 3
    endloop
  endfacet
  facet normal -0.453791 0.891108 0
    outer loop
      vertex 5.67059 18.5749 0
      vertex 5.67059 18.5749 3
      vertex 5.75876 18.6198 0
    endloop
  endfacet
  facet normal -0.453791 0.891108 0
    outer loop
      vertex 5.75876 18.6198 3
      vertex 5.75876 18.6198 0
      vertex 5.67059 18.5749 3
    endloop
  endfacet
  facet normal -0.39721 0.917728 0
    outer loop
      vertex 5.57979 18.5356 0
      vertex 5.57979 18.5356 3
      vertex 5.67059 18.5749 0
    endloop
  endfacet
  facet normal -0.39721 0.917728 0
    outer loop
      vertex 5.67059 18.5749 3
      vertex 5.67059 18.5749 0
      vertex 5.57979 18.5356 3
    endloop
  endfacet
  facet normal -0.338576 0.940939 0
    outer loop
      vertex 5.48669 18.5021 0
      vertex 5.48669 18.5021 3
      vertex 5.57979 18.5356 0
    endloop
  endfacet
  facet normal -0.338576 0.940939 0
    outer loop
      vertex 5.57979 18.5356 3
      vertex 5.57979 18.5356 0
      vertex 5.48669 18.5021 3
    endloop
  endfacet
  facet normal -0.278964 0.960302 0
    outer loop
      vertex 5.39168 18.4745 0
      vertex 5.39168 18.4745 3
      vertex 5.48669 18.5021 0
    endloop
  endfacet
  facet normal -0.278964 0.960302 0
    outer loop
      vertex 5.48669 18.5021 3
      vertex 5.48669 18.5021 0
      vertex 5.39168 18.4745 3
    endloop
  endfacet
  facet normal -0.2183 0.975882 0
    outer loop
      vertex 5.29512 18.4529 0
      vertex 5.29512 18.4529 3
      vertex 5.39168 18.4745 0
    endloop
  endfacet
  facet normal -0.2183 0.975882 0
    outer loop
      vertex 5.39168 18.4745 3
      vertex 5.39168 18.4745 0
      vertex 5.29512 18.4529 3
    endloop
  endfacet
  facet normal -0.156642 0.987655 0
    outer loop
      vertex 5.19739 18.4374 0
      vertex 5.19739 18.4374 3
      vertex 5.29512 18.4529 0
    endloop
  endfacet
  facet normal -0.156642 0.987655 0
    outer loop
      vertex 5.29512 18.4529 3
      vertex 5.29512 18.4529 0
      vertex 5.19739 18.4374 3
    endloop
  endfacet
  facet normal -0.0939982 0.995572 0
    outer loop
      vertex 5.09889 18.4281 0
      vertex 5.09889 18.4281 3
      vertex 5.19739 18.4374 0
    endloop
  endfacet
  facet normal -0.0939982 0.995572 0
    outer loop
      vertex 5.19739 18.4374 3
      vertex 5.19739 18.4374 0
      vertex 5.09889 18.4281 3
    endloop
  endfacet
  facet normal -0.0313326 0.999509 0
    outer loop
      vertex 5 18.425 0
      vertex 5 18.425 3
      vertex 5.09889 18.4281 0
    endloop
  endfacet
  facet normal -0.0313326 0.999509 0
    outer loop
      vertex 5.09889 18.4281 3
      vertex 5.09889 18.4281 0
      vertex 5 18.425 3
    endloop
  endfacet
  facet normal 0.0313262 0.999509 -0
    outer loop
      vertex 4.90109 18.4281 0
      vertex 4.90109 18.4281 3
      vertex 5 18.425 0
    endloop
  endfacet
  facet normal 0.0313262 0.999509 0
    outer loop
      vertex 5 18.425 3
      vertex 5 18.425 0
      vertex 4.90109 18.4281 3
    endloop
  endfacet
  facet normal 0.0939982 0.995572 -0
    outer loop
      vertex 19.8026 18.4374 0
      vertex 19.8026 18.4374 3
      vertex 19.9011 18.4281 0
    endloop
  endfacet
  facet normal 0.0939982 0.995572 0
    outer loop
      vertex 19.9011 18.4281 3
      vertex 19.9011 18.4281 0
      vertex 19.8026 18.4374 3
    endloop
  endfacet
  facet normal 0.156689 0.987648 -0
    outer loop
      vertex 19.7049 18.4529 0
      vertex 19.7049 18.4529 3
      vertex 19.8026 18.4374 0
    endloop
  endfacet
  facet normal 0.156689 0.987648 0
    outer loop
      vertex 19.8026 18.4374 3
      vertex 19.8026 18.4374 0
      vertex 19.7049 18.4529 3
    endloop
  endfacet
  facet normal 0.218214 0.975901 -0
    outer loop
      vertex 19.6083 18.4745 0
      vertex 19.6083 18.4745 3
      vertex 19.7049 18.4529 0
    endloop
  endfacet
  facet normal 0.218214 0.975901 0
    outer loop
      vertex 19.7049 18.4529 3
      vertex 19.7049 18.4529 0
      vertex 19.6083 18.4745 3
    endloop
  endfacet
  facet normal 0.278991 0.960294 -0
    outer loop
      vertex 19.5133 18.5021 0
      vertex 19.5133 18.5021 3
      vertex 19.6083 18.4745 0
    endloop
  endfacet
  facet normal 0.278991 0.960294 0
    outer loop
      vertex 19.6083 18.4745 3
      vertex 19.6083 18.4745 0
      vertex 19.5133 18.5021 3
    endloop
  endfacet
  facet normal 0.338576 0.940939 -0
    outer loop
      vertex 19.4202 18.5356 0
      vertex 19.4202 18.5356 3
      vertex 19.5133 18.5021 0
    endloop
  endfacet
  facet normal 0.338576 0.940939 0
    outer loop
      vertex 19.5133 18.5021 3
      vertex 19.5133 18.5021 0
      vertex 19.4202 18.5356 3
    endloop
  endfacet
  facet normal 0.39721 0.917728 -0
    outer loop
      vertex 19.3294 18.5749 0
      vertex 19.3294 18.5749 3
      vertex 19.4202 18.5356 0
    endloop
  endfacet
  facet normal 0.39721 0.917728 0
    outer loop
      vertex 19.4202 18.5356 3
      vertex 19.4202 18.5356 0
      vertex 19.3294 18.5749 3
    endloop
  endfacet
  facet normal 0.453668 0.891171 -0
    outer loop
      vertex 19.2412 18.6198 0
      vertex 19.2412 18.6198 3
      vertex 19.3294 18.5749 0
    endloop
  endfacet
  facet normal 0.453668 0.891171 0
    outer loop
      vertex 19.3294 18.5749 3
      vertex 19.3294 18.5749 0
      vertex 19.2412 18.6198 3
    endloop
  endfacet
  facet normal 0.509581 0.860423 -0
    outer loop
      vertex 19.1561 18.6702 0
      vertex 19.1561 18.6702 3
      vertex 19.2412 18.6198 0
    endloop
  endfacet
  facet normal 0.509581 0.860423 0
    outer loop
      vertex 19.2412 18.6198 3
      vertex 19.2412 18.6198 0
      vertex 19.1561 18.6702 3
    endloop
  endfacet
  facet normal 0.561674 0.827358 -0
    outer loop
      vertex 19.0742 18.7258 0
      vertex 19.0742 18.7258 3
      vertex 19.1561 18.6702 0
    endloop
  endfacet
  facet normal 0.561674 0.827358 0
    outer loop
      vertex 19.1561 18.6702 3
      vertex 19.1561 18.6702 0
      vertex 19.0742 18.7258 3
    endloop
  endfacet
  facet normal 0.61254 0.79044 -0
    outer loop
      vertex 18.996 18.7864 0
      vertex 18.996 18.7864 3
      vertex 19.0742 18.7258 0
    endloop
  endfacet
  facet normal 0.61254 0.79044 0
    outer loop
      vertex 19.0742 18.7258 3
      vertex 19.0742 18.7258 0
      vertex 18.996 18.7864 3
    endloop
  endfacet
  facet normal 0.661789 0.74969 -0
    outer loop
      vertex 18.9218 18.8519 0
      vertex 18.9218 18.8519 3
      vertex 18.996 18.7864 0
    endloop
  endfacet
  facet normal 0.661789 0.74969 0
    outer loop
      vertex 18.996 18.7864 3
      vertex 18.996 18.7864 0
      vertex 18.9218 18.8519 3
    endloop
  endfacet
  facet normal 0.707107 0.707107 -0
    outer loop
      vertex 18.8519 18.9218 0
      vertex 18.8519 18.9218 3
      vertex 18.9218 18.8519 0
    endloop
  endfacet
  facet normal 0.707107 0.707107 0
    outer loop
      vertex 18.9218 18.8519 3
      vertex 18.9218 18.8519 0
      vertex 18.8519 18.9218 3
    endloop
  endfacet
  facet normal 0.74969 0.661789 -0
    outer loop
      vertex 18.7864 18.996 0
      vertex 18.7864 18.996 3
      vertex 18.8519 18.9218 0
    endloop
  endfacet
  facet normal 0.74969 0.661789 0
    outer loop
      vertex 18.8519 18.9218 3
      vertex 18.8519 18.9218 0
      vertex 18.7864 18.996 3
    endloop
  endfacet
  facet normal 0.79044 0.61254 -0
    outer loop
      vertex 18.7258 19.0742 0
      vertex 18.7258 19.0742 3
      vertex 18.7864 18.996 0
    endloop
  endfacet
  facet normal 0.79044 0.61254 0
    outer loop
      vertex 18.7864 18.996 3
      vertex 18.7864 18.996 0
      vertex 18.7258 19.0742 3
    endloop
  endfacet
  facet normal 0.827358 0.561674 -0
    outer loop
      vertex 18.6702 19.1561 0
      vertex 18.6702 19.1561 3
      vertex 18.7258 19.0742 0
    endloop
  endfacet
  facet normal 0.827358 0.561674 0
    outer loop
      vertex 18.7258 19.0742 3
      vertex 18.7258 19.0742 0
      vertex 18.6702 19.1561 3
    endloop
  endfacet
  facet normal 0.860423 0.509581 -0
    outer loop
      vertex 18.6198 19.2412 0
      vertex 18.6198 19.2412 3
      vertex 18.6702 19.1561 0
    endloop
  endfacet
  facet normal 0.860423 0.509581 0
    outer loop
      vertex 18.6702 19.1561 3
      vertex 18.6702 19.1561 0
      vertex 18.6198 19.2412 3
    endloop
  endfacet
  facet normal 0.891171 0.453668 -0
    outer loop
      vertex 18.5749 19.3294 0
      vertex 18.5749 19.3294 3
      vertex 18.6198 19.2412 0
    endloop
  endfacet
  facet normal 0.891171 0.453668 0
    outer loop
      vertex 18.6198 19.2412 3
      vertex 18.6198 19.2412 0
      vertex 18.5749 19.3294 3
    endloop
  endfacet
  facet normal 0.917728 0.39721 -0
    outer loop
      vertex 18.5356 19.4202 0
      vertex 18.5356 19.4202 3
      vertex 18.5749 19.3294 0
    endloop
  endfacet
  facet normal 0.917728 0.39721 0
    outer loop
      vertex 18.5749 19.3294 3
      vertex 18.5749 19.3294 0
      vertex 18.5356 19.4202 3
    endloop
  endfacet
  facet normal 0.940939 0.338576 -0
    outer loop
      vertex 18.5021 19.5133 0
      vertex 18.5021 19.5133 3
      vertex 18.5356 19.4202 0
    endloop
  endfacet
  facet normal 0.940939 0.338576 0
    outer loop
      vertex 18.5356 19.4202 3
      vertex 18.5356 19.4202 0
      vertex 18.5021 19.5133 3
    endloop
  endfacet
  facet normal 0.960294 0.278991 -0
    outer loop
      vertex 18.4745 19.6083 0
      vertex 18.4745 19.6083 3
      vertex 18.5021 19.5133 0
    endloop
  endfacet
  facet normal 0.960294 0.278991 0
    outer loop
      vertex 18.5021 19.5133 3
      vertex 18.5021 19.5133 0
      vertex 18.4745 19.6083 3
    endloop
  endfacet
  facet normal 0.975901 0.218214 -0
    outer loop
      vertex 18.4529 19.7049 0
      vertex 18.4529 19.7049 3
      vertex 18.4745 19.6083 0
    endloop
  endfacet
  facet normal 0.975901 0.218214 0
    outer loop
      vertex 18.4745 19.6083 3
      vertex 18.4745 19.6083 0
      vertex 18.4529 19.7049 3
    endloop
  endfacet
  facet normal 0.987648 0.156689 -0
    outer loop
      vertex 18.4374 19.8026 0
      vertex 18.4374 19.8026 3
      vertex 18.4529 19.7049 0
    endloop
  endfacet
  facet normal 0.987648 0.156689 0
    outer loop
      vertex 18.4529 19.7049 3
      vertex 18.4529 19.7049 0
      vertex 18.4374 19.8026 3
    endloop
  endfacet
  facet normal 0.995572 0.0939982 -0
    outer loop
      vertex 18.4281 19.9011 0
      vertex 18.4281 19.9011 3
      vertex 18.4374 19.8026 0
    endloop
  endfacet
  facet normal 0.995572 0.0939982 0
    outer loop
      vertex 18.4374 19.8026 3
      vertex 18.4374 19.8026 0
      vertex 18.4281 19.9011 3
    endloop
  endfacet
  facet normal 0.999509 0.0313294 -0
    outer loop
      vertex 18.425 20 0
      vertex 18.425 20 3
      vertex 18.4281 19.9011 0
    endloop
  endfacet
  facet normal 0.999509 0.0313294 0
    outer loop
      vertex 18.4281 19.9011 3
      vertex 18.4281 19.9011 0
      vertex 18.425 20 3
    endloop
  endfacet
  facet normal 0.999509 -0.0313294 0
    outer loop
      vertex 18.4281 20.0989 0
      vertex 18.4281 20.0989 3
      vertex 18.425 20 0
    endloop
  endfacet
  facet normal 0.999509 -0.0313294 0
    outer loop
      vertex 18.425 20 3
      vertex 18.425 20 0
      vertex 18.4281 20.0989 3
    endloop
  endfacet
  facet normal 0.995572 -0.0939982 0
    outer loop
      vertex 18.4374 20.1974 0
      vertex 18.4374 20.1974 3
      vertex 18.4281 20.0989 0
    endloop
  endfacet
  facet normal 0.995572 -0.0939982 0
    outer loop
      vertex 18.4281 20.0989 3
      vertex 18.4281 20.0989 0
      vertex 18.4374 20.1974 3
    endloop
  endfacet
  facet normal 0.987648 -0.156689 0
    outer loop
      vertex 18.4529 20.2951 0
      vertex 18.4529 20.2951 3
      vertex 18.4374 20.1974 0
    endloop
  endfacet
  facet normal 0.987648 -0.156689 0
    outer loop
      vertex 18.4374 20.1974 3
      vertex 18.4374 20.1974 0
      vertex 18.4529 20.2951 3
    endloop
  endfacet
  facet normal 0.975901 -0.218214 0
    outer loop
      vertex 18.4745 20.3917 0
      vertex 18.4745 20.3917 3
      vertex 18.4529 20.2951 0
    endloop
  endfacet
  facet normal 0.975901 -0.218214 0
    outer loop
      vertex 18.4529 20.2951 3
      vertex 18.4529 20.2951 0
      vertex 18.4745 20.3917 3
    endloop
  endfacet
  facet normal 0.960294 -0.278991 0
    outer loop
      vertex 18.5021 20.4867 0
      vertex 18.5021 20.4867 3
      vertex 18.4745 20.3917 0
    endloop
  endfacet
  facet normal 0.960294 -0.278991 0
    outer loop
      vertex 18.4745 20.3917 3
      vertex 18.4745 20.3917 0
      vertex 18.5021 20.4867 3
    endloop
  endfacet
  facet normal 0.940939 -0.338576 0
    outer loop
      vertex 18.5356 20.5798 0
      vertex 18.5356 20.5798 3
      vertex 18.5021 20.4867 0
    endloop
  endfacet
  facet normal 0.940939 -0.338576 0
    outer loop
      vertex 18.5021 20.4867 3
      vertex 18.5021 20.4867 0
      vertex 18.5356 20.5798 3
    endloop
  endfacet
  facet normal 0.917728 -0.39721 0
    outer loop
      vertex 18.5749 20.6706 0
      vertex 18.5749 20.6706 3
      vertex 18.5356 20.5798 0
    endloop
  endfacet
  facet normal 0.917728 -0.39721 0
    outer loop
      vertex 18.5356 20.5798 3
      vertex 18.5356 20.5798 0
      vertex 18.5749 20.6706 3
    endloop
  endfacet
  facet normal 0.891171 -0.453668 0
    outer loop
      vertex 18.6198 20.7588 0
      vertex 18.6198 20.7588 3
      vertex 18.5749 20.6706 0
    endloop
  endfacet
  facet normal 0.891171 -0.453668 0
    outer loop
      vertex 18.5749 20.6706 3
      vertex 18.5749 20.6706 0
      vertex 18.6198 20.7588 3
    endloop
  endfacet
  facet normal 0.860423 -0.509581 0
    outer loop
      vertex 18.6702 20.8439 0
      vertex 18.6702 20.8439 3
      vertex 18.6198 20.7588 0
    endloop
  endfacet
  facet normal 0.860423 -0.509581 0
    outer loop
      vertex 18.6198 20.7588 3
      vertex 18.6198 20.7588 0
      vertex 18.6702 20.8439 3
    endloop
  endfacet
  facet normal 0.827358 -0.561674 0
    outer loop
      vertex 18.7258 20.9258 0
      vertex 18.7258 20.9258 3
      vertex 18.6702 20.8439 0
    endloop
  endfacet
  facet normal 0.827358 -0.561674 0
    outer loop
      vertex 18.6702 20.8439 3
      vertex 18.6702 20.8439 0
      vertex 18.7258 20.9258 3
    endloop
  endfacet
  facet normal 0.79006 -0.61303 0
    outer loop
      vertex 18.7864 21.0039 0
      vertex 18.7864 21.0039 3
      vertex 18.7258 20.9258 0
    endloop
  endfacet
  facet normal 0.79006 -0.61303 0
    outer loop
      vertex 18.7258 20.9258 3
      vertex 18.7258 20.9258 0
      vertex 18.7864 21.0039 3
    endloop
  endfacet
  facet normal 0.750132 -0.661288 0
    outer loop
      vertex 18.8519 21.0782 0
      vertex 18.8519 21.0782 3
      vertex 18.7864 21.0039 0
    endloop
  endfacet
  facet normal 0.750132 -0.661288 0
    outer loop
      vertex 18.7864 21.0039 3
      vertex 18.7864 21.0039 0
      vertex 18.8519 21.0782 3
    endloop
  endfacet
  facet normal 0.707107 -0.707107 0
    outer loop
      vertex 18.9218 21.1481 0
      vertex 18.9218 21.1481 3
      vertex 18.8519 21.0782 0
    endloop
  endfacet
  facet normal 0.707107 -0.707107 0
    outer loop
      vertex 18.8519 21.0782 3
      vertex 18.8519 21.0782 0
      vertex 18.9218 21.1481 3
    endloop
  endfacet
  facet normal 0.66122 -0.750192 0
    outer loop
      vertex 18.996 21.2135 0
      vertex 18.996 21.2135 3
      vertex 18.9218 21.1481 0
    endloop
  endfacet
  facet normal 0.66122 -0.750192 0
    outer loop
      vertex 18.9218 21.1481 3
      vertex 18.9218 21.1481 0
      vertex 18.996 21.2135 3
    endloop
  endfacet
  facet normal 0.613171 -0.78995 0
    outer loop
      vertex 19.0742 21.2742 0
      vertex 19.0742 21.2742 3
      vertex 18.996 21.2135 0
    endloop
  endfacet
  facet normal 0.613171 -0.78995 0
    outer loop
      vertex 18.996 21.2135 3
      vertex 18.996 21.2135 0
      vertex 19.0742 21.2742 3
    endloop
  endfacet
  facet normal 0.561674 -0.827358 0
    outer loop
      vertex 19.1561 21.3298 0
      vertex 19.1561 21.3298 3
      vertex 19.0742 21.2742 0
    endloop
  endfacet
  facet normal 0.561674 -0.827358 0
    outer loop
      vertex 19.0742 21.2742 3
      vertex 19.0742 21.2742 0
      vertex 19.1561 21.3298 3
    endloop
  endfacet
  facet normal 0.509581 -0.860423 0
    outer loop
      vertex 19.2412 21.3802 0
      vertex 19.2412 21.3802 3
      vertex 19.1561 21.3298 0
    endloop
  endfacet
  facet normal 0.509581 -0.860423 0
    outer loop
      vertex 19.1561 21.3298 3
      vertex 19.1561 21.3298 0
      vertex 19.2412 21.3802 3
    endloop
  endfacet
  facet normal 0.453668 -0.891171 0
    outer loop
      vertex 19.3294 21.4251 0
      vertex 19.3294 21.4251 3
      vertex 19.2412 21.3802 0
    endloop
  endfacet
  facet normal 0.453668 -0.891171 0
    outer loop
      vertex 19.2412 21.3802 3
      vertex 19.2412 21.3802 0
      vertex 19.3294 21.4251 3
    endloop
  endfacet
  facet normal 0.39721 -0.917728 0
    outer loop
      vertex 19.4202 21.4644 0
      vertex 19.4202 21.4644 3
      vertex 19.3294 21.4251 0
    endloop
  endfacet
  facet normal 0.39721 -0.917728 0
    outer loop
      vertex 19.3294 21.4251 3
      vertex 19.3294 21.4251 0
      vertex 19.4202 21.4644 3
    endloop
  endfacet
  facet normal 0.338576 -0.940939 0
    outer loop
      vertex 19.5133 21.4979 0
      vertex 19.5133 21.4979 3
      vertex 19.4202 21.4644 0
    endloop
  endfacet
  facet normal 0.338576 -0.940939 0
    outer loop
      vertex 19.4202 21.4644 3
      vertex 19.4202 21.4644 0
      vertex 19.5133 21.4979 3
    endloop
  endfacet
  facet normal 0.278991 -0.960294 0
    outer loop
      vertex 19.6083 21.5255 0
      vertex 19.6083 21.5255 3
      vertex 19.5133 21.4979 0
    endloop
  endfacet
  facet normal 0.278991 -0.960294 0
    outer loop
      vertex 19.5133 21.4979 3
      vertex 19.5133 21.4979 0
      vertex 19.6083 21.5255 3
    endloop
  endfacet
  facet normal 0.218214 -0.975901 0
    outer loop
      vertex 19.7049 21.5471 0
      vertex 19.7049 21.5471 3
      vertex 19.6083 21.5255 0
    endloop
  endfacet
  facet normal 0.218214 -0.975901 0
    outer loop
      vertex 19.6083 21.5255 3
      vertex 19.6083 21.5255 0
      vertex 19.7049 21.5471 3
    endloop
  endfacet
  facet normal 0.156689 -0.987648 0
    outer loop
      vertex 19.8026 21.5626 0
      vertex 19.8026 21.5626 3
      vertex 19.7049 21.5471 0
    endloop
  endfacet
  facet normal 0.156689 -0.987648 0
    outer loop
      vertex 19.7049 21.5471 3
      vertex 19.7049 21.5471 0
      vertex 19.8026 21.5626 3
    endloop
  endfacet
  facet normal 0.0939982 -0.995572 0
    outer loop
      vertex 19.9011 21.5719 0
      vertex 19.9011 21.5719 3
      vertex 19.8026 21.5626 0
    endloop
  endfacet
  facet normal 0.0939982 -0.995572 0
    outer loop
      vertex 19.8026 21.5626 3
      vertex 19.8026 21.5626 0
      vertex 19.9011 21.5719 3
    endloop
  endfacet
  facet normal 0.0313294 -0.999509 0
    outer loop
      vertex 20 21.575 0
      vertex 20 21.575 3
      vertex 19.9011 21.5719 0
    endloop
  endfacet
  facet normal 0.0313294 -0.999509 0
    outer loop
      vertex 19.9011 21.5719 3
      vertex 19.9011 21.5719 0
      vertex 20 21.575 3
    endloop
  endfacet
  facet normal -0.0313294 -0.999509 0
    outer loop
      vertex 20.0989 21.5719 0
      vertex 20.0989 21.5719 3
      vertex 20 21.575 0
    endloop
  endfacet
  facet normal -0.0313294 -0.999509 -0
    outer loop
      vertex 20 21.575 3
      vertex 20 21.575 0
      vertex 20.0989 21.5719 3
    endloop
  endfacet
  facet normal -0.0939982 -0.995572 0
    outer loop
      vertex 20.1974 21.5626 0
      vertex 20.1974 21.5626 3
      vertex 20.0989 21.5719 0
    endloop
  endfacet
  facet normal -0.0939982 -0.995572 -0
    outer loop
      vertex 20.0989 21.5719 3
      vertex 20.0989 21.5719 0
      vertex 20.1974 21.5626 3
    endloop
  endfacet
  facet normal -0.156689 -0.987648 0
    outer loop
      vertex 20.2951 21.5471 0
      vertex 20.2951 21.5471 3
      vertex 20.1974 21.5626 0
    endloop
  endfacet
  facet normal -0.156689 -0.987648 -0
    outer loop
      vertex 20.1974 21.5626 3
      vertex 20.1974 21.5626 0
      vertex 20.2951 21.5471 3
    endloop
  endfacet
  facet normal -0.218214 -0.975901 0
    outer loop
      vertex 20.3917 21.5255 0
      vertex 20.3917 21.5255 3
      vertex 20.2951 21.5471 0
    endloop
  endfacet
  facet normal -0.218214 -0.975901 -0
    outer loop
      vertex 20.2951 21.5471 3
      vertex 20.2951 21.5471 0
      vertex 20.3917 21.5255 3
    endloop
  endfacet
  facet normal -0.278991 -0.960294 0
    outer loop
      vertex 20.4867 21.4979 0
      vertex 20.4867 21.4979 3
      vertex 20.3917 21.5255 0
    endloop
  endfacet
  facet normal -0.278991 -0.960294 -0
    outer loop
      vertex 20.3917 21.5255 3
      vertex 20.3917 21.5255 0
      vertex 20.4867 21.4979 3
    endloop
  endfacet
  facet normal -0.338576 -0.940939 0
    outer loop
      vertex 20.5798 21.4644 0
      vertex 20.5798 21.4644 3
      vertex 20.4867 21.4979 0
    endloop
  endfacet
  facet normal -0.338576 -0.940939 -0
    outer loop
      vertex 20.4867 21.4979 3
      vertex 20.4867 21.4979 0
      vertex 20.5798 21.4644 3
    endloop
  endfacet
  facet normal -0.39721 -0.917728 0
    outer loop
      vertex 20.6706 21.4251 0
      vertex 20.6706 21.4251 3
      vertex 20.5798 21.4644 0
    endloop
  endfacet
  facet normal -0.39721 -0.917728 -0
    outer loop
      vertex 20.5798 21.4644 3
      vertex 20.5798 21.4644 0
      vertex 20.6706 21.4251 3
    endloop
  endfacet
  facet normal -0.453668 -0.891171 0
    outer loop
      vertex 20.7588 21.3802 0
      vertex 20.7588 21.3802 3
      vertex 20.6706 21.4251 0
    endloop
  endfacet
  facet normal -0.453668 -0.891171 -0
    outer loop
      vertex 20.6706 21.4251 3
      vertex 20.6706 21.4251 0
      vertex 20.7588 21.3802 3
    endloop
  endfacet
  facet normal -0.509581 -0.860423 0
    outer loop
      vertex 20.8439 21.3298 0
      vertex 20.8439 21.3298 3
      vertex 20.7588 21.3802 0
    endloop
  endfacet
  facet normal -0.509581 -0.860423 -0
    outer loop
      vertex 20.7588 21.3802 3
      vertex 20.7588 21.3802 0
      vertex 20.8439 21.3298 3
    endloop
  endfacet
  facet normal -0.561674 -0.827358 0
    outer loop
      vertex 20.9258 21.2742 0
      vertex 20.9258 21.2742 3
      vertex 20.8439 21.3298 0
    endloop
  endfacet
  facet normal -0.561674 -0.827358 -0
    outer loop
      vertex 20.8439 21.3298 3
      vertex 20.8439 21.3298 0
      vertex 20.9258 21.2742 3
    endloop
  endfacet
  facet normal -0.613661 -0.78957 0
    outer loop
      vertex 21.0039 21.2135 0
      vertex 21.0039 21.2135 3
      vertex 20.9258 21.2742 0
    endloop
  endfacet
  facet normal -0.613661 -0.78957 -0
    outer loop
      vertex 20.9258 21.2742 3
      vertex 20.9258 21.2742 0
      vertex 21.0039 21.2135 3
    endloop
  endfacet
  facet normal -0.660719 -0.750633 0
    outer loop
      vertex 21.0782 21.1481 0
      vertex 21.0782 21.1481 3
      vertex 21.0039 21.2135 0
    endloop
  endfacet
  facet normal -0.660719 -0.750633 -0
    outer loop
      vertex 21.0039 21.2135 3
      vertex 21.0039 21.2135 0
      vertex 21.0782 21.1481 3
    endloop
  endfacet
  facet normal -0.707107 -0.707107 0
    outer loop
      vertex 21.1481 21.0782 0
      vertex 21.1481 21.0782 3
      vertex 21.0782 21.1481 0
    endloop
  endfacet
  facet normal -0.707107 -0.707107 -0
    outer loop
      vertex 21.0782 21.1481 3
      vertex 21.0782 21.1481 0
      vertex 21.1481 21.0782 3
    endloop
  endfacet
  facet normal -0.750633 -0.660719 0
    outer loop
      vertex 21.2135 21.0039 0
      vertex 21.2135 21.0039 3
      vertex 21.1481 21.0782 0
    endloop
  endfacet
  facet normal -0.750633 -0.660719 -0
    outer loop
      vertex 21.1481 21.0782 3
      vertex 21.1481 21.0782 0
      vertex 21.2135 21.0039 3
    endloop
  endfacet
  facet normal -0.78957 -0.613661 0
    outer loop
      vertex 21.2742 20.9258 0
      vertex 21.2742 20.9258 3
      vertex 21.2135 21.0039 0
    endloop
  endfacet
  facet normal -0.78957 -0.613661 -0
    outer loop
      vertex 21.2135 21.0039 3
      vertex 21.2135 21.0039 0
      vertex 21.2742 20.9258 3
    endloop
  endfacet
  facet normal -0.827358 -0.561674 0
    outer loop
      vertex 21.3298 20.8439 0
      vertex 21.3298 20.8439 3
      vertex 21.2742 20.9258 0
    endloop
  endfacet
  facet normal -0.827358 -0.561674 -0
    outer loop
      vertex 21.2742 20.9258 3
      vertex 21.2742 20.9258 0
      vertex 21.3298 20.8439 3
    endloop
  endfacet
  facet normal -0.860423 -0.509581 0
    outer loop
      vertex 21.3802 20.7588 0
      vertex 21.3802 20.7588 3
      vertex 21.3298 20.8439 0
    endloop
  endfacet
  facet normal -0.860423 -0.509581 -0
    outer loop
      vertex 21.3298 20.8439 3
      vertex 21.3298 20.8439 0
      vertex 21.3802 20.7588 3
    endloop
  endfacet
  facet normal -0.891171 -0.453668 0
    outer loop
      vertex 21.4251 20.6706 0
      vertex 21.4251 20.6706 3
      vertex 21.3802 20.7588 0
    endloop
  endfacet
  facet normal -0.891171 -0.453668 -0
    outer loop
      vertex 21.3802 20.7588 3
      vertex 21.3802 20.7588 0
      vertex 21.4251 20.6706 3
    endloop
  endfacet
  facet normal -0.917728 -0.39721 0
    outer loop
      vertex 21.4644 20.5798 0
      vertex 21.4644 20.5798 3
      vertex 21.4251 20.6706 0
    endloop
  endfacet
  facet normal -0.917728 -0.39721 -0
    outer loop
      vertex 21.4251 20.6706 3
      vertex 21.4251 20.6706 0
      vertex 21.4644 20.5798 3
    endloop
  endfacet
  facet normal -0.940939 -0.338576 0
    outer loop
      vertex 21.4979 20.4867 0
      vertex 21.4979 20.4867 3
      vertex 21.4644 20.5798 0
    endloop
  endfacet
  facet normal -0.940939 -0.338576 -0
    outer loop
      vertex 21.4644 20.5798 3
      vertex 21.4644 20.5798 0
      vertex 21.4979 20.4867 3
    endloop
  endfacet
  facet normal -0.960294 -0.278991 0
    outer loop
      vertex 21.5255 20.3917 0
      vertex 21.5255 20.3917 3
      vertex 21.4979 20.4867 0
    endloop
  endfacet
  facet normal -0.960294 -0.278991 -0
    outer loop
      vertex 21.4979 20.4867 3
      vertex 21.4979 20.4867 0
      vertex 21.5255 20.3917 3
    endloop
  endfacet
  facet normal -0.975901 -0.218214 0
    outer loop
      vertex 21.5471 20.2951 0
      vertex 21.5471 20.2951 3
      vertex 21.5255 20.3917 0
    endloop
  endfacet
  facet normal -0.975901 -0.218214 -0
    outer loop
      vertex 21.5255 20.3917 3
      vertex 21.5255 20.3917 0
      vertex 21.5471 20.2951 3
    endloop
  endfacet
  facet normal -0.987648 -0.156689 0
    outer loop
      vertex 21.5626 20.1974 0
      vertex 21.5626 20.1974 3
      vertex 21.5471 20.2951 0
    endloop
  endfacet
  facet normal -0.987648 -0.156689 -0
    outer loop
      vertex 21.5471 20.2951 3
      vertex 21.5471 20.2951 0
      vertex 21.5626 20.1974 3
    endloop
  endfacet
  facet normal -0.995572 -0.0939982 0
    outer loop
      vertex 21.5719 20.0989 0
      vertex 21.5719 20.0989 3
      vertex 21.5626 20.1974 0
    endloop
  endfacet
  facet normal -0.995572 -0.0939982 -0
    outer loop
      vertex 21.5626 20.1974 3
      vertex 21.5626 20.1974 0
      vertex 21.5719 20.0989 3
    endloop
  endfacet
  facet normal -0.999509 -0.0313294 0
    outer loop
      vertex 21.575 20 0
      vertex 21.575 20 3
      vertex 21.5719 20.0989 0
    endloop
  endfacet
  facet normal -0.999509 -0.0313294 -0
    outer loop
      vertex 21.5719 20.0989 3
      vertex 21.5719 20.0989 0
      vertex 21.575 20 3
    endloop
  endfacet
  facet normal -0.999509 0.0313294 0
    outer loop
      vertex 21.5719 19.9011 0
      vertex 21.5719 19.9011 3
      vertex 21.575 20 0
    endloop
  endfacet
  facet normal -0.999509 0.0313294 0
    outer loop
      vertex 21.575 20 3
      vertex 21.575 20 0
      vertex 21.5719 19.9011 3
    endloop
  endfacet
  facet normal -0.995572 0.0939982 0
    outer loop
      vertex 21.5626 19.8026 0
      vertex 21.5626 19.8026 3
      vertex 21.5719 19.9011 0
    endloop
  endfacet
  facet normal -0.995572 0.0939982 0
    outer loop
      vertex 21.5719 19.9011 3
      vertex 21.5719 19.9011 0
      vertex 21.5626 19.8026 3
    endloop
  endfacet
  facet normal -0.987648 0.156689 0
    outer loop
      vertex 21.5471 19.7049 0
      vertex 21.5471 19.7049 3
      vertex 21.5626 19.8026 0
    endloop
  endfacet
  facet normal -0.987648 0.156689 0
    outer loop
      vertex 21.5626 19.8026 3
      vertex 21.5626 19.8026 0
      vertex 21.5471 19.7049 3
    endloop
  endfacet
  facet normal -0.975901 0.218214 0
    outer loop
      vertex 21.5255 19.6083 0
      vertex 21.5255 19.6083 3
      vertex 21.5471 19.7049 0
    endloop
  endfacet
  facet normal -0.975901 0.218214 0
    outer loop
      vertex 21.5471 19.7049 3
      vertex 21.5471 19.7049 0
      vertex 21.5255 19.6083 3
    endloop
  endfacet
  facet normal -0.960294 0.278991 0
    outer loop
      vertex 21.4979 19.5133 0
      vertex 21.4979 19.5133 3
      vertex 21.5255 19.6083 0
    endloop
  endfacet
  facet normal -0.960294 0.278991 0
    outer loop
      vertex 21.5255 19.6083 3
      vertex 21.5255 19.6083 0
      vertex 21.4979 19.5133 3
    endloop
  endfacet
  facet normal -0.940939 0.338576 0
    outer loop
      vertex 21.4644 19.4202 0
      vertex 21.4644 19.4202 3
      vertex 21.4979 19.5133 0
    endloop
  endfacet
  facet normal -0.940939 0.338576 0
    outer loop
      vertex 21.4979 19.5133 3
      vertex 21.4979 19.5133 0
      vertex 21.4644 19.4202 3
    endloop
  endfacet
  facet normal -0.917728 0.39721 0
    outer loop
      vertex 21.4251 19.3294 0
      vertex 21.4251 19.3294 3
      vertex 21.4644 19.4202 0
    endloop
  endfacet
  facet normal -0.917728 0.39721 0
    outer loop
      vertex 21.4644 19.4202 3
      vertex 21.4644 19.4202 0
      vertex 21.4251 19.3294 3
    endloop
  endfacet
  facet normal -0.891171 0.453668 0
    outer loop
      vertex 21.3802 19.2412 0
      vertex 21.3802 19.2412 3
      vertex 21.4251 19.3294 0
    endloop
  endfacet
  facet normal -0.891171 0.453668 0
    outer loop
      vertex 21.4251 19.3294 3
      vertex 21.4251 19.3294 0
      vertex 21.3802 19.2412 3
    endloop
  endfacet
  facet normal -0.860423 0.509581 0
    outer loop
      vertex 21.3298 19.1561 0
      vertex 21.3298 19.1561 3
      vertex 21.3802 19.2412 0
    endloop
  endfacet
  facet normal -0.860423 0.509581 0
    outer loop
      vertex 21.3802 19.2412 3
      vertex 21.3802 19.2412 0
      vertex 21.3298 19.1561 3
    endloop
  endfacet
  facet normal -0.827358 0.561674 0
    outer loop
      vertex 21.2742 19.0742 0
      vertex 21.2742 19.0742 3
      vertex 21.3298 19.1561 0
    endloop
  endfacet
  facet normal -0.827358 0.561674 0
    outer loop
      vertex 21.3298 19.1561 3
      vertex 21.3298 19.1561 0
      vertex 21.2742 19.0742 3
    endloop
  endfacet
  facet normal -0.78995 0.613171 0
    outer loop
      vertex 21.2135 18.996 0
      vertex 21.2135 18.996 3
      vertex 21.2742 19.0742 0
    endloop
  endfacet
  facet normal -0.78995 0.613171 0
    outer loop
      vertex 21.2742 19.0742 3
      vertex 21.2742 19.0742 0
      vertex 21.2135 18.996 3
    endloop
  endfacet
  facet normal -0.750192 0.66122 0
    outer loop
      vertex 21.1481 18.9218 0
      vertex 21.1481 18.9218 3
      vertex 21.2135 18.996 0
    endloop
  endfacet
  facet normal -0.750192 0.66122 0
    outer loop
      vertex 21.2135 18.996 3
      vertex 21.2135 18.996 0
      vertex 21.1481 18.9218 3
    endloop
  endfacet
  facet normal -0.707107 0.707107 0
    outer loop
      vertex 21.0782 18.8519 0
      vertex 21.0782 18.8519 3
      vertex 21.1481 18.9218 0
    endloop
  endfacet
  facet normal -0.707107 0.707107 0
    outer loop
      vertex 21.1481 18.9218 3
      vertex 21.1481 18.9218 0
      vertex 21.0782 18.8519 3
    endloop
  endfacet
  facet normal -0.661288 0.750132 0
    outer loop
      vertex 21.0039 18.7864 0
      vertex 21.0039 18.7864 3
      vertex 21.0782 18.8519 0
    endloop
  endfacet
  facet normal -0.661288 0.750132 0
    outer loop
      vertex 21.0782 18.8519 3
      vertex 21.0782 18.8519 0
      vertex 21.0039 18.7864 3
    endloop
  endfacet
  facet normal -0.61303 0.79006 0
    outer loop
      vertex 20.9258 18.7258 0
      vertex 20.9258 18.7258 3
      vertex 21.0039 18.7864 0
    endloop
  endfacet
  facet normal -0.61303 0.79006 0
    outer loop
      vertex 21.0039 18.7864 3
      vertex 21.0039 18.7864 0
      vertex 20.9258 18.7258 3
    endloop
  endfacet
  facet normal -0.561674 0.827358 0
    outer loop
      vertex 20.8439 18.6702 0
      vertex 20.8439 18.6702 3
      vertex 20.9258 18.7258 0
    endloop
  endfacet
  facet normal -0.561674 0.827358 0
    outer loop
      vertex 20.9258 18.7258 3
      vertex 20.9258 18.7258 0
      vertex 20.8439 18.6702 3
    endloop
  endfacet
  facet normal -0.509581 0.860423 0
    outer loop
      vertex 20.7588 18.6198 0
      vertex 20.7588 18.6198 3
      vertex 20.8439 18.6702 0
    endloop
  endfacet
  facet normal -0.509581 0.860423 0
    outer loop
      vertex 20.8439 18.6702 3
      vertex 20.8439 18.6702 0
      vertex 20.7588 18.6198 3
    endloop
  endfacet
  facet normal -0.453668 0.891171 0
    outer loop
      vertex 20.6706 18.5749 0
      vertex 20.6706 18.5749 3
      vertex 20.7588 18.6198 0
    endloop
  endfacet
  facet normal -0.453668 0.891171 0
    outer loop
      vertex 20.7588 18.6198 3
      vertex 20.7588 18.6198 0
      vertex 20.6706 18.5749 3
    endloop
  endfacet
  facet normal -0.39721 0.917728 0
    outer loop
      vertex 20.5798 18.5356 0
      vertex 20.5798 18.5356 3
      vertex 20.6706 18.5749 0
    endloop
  endfacet
  facet normal -0.39721 0.917728 0
    outer loop
      vertex 20.6706 18.5749 3
      vertex 20.6706 18.5749 0
      vertex 20.5798 18.5356 3
    endloop
  endfacet
  facet normal -0.338576 0.940939 0
    outer loop
      vertex 20.4867 18.5021 0
      vertex 20.4867 18.5021 3
      vertex 20.5798 18.5356 0
    endloop
  endfacet
  facet normal -0.338576 0.940939 0
    outer loop
      vertex 20.5798 18.5356 3
      vertex 20.5798 18.5356 0
      vertex 20.4867 18.5021 3
    endloop
  endfacet
  facet normal -0.278991 0.960294 0
    outer loop
      vertex 20.3917 18.4745 0
      vertex 20.3917 18.4745 3
      vertex 20.4867 18.5021 0
    endloop
  endfacet
  facet normal -0.278991 0.960294 0
    outer loop
      vertex 20.4867 18.5021 3
      vertex 20.4867 18.5021 0
      vertex 20.3917 18.4745 3
    endloop
  endfacet
  facet normal -0.218214 0.975901 0
    outer loop
      vertex 20.2951 18.4529 0
      vertex 20.2951 18.4529 3
      vertex 20.3917 18.4745 0
    endloop
  endfacet
  facet normal -0.218214 0.975901 0
    outer loop
      vertex 20.3917 18.4745 3
      vertex 20.3917 18.4745 0
      vertex 20.2951 18.4529 3
    endloop
  endfacet
  facet normal -0.156689 0.987648 0
    outer loop
      vertex 20.1974 18.4374 0
      vertex 20.1974 18.4374 3
      vertex 20.2951 18.4529 0
    endloop
  endfacet
  facet normal -0.156689 0.987648 0
    outer loop
      vertex 20.2951 18.4529 3
      vertex 20.2951 18.4529 0
      vertex 20.1974 18.4374 3
    endloop
  endfacet
  facet normal -0.0939982 0.995572 0
    outer loop
      vertex 20.0989 18.4281 0
      vertex 20.0989 18.4281 3
      vertex 20.1974 18.4374 0
    endloop
  endfacet
  facet normal -0.0939982 0.995572 0
    outer loop
      vertex 20.1974 18.4374 3
      vertex 20.1974 18.4374 0
      vertex 20.0989 18.4281 3
    endloop
  endfacet
  facet normal -0.0313294 0.999509 0
    outer loop
      vertex 20 18.425 0
      vertex 20 18.425 3
      vertex 20.0989 18.4281 0
    endloop
  endfacet
  facet normal -0.0313294 0.999509 0
    outer loop
      vertex 20.0989 18.4281 3
      vertex 20.0989 18.4281 0
      vertex 20 18.425 3
    endloop
  endfacet
  facet normal 0.0313294 0.999509 -0
    outer loop
      vertex 19.9011 18.4281 0
      vertex 19.9011 18.4281 3
      vertex 20 18.425 0
    endloop
  endfacet
  facet normal 0.0313294 0.999509 0
    outer loop
      vertex 20 18.425 3
      vertex 20 18.425 0
      vertex 19.9011 18.4281 3
    endloop
  endfacet
  facet normal 0.0940984 0.995563 -0
    outer loop
      vertex 19.8026 3.43741 0
      vertex 19.8026 3.43741 3
      vertex 19.9011 3.4281 0
    endloop
  endfacet
  facet normal 0.0940984 0.995563 0
    outer loop
      vertex 19.9011 3.4281 3
      vertex 19.9011 3.4281 0
      vertex 19.8026 3.43741 3
    endloop
  endfacet
  facet normal 0.156591 0.987664 -0
    outer loop
      vertex 19.7049 3.4529 0
      vertex 19.7049 3.4529 3
      vertex 19.8026 3.43741 0
    endloop
  endfacet
  facet normal 0.156591 0.987664 0
    outer loop
      vertex 19.8026 3.43741 3
      vertex 19.8026 3.43741 0
      vertex 19.7049 3.4529 3
    endloop
  endfacet
  facet normal 0.217925 0.975965 -0
    outer loop
      vertex 19.6083 3.47447 0
      vertex 19.6083 3.47447 3
      vertex 19.7049 3.4529 0
    endloop
  endfacet
  facet normal 0.217925 0.975965 0
    outer loop
      vertex 19.7049 3.4529 3
      vertex 19.7049 3.4529 0
      vertex 19.6083 3.47447 3
    endloop
  endfacet
  facet normal 0.279084 0.960267 -0
    outer loop
      vertex 19.5133 3.50208 0
      vertex 19.5133 3.50208 3
      vertex 19.6083 3.47447 0
    endloop
  endfacet
  facet normal 0.279084 0.960267 0
    outer loop
      vertex 19.6083 3.47447 3
      vertex 19.6083 3.47447 0
      vertex 19.5133 3.50208 3
    endloop
  endfacet
  facet normal 0.338755 0.940875 -0
    outer loop
      vertex 19.4202 3.5356 0
      vertex 19.4202 3.5356 3
      vertex 19.5133 3.50208 0
    endloop
  endfacet
  facet normal 0.338755 0.940875 0
    outer loop
      vertex 19.5133 3.50208 3
      vertex 19.5133 3.50208 0
      vertex 19.4202 3.5356 3
    endloop
  endfacet
  facet normal 0.397125 0.917764 -0
    outer loop
      vertex 19.3294 3.57489 0
      vertex 19.3294 3.57489 3
      vertex 19.4202 3.5356 0
    endloop
  endfacet
  facet normal 0.397125 0.917764 0
    outer loop
      vertex 19.4202 3.5356 3
      vertex 19.4202 3.5356 0
      vertex 19.3294 3.57489 3
    endloop
  endfacet
  facet normal 0.453829 0.891089 -0
    outer loop
      vertex 19.2412 3.61981 0
      vertex 19.2412 3.61981 3
      vertex 19.3294 3.57489 0
    endloop
  endfacet
  facet normal 0.453829 0.891089 0
    outer loop
      vertex 19.3294 3.57489 3
      vertex 19.3294 3.57489 0
      vertex 19.2412 3.61981 3
    endloop
  endfacet
  facet normal 0.509356 0.860556 -0
    outer loop
      vertex 19.1561 3.67018 0
      vertex 19.1561 3.67018 3
      vertex 19.2412 3.61981 0
    endloop
  endfacet
  facet normal 0.509356 0.860556 0
    outer loop
      vertex 19.2412 3.61981 3
      vertex 19.2412 3.61981 0
      vertex 19.1561 3.67018 3
    endloop
  endfacet
  facet normal 0.561674 0.827358 -0
    outer loop
      vertex 19.0742 3.72578 0
      vertex 19.0742 3.72578 3
      vertex 19.1561 3.67018 0
    endloop
  endfacet
  facet normal 0.561674 0.827358 0
    outer loop
      vertex 19.1561 3.67018 3
      vertex 19.1561 3.67018 0
      vertex 19.0742 3.72578 3
    endloop
  endfacet
  facet normal 0.612919 0.790146 -0
    outer loop
      vertex 18.996 3.78644 0
      vertex 18.996 3.78644 3
      vertex 19.0742 3.72578 0
    endloop
  endfacet
  facet normal 0.612919 0.790146 0
    outer loop
      vertex 19.0742 3.72578 3
      vertex 19.0742 3.72578 0
      vertex 18.996 3.78644 3
    endloop
  endfacet
  facet normal 0.661391 0.750041 -0
    outer loop
      vertex 18.9218 3.85187 0
      vertex 18.9218 3.85187 3
      vertex 18.996 3.78644 0
    endloop
  endfacet
  facet normal 0.661391 0.750041 0
    outer loop
      vertex 18.996 3.78644 3
      vertex 18.996 3.78644 0
      vertex 18.9218 3.85187 3
    endloop
  endfacet
  facet normal 0.70741 0.706803 -0
    outer loop
      vertex 18.8519 3.92183 0
      vertex 18.8519 3.92183 3
      vertex 18.9218 3.85187 0
    endloop
  endfacet
  facet normal 0.70741 0.706803 0
    outer loop
      vertex 18.9218 3.85187 3
      vertex 18.9218 3.85187 0
      vertex 18.8519 3.92183 3
    endloop
  endfacet
  facet normal 0.749779 0.661688 -0
    outer loop
      vertex 18.7864 3.99605 0
      vertex 18.7864 3.99605 3
      vertex 18.8519 3.92183 0
    endloop
  endfacet
  facet normal 0.749779 0.661688 0
    outer loop
      vertex 18.8519 3.92183 3
      vertex 18.8519 3.92183 0
      vertex 18.7864 3.99605 3
    endloop
  endfacet
  facet normal 0.790364 0.612638 -0
    outer loop
      vertex 18.7258 4.07423 0
      vertex 18.7258 4.07423 3
      vertex 18.7864 3.99605 0
    endloop
  endfacet
  facet normal 0.790364 0.612638 0
    outer loop
      vertex 18.7864 3.99605 3
      vertex 18.7864 3.99605 0
      vertex 18.7258 4.07423 3
    endloop
  endfacet
  facet normal 0.827167 0.561956 -0
    outer loop
      vertex 18.6702 4.15607 0
      vertex 18.6702 4.15607 3
      vertex 18.7258 4.07423 0
    endloop
  endfacet
  facet normal 0.827167 0.561956 0
    outer loop
      vertex 18.7258 4.07423 3
      vertex 18.7258 4.07423 0
      vertex 18.6702 4.15607 3
    endloop
  endfacet
  facet normal 0.86058 0.509315 -0
    outer loop
      vertex 18.6198 4.24123 0
      vertex 18.6198 4.24123 3
      vertex 18.6702 4.15607 0
    endloop
  endfacet
  facet normal 0.86058 0.509315 0
    outer loop
      vertex 18.6702 4.15607 3
      vertex 18.6702 4.15607 0
      vertex 18.6198 4.24123 3
    endloop
  endfacet
  facet normal 0.891087 0.453832 -0
    outer loop
      vertex 18.5749 4.32939 0
      vertex 18.5749 4.32939 3
      vertex 18.6198 4.24123 0
    endloop
  endfacet
  facet normal 0.891087 0.453832 0
    outer loop
      vertex 18.6198 4.24123 3
      vertex 18.6198 4.24123 0
      vertex 18.5749 4.32939 3
    endloop
  endfacet
  facet normal 0.917744 0.397173 -0
    outer loop
      vertex 18.5356 4.4202 0
      vertex 18.5356 4.4202 3
      vertex 18.5749 4.32939 0
    endloop
  endfacet
  facet normal 0.917744 0.397173 0
    outer loop
      vertex 18.5749 4.32939 3
      vertex 18.5749 4.32939 0
      vertex 18.5356 4.4202 3
    endloop
  endfacet
  facet normal 0.940927 0.338609 -0
    outer loop
      vertex 18.5021 4.51329 0
      vertex 18.5021 4.51329 3
      vertex 18.5356 4.4202 0
    endloop
  endfacet
  facet normal 0.940927 0.338609 0
    outer loop
      vertex 18.5356 4.4202 3
      vertex 18.5356 4.4202 0
      vertex 18.5021 4.51329 3
    endloop
  endfacet
  facet normal 0.96031 0.278936 -0
    outer loop
      vertex 18.4745 4.60831 0
      vertex 18.4745 4.60831 3
      vertex 18.5021 4.51329 0
    endloop
  endfacet
  facet normal 0.96031 0.278936 0
    outer loop
      vertex 18.5021 4.51329 3
      vertex 18.5021 4.51329 0
      vertex 18.4745 4.60831 3
    endloop
  endfacet
  facet normal 0.975877 0.218322 -0
    outer loop
      vertex 18.4529 4.70486 0
      vertex 18.4529 4.70486 3
      vertex 18.4745 4.60831 0
    endloop
  endfacet
  facet normal 0.975877 0.218322 0
    outer loop
      vertex 18.4745 4.60831 3
      vertex 18.4745 4.60831 0
      vertex 18.4529 4.70486 3
    endloop
  endfacet
  facet normal 0.987658 0.156627 -0
    outer loop
      vertex 18.4374 4.8026 0
      vertex 18.4374 4.8026 3
      vertex 18.4529 4.70486 0
    endloop
  endfacet
  facet normal 0.987658 0.156627 0
    outer loop
      vertex 18.4529 4.70486 3
      vertex 18.4529 4.70486 0
      vertex 18.4374 4.8026 3
    endloop
  endfacet
  facet normal 0.995571 0.0940077 -0
    outer loop
      vertex 18.4281 4.90109 0
      vertex 18.4281 4.90109 3
      vertex 18.4374 4.8026 0
    endloop
  endfacet
  facet normal 0.995571 0.0940077 0
    outer loop
      vertex 18.4374 4.8026 3
      vertex 18.4374 4.8026 0
      vertex 18.4281 4.90109 3
    endloop
  endfacet
  facet normal 0.999509 0.0313262 -0
    outer loop
      vertex 18.425 5 0
      vertex 18.425 5 3
      vertex 18.4281 4.90109 0
    endloop
  endfacet
  facet normal 0.999509 0.0313262 0
    outer loop
      vertex 18.4281 4.90109 3
      vertex 18.4281 4.90109 0
      vertex 18.425 5 3
    endloop
  endfacet
  facet normal 0.999509 -0.0313326 0
    outer loop
      vertex 18.4281 5.09889 0
      vertex 18.4281 5.09889 3
      vertex 18.425 5 0
    endloop
  endfacet
  facet normal 0.999509 -0.0313326 0
    outer loop
      vertex 18.425 5 3
      vertex 18.425 5 0
      vertex 18.4281 5.09889 3
    endloop
  endfacet
  facet normal 0.995572 -0.0939982 0
    outer loop
      vertex 18.4374 5.19739 0
      vertex 18.4374 5.19739 3
      vertex 18.4281 5.09889 0
    endloop
  endfacet
  facet normal 0.995572 -0.0939982 0
    outer loop
      vertex 18.4281 5.09889 3
      vertex 18.4281 5.09889 0
      vertex 18.4374 5.19739 3
    endloop
  endfacet
  facet normal 0.987655 -0.156642 0
    outer loop
      vertex 18.4529 5.29512 0
      vertex 18.4529 5.29512 3
      vertex 18.4374 5.19739 0
    endloop
  endfacet
  facet normal 0.987655 -0.156642 0
    outer loop
      vertex 18.4374 5.19739 3
      vertex 18.4374 5.19739 0
      vertex 18.4529 5.29512 3
    endloop
  endfacet
  facet normal 0.975882 -0.2183 0
    outer loop
      vertex 18.4745 5.39168 0
      vertex 18.4745 5.39168 3
      vertex 18.4529 5.29512 0
    endloop
  endfacet
  facet normal 0.975882 -0.2183 0
    outer loop
      vertex 18.4529 5.29512 3
      vertex 18.4529 5.29512 0
      vertex 18.4745 5.39168 3
    endloop
  endfacet
  facet normal 0.960302 -0.278964 0
    outer loop
      vertex 18.5021 5.48669 0
      vertex 18.5021 5.48669 3
      vertex 18.4745 5.39168 0
    endloop
  endfacet
  facet normal 0.960302 -0.278964 0
    outer loop
      vertex 18.4745 5.39168 3
      vertex 18.4745 5.39168 0
      vertex 18.5021 5.48669 3
    endloop
  endfacet
  facet normal 0.940939 -0.338576 0
    outer loop
      vertex 18.5356 5.57979 0
      vertex 18.5356 5.57979 3
      vertex 18.5021 5.48669 0
    endloop
  endfacet
  facet normal 0.940939 -0.338576 0
    outer loop
      vertex 18.5021 5.48669 3
      vertex 18.5021 5.48669 0
      vertex 18.5356 5.57979 3
    endloop
  endfacet
  facet normal 0.917728 -0.39721 0
    outer loop
      vertex 18.5749 5.67059 0
      vertex 18.5749 5.67059 3
      vertex 18.5356 5.57979 0
    endloop
  endfacet
  facet normal 0.917728 -0.39721 0
    outer loop
      vertex 18.5356 5.57979 3
      vertex 18.5356 5.57979 0
      vertex 18.5749 5.67059 3
    endloop
  endfacet
  facet normal 0.891108 -0.453791 0
    outer loop
      vertex 18.6198 5.75876 0
      vertex 18.6198 5.75876 3
      vertex 18.5749 5.67059 0
    endloop
  endfacet
  facet normal 0.891108 -0.453791 0
    outer loop
      vertex 18.5749 5.67059 3
      vertex 18.5749 5.67059 0
      vertex 18.6198 5.75876 3
    endloop
  endfacet
  facet normal 0.86058 -0.509315 0
    outer loop
      vertex 18.6702 5.84392 0
      vertex 18.6702 5.84392 3
      vertex 18.6198 5.75876 0
    endloop
  endfacet
  facet normal 0.86058 -0.509315 0
    outer loop
      vertex 18.6198 5.75876 3
      vertex 18.6198 5.75876 0
      vertex 18.6702 5.84392 3
    endloop
  endfacet
  facet normal 0.827135 -0.562003 0
    outer loop
      vertex 18.7258 5.92575 0
      vertex 18.7258 5.92575 3
      vertex 18.6702 5.84392 0
    endloop
  endfacet
  facet normal 0.827135 -0.562003 0
    outer loop
      vertex 18.6702 5.84392 3
      vertex 18.6702 5.84392 0
      vertex 18.7258 5.92575 3
    endloop
  endfacet
  facet normal 0.790402 -0.612589 0
    outer loop
      vertex 18.7864 6.00394 0
      vertex 18.7864 6.00394 3
      vertex 18.7258 5.92575 0
    endloop
  endfacet
  facet normal 0.790402 -0.612589 0
    outer loop
      vertex 18.7258 5.92575 3
      vertex 18.7258 5.92575 0
      vertex 18.7864 6.00394 3
    endloop
  endfacet
  facet normal 0.749779 -0.661688 0
    outer loop
      vertex 18.8519 6.07816 0
      vertex 18.8519 6.07816 3
      vertex 18.7864 6.00394 0
    endloop
  endfacet
  facet normal 0.749779 -0.661688 0
    outer loop
      vertex 18.7864 6.00394 3
      vertex 18.7864 6.00394 0
      vertex 18.8519 6.07816 3
    endloop
  endfacet
  facet normal 0.70741 -0.706803 0
    outer loop
      vertex 18.9218 6.14812 0
      vertex 18.9218 6.14812 3
      vertex 18.8519 6.07816 0
    endloop
  endfacet
  facet normal 0.70741 -0.706803 0
    outer loop
      vertex 18.8519 6.07816 3
      vertex 18.8519 6.07816 0
      vertex 18.9218 6.14812 3
    endloop
  endfacet
  facet normal 0.661391 -0.750041 0
    outer loop
      vertex 18.996 6.21355 0
      vertex 18.996 6.21355 3
      vertex 18.9218 6.14812 0
    endloop
  endfacet
  facet normal 0.661391 -0.750041 0
    outer loop
      vertex 18.9218 6.14812 3
      vertex 18.9218 6.14812 0
      vertex 18.996 6.21355 3
    endloop
  endfacet
  facet normal 0.612856 -0.790195 0
    outer loop
      vertex 19.0742 6.2742 0
      vertex 19.0742 6.2742 3
      vertex 18.996 6.21355 0
    endloop
  endfacet
  facet normal 0.612856 -0.790195 0
    outer loop
      vertex 18.996 6.21355 3
      vertex 18.996 6.21355 0
      vertex 19.0742 6.2742 3
    endloop
  endfacet
  facet normal 0.561674 -0.827358 0
    outer loop
      vertex 19.1561 6.3298 0
      vertex 19.1561 6.3298 3
      vertex 19.0742 6.2742 0
    endloop
  endfacet
  facet normal 0.561674 -0.827358 0
    outer loop
      vertex 19.0742 6.2742 3
      vertex 19.0742 6.2742 0
      vertex 19.1561 6.3298 3
    endloop
  endfacet
  facet normal 0.509356 -0.860556 0
    outer loop
      vertex 19.2412 6.38017 0
      vertex 19.2412 6.38017 3
      vertex 19.1561 6.3298 0
    endloop
  endfacet
  facet normal 0.509356 -0.860556 0
    outer loop
      vertex 19.1561 6.3298 3
      vertex 19.1561 6.3298 0
      vertex 19.2412 6.38017 3
    endloop
  endfacet
  facet normal 0.453829 -0.891089 0
    outer loop
      vertex 19.3294 6.42509 0
      vertex 19.3294 6.42509 3
      vertex 19.2412 6.38017 0
    endloop
  endfacet
  facet normal 0.453829 -0.891089 0
    outer loop
      vertex 19.2412 6.38017 3
      vertex 19.2412 6.38017 0
      vertex 19.3294 6.42509 3
    endloop
  endfacet
  facet normal 0.39721 -0.917728 0
    outer loop
      vertex 19.4202 6.46439 0
      vertex 19.4202 6.46439 3
      vertex 19.3294 6.42509 0
    endloop
  endfacet
  facet normal 0.39721 -0.917728 0
    outer loop
      vertex 19.3294 6.42509 3
      vertex 19.3294 6.42509 0
      vertex 19.4202 6.46439 3
    endloop
  endfacet
  facet normal 0.338755 -0.940875 0
    outer loop
      vertex 19.5133 6.49791 0
      vertex 19.5133 6.49791 3
      vertex 19.4202 6.46439 0
    endloop
  endfacet
  facet normal 0.338755 -0.940875 0
    outer loop
      vertex 19.4202 6.46439 3
      vertex 19.4202 6.46439 0
      vertex 19.5133 6.49791 3
    endloop
  endfacet
  facet normal 0.278991 -0.960294 0
    outer loop
      vertex 19.6083 6.52551 0
      vertex 19.6083 6.52551 3
      vertex 19.5133 6.49791 0
    endloop
  endfacet
  facet normal 0.278991 -0.960294 0
    outer loop
      vertex 19.5133 6.49791 3
      vertex 19.5133 6.49791 0
      vertex 19.6083 6.52551 3
    endloop
  endfacet
  facet normal 0.218021 -0.975944 0
    outer loop
      vertex 19.7049 6.54709 0
      vertex 19.7049 6.54709 3
      vertex 19.6083 6.52551 0
    endloop
  endfacet
  facet normal 0.218021 -0.975944 0
    outer loop
      vertex 19.6083 6.52551 3
      vertex 19.6083 6.52551 0
      vertex 19.7049 6.54709 3
    endloop
  endfacet
  facet normal 0.156591 -0.987664 0
    outer loop
      vertex 19.8026 6.56258 0
      vertex 19.8026 6.56258 3
      vertex 19.7049 6.54709 0
    endloop
  endfacet
  facet normal 0.156591 -0.987664 0
    outer loop
      vertex 19.7049 6.54709 3
      vertex 19.7049 6.54709 0
      vertex 19.8026 6.56258 3
    endloop
  endfacet
  facet normal 0.0939982 -0.995572 0
    outer loop
      vertex 19.9011 6.57188 0
      vertex 19.9011 6.57188 3
      vertex 19.8026 6.56258 0
    endloop
  endfacet
  facet normal 0.0939982 -0.995572 0
    outer loop
      vertex 19.8026 6.56258 3
      vertex 19.8026 6.56258 0
      vertex 19.9011 6.57188 3
    endloop
  endfacet
  facet normal 0.0315313 -0.999503 0
    outer loop
      vertex 20 6.575 0
      vertex 20 6.575 3
      vertex 19.9011 6.57188 0
    endloop
  endfacet
  facet normal 0.0315313 -0.999503 0
    outer loop
      vertex 19.9011 6.57188 3
      vertex 19.9011 6.57188 0
      vertex 20 6.575 3
    endloop
  endfacet
  facet normal -0.0315313 -0.999503 0
    outer loop
      vertex 20.0989 6.57188 0
      vertex 20.0989 6.57188 3
      vertex 20 6.575 0
    endloop
  endfacet
  facet normal -0.0315313 -0.999503 -0
    outer loop
      vertex 20 6.575 3
      vertex 20 6.575 0
      vertex 20.0989 6.57188 3
    endloop
  endfacet
  facet normal -0.0939982 -0.995572 0
    outer loop
      vertex 20.1974 6.56258 0
      vertex 20.1974 6.56258 3
      vertex 20.0989 6.57188 0
    endloop
  endfacet
  facet normal -0.0939982 -0.995572 -0
    outer loop
      vertex 20.0989 6.57188 3
      vertex 20.0989 6.57188 0
      vertex 20.1974 6.56258 3
    endloop
  endfacet
  facet normal -0.156591 -0.987664 0
    outer loop
      vertex 20.2951 6.54709 0
      vertex 20.2951 6.54709 3
      vertex 20.1974 6.56258 0
    endloop
  endfacet
  facet normal -0.156591 -0.987664 -0
    outer loop
      vertex 20.1974 6.56258 3
      vertex 20.1974 6.56258 0
      vertex 20.2951 6.54709 3
    endloop
  endfacet
  facet normal -0.218021 -0.975944 0
    outer loop
      vertex 20.3917 6.52551 0
      vertex 20.3917 6.52551 3
      vertex 20.2951 6.54709 0
    endloop
  endfacet
  facet normal -0.218021 -0.975944 -0
    outer loop
      vertex 20.2951 6.54709 3
      vertex 20.2951 6.54709 0
      vertex 20.3917 6.52551 3
    endloop
  endfacet
  facet normal -0.278991 -0.960294 0
    outer loop
      vertex 20.4867 6.49791 0
      vertex 20.4867 6.49791 3
      vertex 20.3917 6.52551 0
    endloop
  endfacet
  facet normal -0.278991 -0.960294 -0
    outer loop
      vertex 20.3917 6.52551 3
      vertex 20.3917 6.52551 0
      vertex 20.4867 6.49791 3
    endloop
  endfacet
  facet normal -0.338755 -0.940875 0
    outer loop
      vertex 20.5798 6.46439 0
      vertex 20.5798 6.46439 3
      vertex 20.4867 6.49791 0
    endloop
  endfacet
  facet normal -0.338755 -0.940875 -0
    outer loop
      vertex 20.4867 6.49791 3
      vertex 20.4867 6.49791 0
      vertex 20.5798 6.46439 3
    endloop
  endfacet
  facet normal -0.39721 -0.917728 0
    outer loop
      vertex 20.6706 6.42509 0
      vertex 20.6706 6.42509 3
      vertex 20.5798 6.46439 0
    endloop
  endfacet
  facet normal -0.39721 -0.917728 -0
    outer loop
      vertex 20.5798 6.46439 3
      vertex 20.5798 6.46439 0
      vertex 20.6706 6.42509 3
    endloop
  endfacet
  facet normal -0.453829 -0.891089 0
    outer loop
      vertex 20.7588 6.38017 0
      vertex 20.7588 6.38017 3
      vertex 20.6706 6.42509 0
    endloop
  endfacet
  facet normal -0.453829 -0.891089 -0
    outer loop
      vertex 20.6706 6.42509 3
      vertex 20.6706 6.42509 0
      vertex 20.7588 6.38017 3
    endloop
  endfacet
  facet normal -0.509356 -0.860556 0
    outer loop
      vertex 20.8439 6.3298 0
      vertex 20.8439 6.3298 3
      vertex 20.7588 6.38017 0
    endloop
  endfacet
  facet normal -0.509356 -0.860556 -0
    outer loop
      vertex 20.7588 6.38017 3
      vertex 20.7588 6.38017 0
      vertex 20.8439 6.3298 3
    endloop
  endfacet
  facet normal -0.561674 -0.827358 0
    outer loop
      vertex 20.9258 6.2742 0
      vertex 20.9258 6.2742 3
      vertex 20.8439 6.3298 0
    endloop
  endfacet
  facet normal -0.561674 -0.827358 -0
    outer loop
      vertex 20.8439 6.3298 3
      vertex 20.8439 6.3298 0
      vertex 20.9258 6.2742 3
    endloop
  endfacet
  facet normal -0.613345 -0.789815 0
    outer loop
      vertex 21.0039 6.21355 0
      vertex 21.0039 6.21355 3
      vertex 20.9258 6.2742 0
    endloop
  endfacet
  facet normal -0.613345 -0.789815 -0
    outer loop
      vertex 20.9258 6.2742 3
      vertex 20.9258 6.2742 0
      vertex 21.0039 6.21355 3
    endloop
  endfacet
  facet normal -0.66089 -0.750483 0
    outer loop
      vertex 21.0782 6.14812 0
      vertex 21.0782 6.14812 3
      vertex 21.0039 6.21355 0
    endloop
  endfacet
  facet normal -0.66089 -0.750483 -0
    outer loop
      vertex 21.0039 6.21355 3
      vertex 21.0039 6.21355 0
      vertex 21.0782 6.14812 3
    endloop
  endfacet
  facet normal -0.70741 -0.706803 0
    outer loop
      vertex 21.1481 6.07816 0
      vertex 21.1481 6.07816 3
      vertex 21.0782 6.14812 0
    endloop
  endfacet
  facet normal -0.70741 -0.706803 -0
    outer loop
      vertex 21.0782 6.14812 3
      vertex 21.0782 6.14812 0
      vertex 21.1481 6.07816 3
    endloop
  endfacet
  facet normal -0.75028 -0.66112 0
    outer loop
      vertex 21.2135 6.00394 0
      vertex 21.2135 6.00394 3
      vertex 21.1481 6.07816 0
    endloop
  endfacet
  facet normal -0.75028 -0.66112 -0
    outer loop
      vertex 21.1481 6.07816 3
      vertex 21.1481 6.07816 0
      vertex 21.2135 6.00394 3
    endloop
  endfacet
  facet normal -0.789912 -0.61322 0
    outer loop
      vertex 21.2742 5.92575 0
      vertex 21.2742 5.92575 3
      vertex 21.2135 6.00394 0
    endloop
  endfacet
  facet normal -0.789912 -0.61322 -0
    outer loop
      vertex 21.2135 6.00394 3
      vertex 21.2135 6.00394 0
      vertex 21.2742 5.92575 3
    endloop
  endfacet
  facet normal -0.827135 -0.562003 0
    outer loop
      vertex 21.3298 5.84392 0
      vertex 21.3298 5.84392 3
      vertex 21.2742 5.92575 0
    endloop
  endfacet
  facet normal -0.827135 -0.562003 -0
    outer loop
      vertex 21.2742 5.92575 3
      vertex 21.2742 5.92575 0
      vertex 21.3298 5.84392 3
    endloop
  endfacet
  facet normal -0.86058 -0.509315 0
    outer loop
      vertex 21.3802 5.75876 0
      vertex 21.3802 5.75876 3
      vertex 21.3298 5.84392 0
    endloop
  endfacet
  facet normal -0.86058 -0.509315 -0
    outer loop
      vertex 21.3298 5.84392 3
      vertex 21.3298 5.84392 0
      vertex 21.3802 5.75876 3
    endloop
  endfacet
  facet normal -0.891108 -0.453791 0
    outer loop
      vertex 21.4251 5.67059 0
      vertex 21.4251 5.67059 3
      vertex 21.3802 5.75876 0
    endloop
  endfacet
  facet normal -0.891108 -0.453791 -0
    outer loop
      vertex 21.3802 5.75876 3
      vertex 21.3802 5.75876 0
      vertex 21.4251 5.67059 3
    endloop
  endfacet
  facet normal -0.917728 -0.39721 0
    outer loop
      vertex 21.4644 5.57979 0
      vertex 21.4644 5.57979 3
      vertex 21.4251 5.67059 0
    endloop
  endfacet
  facet normal -0.917728 -0.39721 -0
    outer loop
      vertex 21.4251 5.67059 3
      vertex 21.4251 5.67059 0
      vertex 21.4644 5.57979 3
    endloop
  endfacet
  facet normal -0.940939 -0.338576 0
    outer loop
      vertex 21.4979 5.48669 0
      vertex 21.4979 5.48669 3
      vertex 21.4644 5.57979 0
    endloop
  endfacet
  facet normal -0.940939 -0.338576 -0
    outer loop
      vertex 21.4644 5.57979 3
      vertex 21.4644 5.57979 0
      vertex 21.4979 5.48669 3
    endloop
  endfacet
  facet normal -0.960302 -0.278964 0
    outer loop
      vertex 21.5255 5.39168 0
      vertex 21.5255 5.39168 3
      vertex 21.4979 5.48669 0
    endloop
  endfacet
  facet normal -0.960302 -0.278964 -0
    outer loop
      vertex 21.4979 5.48669 3
      vertex 21.4979 5.48669 0
      vertex 21.5255 5.39168 3
    endloop
  endfacet
  facet normal -0.975882 -0.2183 0
    outer loop
      vertex 21.5471 5.29512 0
      vertex 21.5471 5.29512 3
      vertex 21.5255 5.39168 0
    endloop
  endfacet
  facet normal -0.975882 -0.2183 -0
    outer loop
      vertex 21.5255 5.39168 3
      vertex 21.5255 5.39168 0
      vertex 21.5471 5.29512 3
    endloop
  endfacet
  facet normal -0.987655 -0.156642 0
    outer loop
      vertex 21.5626 5.19739 0
      vertex 21.5626 5.19739 3
      vertex 21.5471 5.29512 0
    endloop
  endfacet
  facet normal -0.987655 -0.156642 -0
    outer loop
      vertex 21.5471 5.29512 3
      vertex 21.5471 5.29512 0
      vertex 21.5626 5.19739 3
    endloop
  endfacet
  facet normal -0.995572 -0.0939982 0
    outer loop
      vertex 21.5719 5.09889 0
      vertex 21.5719 5.09889 3
      vertex 21.5626 5.19739 0
    endloop
  endfacet
  facet normal -0.995572 -0.0939982 -0
    outer loop
      vertex 21.5626 5.19739 3
      vertex 21.5626 5.19739 0
      vertex 21.5719 5.09889 3
    endloop
  endfacet
  facet normal -0.999509 -0.0313326 0
    outer loop
      vertex 21.575 5 0
      vertex 21.575 5 3
      vertex 21.5719 5.09889 0
    endloop
  endfacet
  facet normal -0.999509 -0.0313326 -0
    outer loop
      vertex 21.5719 5.09889 3
      vertex 21.5719 5.09889 0
      vertex 21.575 5 3
    endloop
  endfacet
  facet normal -0.999509 0.0313262 0
    outer loop
      vertex 21.5719 4.90109 0
      vertex 21.5719 4.90109 3
      vertex 21.575 5 0
    endloop
  endfacet
  facet normal -0.999509 0.0313262 0
    outer loop
      vertex 21.575 5 3
      vertex 21.575 5 0
      vertex 21.5719 4.90109 3
    endloop
  endfacet
  facet normal -0.995571 0.0940077 0
    outer loop
      vertex 21.5626 4.8026 0
      vertex 21.5626 4.8026 3
      vertex 21.5719 4.90109 0
    endloop
  endfacet
  facet normal -0.995571 0.0940077 0
    outer loop
      vertex 21.5719 4.90109 3
      vertex 21.5719 4.90109 0
      vertex 21.5626 4.8026 3
    endloop
  endfacet
  facet normal -0.987658 0.156627 0
    outer loop
      vertex 21.5471 4.70486 0
      vertex 21.5471 4.70486 3
      vertex 21.5626 4.8026 0
    endloop
  endfacet
  facet normal -0.987658 0.156627 0
    outer loop
      vertex 21.5626 4.8026 3
      vertex 21.5626 4.8026 0
      vertex 21.5471 4.70486 3
    endloop
  endfacet
  facet normal -0.975877 0.218322 0
    outer loop
      vertex 21.5255 4.60831 0
      vertex 21.5255 4.60831 3
      vertex 21.5471 4.70486 0
    endloop
  endfacet
  facet normal -0.975877 0.218322 0
    outer loop
      vertex 21.5471 4.70486 3
      vertex 21.5471 4.70486 0
      vertex 21.5255 4.60831 3
    endloop
  endfacet
  facet normal -0.96031 0.278936 0
    outer loop
      vertex 21.4979 4.51329 0
      vertex 21.4979 4.51329 3
      vertex 21.5255 4.60831 0
    endloop
  endfacet
  facet normal -0.96031 0.278936 0
    outer loop
      vertex 21.5255 4.60831 3
      vertex 21.5255 4.60831 0
      vertex 21.4979 4.51329 3
    endloop
  endfacet
  facet normal -0.940927 0.338609 0
    outer loop
      vertex 21.4644 4.4202 0
      vertex 21.4644 4.4202 3
      vertex 21.4979 4.51329 0
    endloop
  endfacet
  facet normal -0.940927 0.338609 0
    outer loop
      vertex 21.4979 4.51329 3
      vertex 21.4979 4.51329 0
      vertex 21.4644 4.4202 3
    endloop
  endfacet
  facet normal -0.917744 0.397173 0
    outer loop
      vertex 21.4251 4.32939 0
      vertex 21.4251 4.32939 3
      vertex 21.4644 4.4202 0
    endloop
  endfacet
  facet normal -0.917744 0.397173 0
    outer loop
      vertex 21.4644 4.4202 3
      vertex 21.4644 4.4202 0
      vertex 21.4251 4.32939 3
    endloop
  endfacet
  facet normal -0.891087 0.453832 0
    outer loop
      vertex 21.3802 4.24123 0
      vertex 21.3802 4.24123 3
      vertex 21.4251 4.32939 0
    endloop
  endfacet
  facet normal -0.891087 0.453832 0
    outer loop
      vertex 21.4251 4.32939 3
      vertex 21.4251 4.32939 0
      vertex 21.3802 4.24123 3
    endloop
  endfacet
  facet normal -0.86058 0.509315 0
    outer loop
      vertex 21.3298 4.15607 0
      vertex 21.3298 4.15607 3
      vertex 21.3802 4.24123 0
    endloop
  endfacet
  facet normal -0.86058 0.509315 0
    outer loop
      vertex 21.3802 4.24123 3
      vertex 21.3802 4.24123 0
      vertex 21.3298 4.15607 3
    endloop
  endfacet
  facet normal -0.827167 0.561956 0
    outer loop
      vertex 21.2742 4.07423 0
      vertex 21.2742 4.07423 3
      vertex 21.3298 4.15607 0
    endloop
  endfacet
  facet normal -0.827167 0.561956 0
    outer loop
      vertex 21.3298 4.15607 3
      vertex 21.3298 4.15607 0
      vertex 21.2742 4.07423 3
    endloop
  endfacet
  facet normal -0.789874 0.613269 0
    outer loop
      vertex 21.2135 3.99605 0
      vertex 21.2135 3.99605 3
      vertex 21.2742 4.07423 0
    endloop
  endfacet
  facet normal -0.789874 0.613269 0
    outer loop
      vertex 21.2742 4.07423 3
      vertex 21.2742 4.07423 0
      vertex 21.2135 3.99605 3
    endloop
  endfacet
  facet normal -0.75028 0.66112 0
    outer loop
      vertex 21.1481 3.92183 0
      vertex 21.1481 3.92183 3
      vertex 21.2135 3.99605 0
    endloop
  endfacet
  facet normal -0.75028 0.66112 0
    outer loop
      vertex 21.2135 3.99605 3
      vertex 21.2135 3.99605 0
      vertex 21.1481 3.92183 3
    endloop
  endfacet
  facet normal -0.70741 0.706803 0
    outer loop
      vertex 21.0782 3.85187 0
      vertex 21.0782 3.85187 3
      vertex 21.1481 3.92183 0
    endloop
  endfacet
  facet normal -0.70741 0.706803 0
    outer loop
      vertex 21.1481 3.92183 3
      vertex 21.1481 3.92183 0
      vertex 21.0782 3.85187 3
    endloop
  endfacet
  facet normal -0.66089 0.750483 0
    outer loop
      vertex 21.0039 3.78644 0
      vertex 21.0039 3.78644 3
      vertex 21.0782 3.85187 0
    endloop
  endfacet
  facet normal -0.66089 0.750483 0
    outer loop
      vertex 21.0782 3.85187 3
      vertex 21.0782 3.85187 0
      vertex 21.0039 3.78644 3
    endloop
  endfacet
  facet normal -0.613408 0.789766 0
    outer loop
      vertex 20.9258 3.72578 0
      vertex 20.9258 3.72578 3
      vertex 21.0039 3.78644 0
    endloop
  endfacet
  facet normal -0.613408 0.789766 0
    outer loop
      vertex 21.0039 3.78644 3
      vertex 21.0039 3.78644 0
      vertex 20.9258 3.72578 3
    endloop
  endfacet
  facet normal -0.561674 0.827358 0
    outer loop
      vertex 20.8439 3.67018 0
      vertex 20.8439 3.67018 3
      vertex 20.9258 3.72578 0
    endloop
  endfacet
  facet normal -0.561674 0.827358 0
    outer loop
      vertex 20.9258 3.72578 3
      vertex 20.9258 3.72578 0
      vertex 20.8439 3.67018 3
    endloop
  endfacet
  facet normal -0.509356 0.860556 0
    outer loop
      vertex 20.7588 3.61981 0
      vertex 20.7588 3.61981 3
      vertex 20.8439 3.67018 0
    endloop
  endfacet
  facet normal -0.509356 0.860556 0
    outer loop
      vertex 20.8439 3.67018 3
      vertex 20.8439 3.67018 0
      vertex 20.7588 3.61981 3
    endloop
  endfacet
  facet normal -0.453829 0.891089 0
    outer loop
      vertex 20.6706 3.57489 0
      vertex 20.6706 3.57489 3
      vertex 20.7588 3.61981 0
    endloop
  endfacet
  facet normal -0.453829 0.891089 0
    outer loop
      vertex 20.7588 3.61981 3
      vertex 20.7588 3.61981 0
      vertex 20.6706 3.57489 3
    endloop
  endfacet
  facet normal -0.397125 0.917764 0
    outer loop
      vertex 20.5798 3.5356 0
      vertex 20.5798 3.5356 3
      vertex 20.6706 3.57489 0
    endloop
  endfacet
  facet normal -0.397125 0.917764 0
    outer loop
      vertex 20.6706 3.57489 3
      vertex 20.6706 3.57489 0
      vertex 20.5798 3.5356 3
    endloop
  endfacet
  facet normal -0.338755 0.940875 0
    outer loop
      vertex 20.4867 3.50208 0
      vertex 20.4867 3.50208 3
      vertex 20.5798 3.5356 0
    endloop
  endfacet
  facet normal -0.338755 0.940875 0
    outer loop
      vertex 20.5798 3.5356 3
      vertex 20.5798 3.5356 0
      vertex 20.4867 3.50208 3
    endloop
  endfacet
  facet normal -0.279084 0.960267 0
    outer loop
      vertex 20.3917 3.47447 0
      vertex 20.3917 3.47447 3
      vertex 20.4867 3.50208 0
    endloop
  endfacet
  facet normal -0.279084 0.960267 0
    outer loop
      vertex 20.4867 3.50208 3
      vertex 20.4867 3.50208 0
      vertex 20.3917 3.47447 3
    endloop
  endfacet
  facet normal -0.217925 0.975965 0
    outer loop
      vertex 20.2951 3.4529 0
      vertex 20.2951 3.4529 3
      vertex 20.3917 3.47447 0
    endloop
  endfacet
  facet normal -0.217925 0.975965 0
    outer loop
      vertex 20.3917 3.47447 3
      vertex 20.3917 3.47447 0
      vertex 20.2951 3.4529 3
    endloop
  endfacet
  facet normal -0.156591 0.987664 0
    outer loop
      vertex 20.1974 3.43741 0
      vertex 20.1974 3.43741 3
      vertex 20.2951 3.4529 0
    endloop
  endfacet
  facet normal -0.156591 0.987664 0
    outer loop
      vertex 20.2951 3.4529 3
      vertex 20.2951 3.4529 0
      vertex 20.1974 3.43741 3
    endloop
  endfacet
  facet normal -0.0940984 0.995563 0
    outer loop
      vertex 20.0989 3.4281 0
      vertex 20.0989 3.4281 3
      vertex 20.1974 3.43741 0
    endloop
  endfacet
  facet normal -0.0940984 0.995563 0
    outer loop
      vertex 20.1974 3.43741 3
      vertex 20.1974 3.43741 0
      vertex 20.0989 3.4281 3
    endloop
  endfacet
  facet normal -0.0314304 0.999506 0
    outer loop
      vertex 20 3.42499 0
      vertex 20 3.42499 3
      vertex 20.0989 3.4281 0
    endloop
  endfacet
  facet normal -0.0314304 0.999506 0
    outer loop
      vertex 20.0989 3.4281 3
      vertex 20.0989 3.4281 0
      vertex 20 3.42499 3
    endloop
  endfacet
  facet normal 0.0314304 0.999506 -0
    outer loop
      vertex 19.9011 3.4281 0
      vertex 19.9011 3.4281 3
      vertex 20 3.42499 0
    endloop
  endfacet
  facet normal 0.0314304 0.999506 0
    outer loop
      vertex 20 3.42499 3
      vertex 20 3.42499 0
      vertex 19.9011 3.4281 3
    endloop
  endfacet
  facet normal 0.0941079 0.995562 -0
    outer loop
      vertex 4.8026 3.43741 0
      vertex 4.8026 3.43741 3
      vertex 4.90109 3.4281 0
    endloop
  endfacet
  facet normal 0.0941079 0.995562 0
    outer loop
      vertex 4.90109 3.4281 3
      vertex 4.90109 3.4281 0
      vertex 4.8026 3.43741 3
    endloop
  endfacet
  facet normal 0.156528 0.987673 -0
    outer loop
      vertex 4.70486 3.4529 0
      vertex 4.70486 3.4529 3
      vertex 4.8026 3.43741 0
    endloop
  endfacet
  facet normal 0.156528 0.987673 0
    outer loop
      vertex 4.8026 3.43741 3
      vertex 4.8026 3.43741 0
      vertex 4.70486 3.4529 3
    endloop
  endfacet
  facet normal 0.218033 0.975941 -0
    outer loop
      vertex 4.60831 3.47447 0
      vertex 4.60831 3.47447 3
      vertex 4.70486 3.4529 0
    endloop
  endfacet
  facet normal 0.218033 0.975941 0
    outer loop
      vertex 4.70486 3.4529 3
      vertex 4.70486 3.4529 0
      vertex 4.60831 3.47447 3
    endloop
  endfacet
  facet normal 0.27903 0.960282 -0
    outer loop
      vertex 4.51329 3.50208 0
      vertex 4.51329 3.50208 3
      vertex 4.60831 3.47447 0
    endloop
  endfacet
  facet normal 0.27903 0.960282 0
    outer loop
      vertex 4.60831 3.47447 3
      vertex 4.60831 3.47447 0
      vertex 4.51329 3.50208 3
    endloop
  endfacet
  facet normal 0.338787 0.940863 -0
    outer loop
      vertex 4.4202 3.5356 0
      vertex 4.4202 3.5356 3
      vertex 4.51329 3.50208 0
    endloop
  endfacet
  facet normal 0.338787 0.940863 0
    outer loop
      vertex 4.51329 3.50208 3
      vertex 4.51329 3.50208 0
      vertex 4.4202 3.5356 3
    endloop
  endfacet
  facet normal 0.397088 0.91778 -0
    outer loop
      vertex 4.32939 3.57489 0
      vertex 4.32939 3.57489 3
      vertex 4.4202 3.5356 0
    endloop
  endfacet
  facet normal 0.397088 0.91778 0
    outer loop
      vertex 4.4202 3.5356 3
      vertex 4.4202 3.5356 0
      vertex 4.32939 3.57489 3
    endloop
  endfacet
  facet normal 0.453992 0.891006 -0
    outer loop
      vertex 4.24123 3.61981 0
      vertex 4.24123 3.61981 3
      vertex 4.32939 3.57489 0
    endloop
  endfacet
  facet normal 0.453992 0.891006 0
    outer loop
      vertex 4.32939 3.57489 3
      vertex 4.32939 3.57489 0
      vertex 4.24123 3.61981 3
    endloop
  endfacet
  facet normal 0.50909 0.860713 -0
    outer loop
      vertex 4.15607 3.67018 0
      vertex 4.15607 3.67018 3
      vertex 4.24123 3.61981 0
    endloop
  endfacet
  facet normal 0.50909 0.860713 0
    outer loop
      vertex 4.24123 3.61981 3
      vertex 4.24123 3.61981 0
      vertex 4.15607 3.67018 3
    endloop
  endfacet
  facet normal 0.561956 0.827167 -0
    outer loop
      vertex 4.07423 3.72578 0
      vertex 4.07423 3.72578 3
      vertex 4.15607 3.67018 0
    endloop
  endfacet
  facet normal 0.561956 0.827167 0
    outer loop
      vertex 4.15607 3.67018 3
      vertex 4.15607 3.67018 0
      vertex 4.07423 3.72578 3
    endloop
  endfacet
  facet normal 0.613017 0.79007 -0
    outer loop
      vertex 3.99605 3.78644 0
      vertex 3.99605 3.78644 3
      vertex 4.07423 3.72578 0
    endloop
  endfacet
  facet normal 0.613017 0.79007 0
    outer loop
      vertex 4.07423 3.72578 3
      vertex 4.07423 3.72578 0
      vertex 3.99605 3.78644 3
    endloop
  endfacet
  facet normal 0.661291 0.75013 -0
    outer loop
      vertex 3.92183 3.85187 0
      vertex 3.92183 3.85187 3
      vertex 3.99605 3.78644 0
    endloop
  endfacet
  facet normal 0.661291 0.75013 0
    outer loop
      vertex 3.99605 3.78644 3
      vertex 3.99605 3.78644 0
      vertex 3.92183 3.85187 3
    endloop
  endfacet
  facet normal 0.707107 0.707107 -0
    outer loop
      vertex 3.85187 3.92183 0
      vertex 3.85187 3.92183 3
      vertex 3.92183 3.85187 0
    endloop
  endfacet
  facet normal 0.707107 0.707107 0
    outer loop
      vertex 3.92183 3.85187 3
      vertex 3.92183 3.85187 0
      vertex 3.85187 3.92183 3
    endloop
  endfacet
  facet normal 0.75013 0.661291 -0
    outer loop
      vertex 3.78644 3.99605 0
      vertex 3.78644 3.99605 3
      vertex 3.85187 3.92183 0
    endloop
  endfacet
  facet normal 0.75013 0.661291 0
    outer loop
      vertex 3.85187 3.92183 3
      vertex 3.85187 3.92183 0
      vertex 3.78644 3.99605 3
    endloop
  endfacet
  facet normal 0.79007 0.613017 -0
    outer loop
      vertex 3.72578 4.07423 0
      vertex 3.72578 4.07423 3
      vertex 3.78644 3.99605 0
    endloop
  endfacet
  facet normal 0.79007 0.613017 0
    outer loop
      vertex 3.78644 3.99605 3
      vertex 3.78644 3.99605 0
      vertex 3.72578 4.07423 3
    endloop
  endfacet
  facet normal 0.827167 0.561956 -0
    outer loop
      vertex 3.67018 4.15607 0
      vertex 3.67018 4.15607 3
      vertex 3.72578 4.07423 0
    endloop
  endfacet
  facet normal 0.827167 0.561956 0
    outer loop
      vertex 3.72578 4.07423 3
      vertex 3.72578 4.07423 0
      vertex 3.67018 4.15607 3
    endloop
  endfacet
  facet normal 0.860713 0.50909 -0
    outer loop
      vertex 3.61981 4.24123 0
      vertex 3.61981 4.24123 3
      vertex 3.67018 4.15607 0
    endloop
  endfacet
  facet normal 0.860713 0.50909 0
    outer loop
      vertex 3.67018 4.15607 3
      vertex 3.67018 4.15607 0
      vertex 3.61981 4.24123 3
    endloop
  endfacet
  facet normal 0.891006 0.453992 -0
    outer loop
      vertex 3.57489 4.32939 0
      vertex 3.57489 4.32939 3
      vertex 3.61981 4.24123 0
    endloop
  endfacet
  facet normal 0.891006 0.453992 0
    outer loop
      vertex 3.61981 4.24123 3
      vertex 3.61981 4.24123 0
      vertex 3.57489 4.32939 3
    endloop
  endfacet
  facet normal 0.91778 0.397088 -0
    outer loop
      vertex 3.5356 4.4202 0
      vertex 3.5356 4.4202 3
      vertex 3.57489 4.32939 0
    endloop
  endfacet
  facet normal 0.91778 0.397088 0
    outer loop
      vertex 3.57489 4.32939 3
      vertex 3.57489 4.32939 0
      vertex 3.5356 4.4202 3
    endloop
  endfacet
  facet normal 0.940863 0.338787 -0
    outer loop
      vertex 3.50208 4.51329 0
      vertex 3.50208 4.51329 3
      vertex 3.5356 4.4202 0
    endloop
  endfacet
  facet normal 0.940863 0.338787 0
    outer loop
      vertex 3.5356 4.4202 3
      vertex 3.5356 4.4202 0
      vertex 3.50208 4.51329 3
    endloop
  endfacet
  facet normal 0.960282 0.27903 -0
    outer loop
      vertex 3.47447 4.60831 0
      vertex 3.47447 4.60831 3
      vertex 3.50208 4.51329 0
    endloop
  endfacet
  facet normal 0.960282 0.27903 0
    outer loop
      vertex 3.50208 4.51329 3
      vertex 3.50208 4.51329 0
      vertex 3.47447 4.60831 3
    endloop
  endfacet
  facet normal 0.975941 0.218033 -0
    outer loop
      vertex 3.4529 4.70486 0
      vertex 3.4529 4.70486 3
      vertex 3.47447 4.60831 0
    endloop
  endfacet
  facet normal 0.975941 0.218033 0
    outer loop
      vertex 3.47447 4.60831 3
      vertex 3.47447 4.60831 0
      vertex 3.4529 4.70486 3
    endloop
  endfacet
  facet normal 0.987673 0.156528 -0
    outer loop
      vertex 3.43741 4.8026 0
      vertex 3.43741 4.8026 3
      vertex 3.4529 4.70486 0
    endloop
  endfacet
  facet normal 0.987673 0.156528 0
    outer loop
      vertex 3.4529 4.70486 3
      vertex 3.4529 4.70486 0
      vertex 3.43741 4.8026 3
    endloop
  endfacet
  facet normal 0.995562 0.0941079 -0
    outer loop
      vertex 3.4281 4.90109 0
      vertex 3.4281 4.90109 3
      vertex 3.43741 4.8026 0
    endloop
  endfacet
  facet normal 0.995562 0.0941079 0
    outer loop
      vertex 3.43741 4.8026 3
      vertex 3.43741 4.8026 0
      vertex 3.4281 4.90109 3
    endloop
  endfacet
  facet normal 0.999506 0.0314272 -0
    outer loop
      vertex 3.42499 5 0
      vertex 3.42499 5 3
      vertex 3.4281 4.90109 0
    endloop
  endfacet
  facet normal 0.999506 0.0314272 0
    outer loop
      vertex 3.4281 4.90109 3
      vertex 3.4281 4.90109 0
      vertex 3.42499 5 3
    endloop
  endfacet
  facet normal 0.999506 -0.0314335 0
    outer loop
      vertex 3.4281 5.09889 0
      vertex 3.4281 5.09889 3
      vertex 3.42499 5 0
    endloop
  endfacet
  facet normal 0.999506 -0.0314335 0
    outer loop
      vertex 3.42499 5 3
      vertex 3.42499 5 0
      vertex 3.4281 5.09889 3
    endloop
  endfacet
  facet normal 0.995563 -0.0940984 0
    outer loop
      vertex 3.43741 5.19739 0
      vertex 3.43741 5.19739 3
      vertex 3.4281 5.09889 0
    endloop
  endfacet
  facet normal 0.995563 -0.0940984 0
    outer loop
      vertex 3.4281 5.09889 3
      vertex 3.4281 5.09889 0
      vertex 3.43741 5.19739 3
    endloop
  endfacet
  facet normal 0.987671 -0.156544 0
    outer loop
      vertex 3.4529 5.29512 0
      vertex 3.4529 5.29512 3
      vertex 3.43741 5.19739 0
    endloop
  endfacet
  facet normal 0.987671 -0.156544 0
    outer loop
      vertex 3.43741 5.19739 3
      vertex 3.43741 5.19739 0
      vertex 3.4529 5.29512 3
    endloop
  endfacet
  facet normal 0.975946 -0.218011 0
    outer loop
      vertex 3.47447 5.39168 0
      vertex 3.47447 5.39168 3
      vertex 3.4529 5.29512 0
    endloop
  endfacet
  facet normal 0.975946 -0.218011 0
    outer loop
      vertex 3.4529 5.29512 3
      vertex 3.4529 5.29512 0
      vertex 3.47447 5.39168 3
    endloop
  endfacet
  facet normal 0.960275 -0.279057 0
    outer loop
      vertex 3.50208 5.48669 0
      vertex 3.50208 5.48669 3
      vertex 3.47447 5.39168 0
    endloop
  endfacet
  facet normal 0.960275 -0.279057 0
    outer loop
      vertex 3.47447 5.39168 3
      vertex 3.47447 5.39168 0
      vertex 3.50208 5.48669 3
    endloop
  endfacet
  facet normal 0.940875 -0.338755 0
    outer loop
      vertex 3.5356 5.57979 0
      vertex 3.5356 5.57979 3
      vertex 3.50208 5.48669 0
    endloop
  endfacet
  facet normal 0.940875 -0.338755 0
    outer loop
      vertex 3.50208 5.48669 3
      vertex 3.50208 5.48669 0
      vertex 3.5356 5.57979 3
    endloop
  endfacet
  facet normal 0.917764 -0.397125 0
    outer loop
      vertex 3.57489 5.67059 0
      vertex 3.57489 5.67059 3
      vertex 3.5356 5.57979 0
    endloop
  endfacet
  facet normal 0.917764 -0.397125 0
    outer loop
      vertex 3.5356 5.57979 3
      vertex 3.5356 5.57979 0
      vertex 3.57489 5.67059 3
    endloop
  endfacet
  facet normal 0.891026 -0.453952 0
    outer loop
      vertex 3.61981 5.75876 0
      vertex 3.61981 5.75876 3
      vertex 3.57489 5.67059 0
    endloop
  endfacet
  facet normal 0.891026 -0.453952 0
    outer loop
      vertex 3.57489 5.67059 3
      vertex 3.57489 5.67059 0
      vertex 3.61981 5.75876 3
    endloop
  endfacet
  facet normal 0.860713 -0.50909 0
    outer loop
      vertex 3.67018 5.84392 0
      vertex 3.67018 5.84392 3
      vertex 3.61981 5.75876 0
    endloop
  endfacet
  facet normal 0.860713 -0.50909 0
    outer loop
      vertex 3.61981 5.75876 3
      vertex 3.61981 5.75876 0
      vertex 3.67018 5.84392 3
    endloop
  endfacet
  facet normal 0.827135 -0.562003 0
    outer loop
      vertex 3.72578 5.92575 0
      vertex 3.72578 5.92575 3
      vertex 3.67018 5.84392 0
    endloop
  endfacet
  facet normal 0.827135 -0.562003 0
    outer loop
      vertex 3.67018 5.84392 3
      vertex 3.67018 5.84392 0
      vertex 3.72578 5.92575 3
    endloop
  endfacet
  facet normal 0.790108 -0.612968 0
    outer loop
      vertex 3.78644 6.00394 0
      vertex 3.78644 6.00394 3
      vertex 3.72578 5.92575 0
    endloop
  endfacet
  facet normal 0.790108 -0.612968 0
    outer loop
      vertex 3.72578 5.92575 3
      vertex 3.72578 5.92575 0
      vertex 3.78644 6.00394 3
    endloop
  endfacet
  facet normal 0.75013 -0.661291 0
    outer loop
      vertex 3.85187 6.07816 0
      vertex 3.85187 6.07816 3
      vertex 3.78644 6.00394 0
    endloop
  endfacet
  facet normal 0.75013 -0.661291 0
    outer loop
      vertex 3.78644 6.00394 3
      vertex 3.78644 6.00394 0
      vertex 3.85187 6.07816 3
    endloop
  endfacet
  facet normal 0.707107 -0.707107 0
    outer loop
      vertex 3.92183 6.14812 0
      vertex 3.92183 6.14812 3
      vertex 3.85187 6.07816 0
    endloop
  endfacet
  facet normal 0.707107 -0.707107 0
    outer loop
      vertex 3.85187 6.07816 3
      vertex 3.85187 6.07816 0
      vertex 3.92183 6.14812 3
    endloop
  endfacet
  facet normal 0.661291 -0.75013 0
    outer loop
      vertex 3.99605 6.21355 0
      vertex 3.99605 6.21355 3
      vertex 3.92183 6.14812 0
    endloop
  endfacet
  facet normal 0.661291 -0.75013 0
    outer loop
      vertex 3.92183 6.14812 3
      vertex 3.92183 6.14812 0
      vertex 3.99605 6.21355 3
    endloop
  endfacet
  facet normal 0.612954 -0.790119 0
    outer loop
      vertex 4.07423 6.2742 0
      vertex 4.07423 6.2742 3
      vertex 3.99605 6.21355 0
    endloop
  endfacet
  facet normal 0.612954 -0.790119 0
    outer loop
      vertex 3.99605 6.21355 3
      vertex 3.99605 6.21355 0
      vertex 4.07423 6.2742 3
    endloop
  endfacet
  facet normal 0.561956 -0.827167 0
    outer loop
      vertex 4.15607 6.3298 0
      vertex 4.15607 6.3298 3
      vertex 4.07423 6.2742 0
    endloop
  endfacet
  facet normal 0.561956 -0.827167 0
    outer loop
      vertex 4.07423 6.2742 3
      vertex 4.07423 6.2742 0
      vertex 4.15607 6.3298 3
    endloop
  endfacet
  facet normal 0.50909 -0.860713 0
    outer loop
      vertex 4.24123 6.38017 0
      vertex 4.24123 6.38017 3
      vertex 4.15607 6.3298 0
    endloop
  endfacet
  facet normal 0.50909 -0.860713 0
    outer loop
      vertex 4.15607 6.3298 3
      vertex 4.15607 6.3298 0
      vertex 4.24123 6.38017 3
    endloop
  endfacet
  facet normal 0.453992 -0.891006 0
    outer loop
      vertex 4.32939 6.42509 0
      vertex 4.32939 6.42509 3
      vertex 4.24123 6.38017 0
    endloop
  endfacet
  facet normal 0.453992 -0.891006 0
    outer loop
      vertex 4.24123 6.38017 3
      vertex 4.24123 6.38017 0
      vertex 4.32939 6.42509 3
    endloop
  endfacet
  facet normal 0.397173 -0.917744 0
    outer loop
      vertex 4.4202 6.46439 0
      vertex 4.4202 6.46439 3
      vertex 4.32939 6.42509 0
    endloop
  endfacet
  facet normal 0.397173 -0.917744 0
    outer loop
      vertex 4.32939 6.42509 3
      vertex 4.32939 6.42509 0
      vertex 4.4202 6.46439 3
    endloop
  endfacet
  facet normal 0.338787 -0.940863 0
    outer loop
      vertex 4.51329 6.49791 0
      vertex 4.51329 6.49791 3
      vertex 4.4202 6.46439 0
    endloop
  endfacet
  facet normal 0.338787 -0.940863 0
    outer loop
      vertex 4.4202 6.46439 3
      vertex 4.4202 6.46439 0
      vertex 4.51329 6.49791 3
    endloop
  endfacet
  facet normal 0.278936 -0.96031 0
    outer loop
      vertex 4.60831 6.52551 0
      vertex 4.60831 6.52551 3
      vertex 4.51329 6.49791 0
    endloop
  endfacet
  facet normal 0.278936 -0.96031 0
    outer loop
      vertex 4.51329 6.49791 3
      vertex 4.51329 6.49791 0
      vertex 4.60831 6.52551 3
    endloop
  endfacet
  facet normal 0.218129 -0.97592 0
    outer loop
      vertex 4.70486 6.54709 0
      vertex 4.70486 6.54709 3
      vertex 4.60831 6.52551 0
    endloop
  endfacet
  facet normal 0.218129 -0.97592 0
    outer loop
      vertex 4.60831 6.52551 3
      vertex 4.60831 6.52551 0
      vertex 4.70486 6.54709 3
    endloop
  endfacet
  facet normal 0.156528 -0.987673 0
    outer loop
      vertex 4.8026 6.56258 0
      vertex 4.8026 6.56258 3
      vertex 4.70486 6.54709 0
    endloop
  endfacet
  facet normal 0.156528 -0.987673 0
    outer loop
      vertex 4.70486 6.54709 3
      vertex 4.70486 6.54709 0
      vertex 4.8026 6.56258 3
    endloop
  endfacet
  facet normal 0.0940077 -0.995571 0
    outer loop
      vertex 4.90109 6.57188 0
      vertex 4.90109 6.57188 3
      vertex 4.8026 6.56258 0
    endloop
  endfacet
  facet normal 0.0940077 -0.995571 0
    outer loop
      vertex 4.8026 6.56258 3
      vertex 4.8026 6.56258 0
      vertex 4.90109 6.57188 3
    endloop
  endfacet
  facet normal 0.0315281 -0.999503 0
    outer loop
      vertex 5 6.575 0
      vertex 5 6.575 3
      vertex 4.90109 6.57188 0
    endloop
  endfacet
  facet normal 0.0315281 -0.999503 0
    outer loop
      vertex 4.90109 6.57188 3
      vertex 4.90109 6.57188 0
      vertex 5 6.575 3
    endloop
  endfacet
  facet normal -0.0315345 -0.999503 0
    outer loop
      vertex 5.09889 6.57188 0
      vertex 5.09889 6.57188 3
      vertex 5 6.575 0
    endloop
  endfacet
  facet normal -0.0315345 -0.999503 -0
    outer loop
      vertex 5 6.575 3
      vertex 5 6.575 0
      vertex 5.09889 6.57188 3
    endloop
  endfacet
  facet normal -0.0939982 -0.995572 0
    outer loop
      vertex 5.19739 6.56258 0
      vertex 5.19739 6.56258 3
      vertex 5.09889 6.57188 0
    endloop
  endfacet
  facet normal -0.0939982 -0.995572 -0
    outer loop
      vertex 5.09889 6.57188 3
      vertex 5.09889 6.57188 0
      vertex 5.19739 6.56258 3
    endloop
  endfacet
  facet normal -0.156544 -0.987671 0
    outer loop
      vertex 5.29512 6.54709 0
      vertex 5.29512 6.54709 3
      vertex 5.19739 6.56258 0
    endloop
  endfacet
  facet normal -0.156544 -0.987671 -0
    outer loop
      vertex 5.19739 6.56258 3
      vertex 5.19739 6.56258 0
      vertex 5.29512 6.54709 3
    endloop
  endfacet
  facet normal -0.218107 -0.975925 0
    outer loop
      vertex 5.39168 6.52551 0
      vertex 5.39168 6.52551 3
      vertex 5.29512 6.54709 0
    endloop
  endfacet
  facet normal -0.218107 -0.975925 -0
    outer loop
      vertex 5.29512 6.54709 3
      vertex 5.29512 6.54709 0
      vertex 5.39168 6.52551 3
    endloop
  endfacet
  facet normal -0.278964 -0.960302 0
    outer loop
      vertex 5.48669 6.49791 0
      vertex 5.48669 6.49791 3
      vertex 5.39168 6.52551 0
    endloop
  endfacet
  facet normal -0.278964 -0.960302 -0
    outer loop
      vertex 5.39168 6.52551 3
      vertex 5.39168 6.52551 0
      vertex 5.48669 6.49791 3
    endloop
  endfacet
  facet normal -0.338755 -0.940875 0
    outer loop
      vertex 5.57979 6.46439 0
      vertex 5.57979 6.46439 3
      vertex 5.48669 6.49791 0
    endloop
  endfacet
  facet normal -0.338755 -0.940875 -0
    outer loop
      vertex 5.48669 6.49791 3
      vertex 5.48669 6.49791 0
      vertex 5.57979 6.46439 3
    endloop
  endfacet
  facet normal -0.39721 -0.917728 0
    outer loop
      vertex 5.67059 6.42509 0
      vertex 5.67059 6.42509 3
      vertex 5.57979 6.46439 0
    endloop
  endfacet
  facet normal -0.39721 -0.917728 -0
    outer loop
      vertex 5.57979 6.46439 3
      vertex 5.57979 6.46439 0
      vertex 5.67059 6.42509 3
    endloop
  endfacet
  facet normal -0.453952 -0.891026 0
    outer loop
      vertex 5.75876 6.38017 0
      vertex 5.75876 6.38017 3
      vertex 5.67059 6.42509 0
    endloop
  endfacet
  facet normal -0.453952 -0.891026 -0
    outer loop
      vertex 5.67059 6.42509 3
      vertex 5.67059 6.42509 0
      vertex 5.75876 6.38017 3
    endloop
  endfacet
  facet normal -0.50909 -0.860713 0
    outer loop
      vertex 5.84392 6.3298 0
      vertex 5.84392 6.3298 3
      vertex 5.75876 6.38017 0
    endloop
  endfacet
  facet normal -0.50909 -0.860713 -0
    outer loop
      vertex 5.75876 6.38017 3
      vertex 5.75876 6.38017 0
      vertex 5.84392 6.3298 3
    endloop
  endfacet
  facet normal -0.562003 -0.827135 0
    outer loop
      vertex 5.92575 6.2742 0
      vertex 5.92575 6.2742 3
      vertex 5.84392 6.3298 0
    endloop
  endfacet
  facet normal -0.562003 -0.827135 -0
    outer loop
      vertex 5.84392 6.3298 3
      vertex 5.84392 6.3298 0
      vertex 5.92575 6.2742 3
    endloop
  endfacet
  facet normal -0.612905 -0.790157 0
    outer loop
      vertex 6.00394 6.21355 0
      vertex 6.00394 6.21355 3
      vertex 5.92575 6.2742 0
    endloop
  endfacet
  facet normal -0.612905 -0.790157 -0
    outer loop
      vertex 5.92575 6.2742 3
      vertex 5.92575 6.2742 0
      vertex 6.00394 6.21355 3
    endloop
  endfacet
  facet normal -0.661291 -0.75013 0
    outer loop
      vertex 6.07816 6.14812 0
      vertex 6.07816 6.14812 3
      vertex 6.00394 6.21355 0
    endloop
  endfacet
  facet normal -0.661291 -0.75013 -0
    outer loop
      vertex 6.00394 6.21355 3
      vertex 6.00394 6.21355 0
      vertex 6.07816 6.14812 3
    endloop
  endfacet
  facet normal -0.707107 -0.707107 0
    outer loop
      vertex 6.14812 6.07816 0
      vertex 6.14812 6.07816 3
      vertex 6.07816 6.14812 0
    endloop
  endfacet
  facet normal -0.707107 -0.707107 -0
    outer loop
      vertex 6.07816 6.14812 3
      vertex 6.07816 6.14812 0
      vertex 6.14812 6.07816 3
    endloop
  endfacet
  facet normal -0.75013 -0.661291 0
    outer loop
      vertex 6.21355 6.00394 0
      vertex 6.21355 6.00394 3
      vertex 6.14812 6.07816 0
    endloop
  endfacet
  facet normal -0.75013 -0.661291 -0
    outer loop
      vertex 6.14812 6.07816 3
      vertex 6.14812 6.07816 0
      vertex 6.21355 6.00394 3
    endloop
  endfacet
  facet normal -0.790157 -0.612905 0
    outer loop
      vertex 6.2742 5.92575 0
      vertex 6.2742 5.92575 3
      vertex 6.21355 6.00394 0
    endloop
  endfacet
  facet normal -0.790157 -0.612905 -0
    outer loop
      vertex 6.21355 6.00394 3
      vertex 6.21355 6.00394 0
      vertex 6.2742 5.92575 3
    endloop
  endfacet
  facet normal -0.827135 -0.562003 0
    outer loop
      vertex 6.3298 5.84392 0
      vertex 6.3298 5.84392 3
      vertex 6.2742 5.92575 0
    endloop
  endfacet
  facet normal -0.827135 -0.562003 -0
    outer loop
      vertex 6.2742 5.92575 3
      vertex 6.2742 5.92575 0
      vertex 6.3298 5.84392 3
    endloop
  endfacet
  facet normal -0.860713 -0.50909 0
    outer loop
      vertex 6.38017 5.75876 0
      vertex 6.38017 5.75876 3
      vertex 6.3298 5.84392 0
    endloop
  endfacet
  facet normal -0.860713 -0.50909 -0
    outer loop
      vertex 6.3298 5.84392 3
      vertex 6.3298 5.84392 0
      vertex 6.38017 5.75876 3
    endloop
  endfacet
  facet normal -0.891026 -0.453952 0
    outer loop
      vertex 6.42509 5.67059 0
      vertex 6.42509 5.67059 3
      vertex 6.38017 5.75876 0
    endloop
  endfacet
  facet normal -0.891026 -0.453952 -0
    outer loop
      vertex 6.38017 5.75876 3
      vertex 6.38017 5.75876 0
      vertex 6.42509 5.67059 3
    endloop
  endfacet
  facet normal -0.917728 -0.39721 0
    outer loop
      vertex 6.46439 5.57979 0
      vertex 6.46439 5.57979 3
      vertex 6.42509 5.67059 0
    endloop
  endfacet
  facet normal -0.917728 -0.39721 -0
    outer loop
      vertex 6.42509 5.67059 3
      vertex 6.42509 5.67059 0
      vertex 6.46439 5.57979 3
    endloop
  endfacet
  facet normal -0.940875 -0.338755 0
    outer loop
      vertex 6.49791 5.48669 0
      vertex 6.49791 5.48669 3
      vertex 6.46439 5.57979 0
    endloop
  endfacet
  facet normal -0.940875 -0.338755 -0
    outer loop
      vertex 6.46439 5.57979 3
      vertex 6.46439 5.57979 0
      vertex 6.49791 5.48669 3
    endloop
  endfacet
  facet normal -0.960302 -0.278964 0
    outer loop
      vertex 6.52551 5.39168 0
      vertex 6.52551 5.39168 3
      vertex 6.49791 5.48669 0
    endloop
  endfacet
  facet normal -0.960302 -0.278964 -0
    outer loop
      vertex 6.49791 5.48669 3
      vertex 6.49791 5.48669 0
      vertex 6.52551 5.39168 3
    endloop
  endfacet
  facet normal -0.975925 -0.218107 0
    outer loop
      vertex 6.54709 5.29512 0
      vertex 6.54709 5.29512 3
      vertex 6.52551 5.39168 0
    endloop
  endfacet
  facet normal -0.975925 -0.218107 -0
    outer loop
      vertex 6.52551 5.39168 3
      vertex 6.52551 5.39168 0
      vertex 6.54709 5.29512 3
    endloop
  endfacet
  facet normal -0.987671 -0.156544 0
    outer loop
      vertex 6.56258 5.19739 0
      vertex 6.56258 5.19739 3
      vertex 6.54709 5.29512 0
    endloop
  endfacet
  facet normal -0.987671 -0.156544 -0
    outer loop
      vertex 6.54709 5.29512 3
      vertex 6.54709 5.29512 0
      vertex 6.56258 5.19739 3
    endloop
  endfacet
  facet normal -0.995572 -0.0939982 0
    outer loop
      vertex 6.57188 5.09889 0
      vertex 6.57188 5.09889 3
      vertex 6.56258 5.19739 0
    endloop
  endfacet
  facet normal -0.995572 -0.0939982 -0
    outer loop
      vertex 6.56258 5.19739 3
      vertex 6.56258 5.19739 0
      vertex 6.57188 5.09889 3
    endloop
  endfacet
  facet normal -0.999503 -0.0315345 0
    outer loop
      vertex 6.575 5 0
      vertex 6.575 5 3
      vertex 6.57188 5.09889 0
    endloop
  endfacet
  facet normal -0.999503 -0.0315345 -0
    outer loop
      vertex 6.57188 5.09889 3
      vertex 6.57188 5.09889 0
      vertex 6.575 5 3
    endloop
  endfacet
  facet normal -0.999503 0.0315281 0
    outer loop
      vertex 6.57188 4.90109 0
      vertex 6.57188 4.90109 3
      vertex 6.575 5 0
    endloop
  endfacet
  facet normal -0.999503 0.0315281 0
    outer loop
      vertex 6.575 5 3
      vertex 6.575 5 0
      vertex 6.57188 4.90109 3
    endloop
  endfacet
  facet normal -0.995571 0.0940077 0
    outer loop
      vertex 6.56258 4.8026 0
      vertex 6.56258 4.8026 3
      vertex 6.57188 4.90109 0
    endloop
  endfacet
  facet normal -0.995571 0.0940077 0
    outer loop
      vertex 6.57188 4.90109 3
      vertex 6.57188 4.90109 0
      vertex 6.56258 4.8026 3
    endloop
  endfacet
  facet normal -0.987673 0.156528 0
    outer loop
      vertex 6.54709 4.70486 0
      vertex 6.54709 4.70486 3
      vertex 6.56258 4.8026 0
    endloop
  endfacet
  facet normal -0.987673 0.156528 0
    outer loop
      vertex 6.56258 4.8026 3
      vertex 6.56258 4.8026 0
      vertex 6.54709 4.70486 3
    endloop
  endfacet
  facet normal -0.97592 0.218129 0
    outer loop
      vertex 6.52551 4.60831 0
      vertex 6.52551 4.60831 3
      vertex 6.54709 4.70486 0
    endloop
  endfacet
  facet normal -0.97592 0.218129 0
    outer loop
      vertex 6.54709 4.70486 3
      vertex 6.54709 4.70486 0
      vertex 6.52551 4.60831 3
    endloop
  endfacet
  facet normal -0.96031 0.278936 0
    outer loop
      vertex 6.49791 4.51329 0
      vertex 6.49791 4.51329 3
      vertex 6.52551 4.60831 0
    endloop
  endfacet
  facet normal -0.96031 0.278936 0
    outer loop
      vertex 6.52551 4.60831 3
      vertex 6.52551 4.60831 0
      vertex 6.49791 4.51329 3
    endloop
  endfacet
  facet normal -0.940863 0.338787 0
    outer loop
      vertex 6.46439 4.4202 0
      vertex 6.46439 4.4202 3
      vertex 6.49791 4.51329 0
    endloop
  endfacet
  facet normal -0.940863 0.338787 0
    outer loop
      vertex 6.49791 4.51329 3
      vertex 6.49791 4.51329 0
      vertex 6.46439 4.4202 3
    endloop
  endfacet
  facet normal -0.917744 0.397173 0
    outer loop
      vertex 6.42509 4.32939 0
      vertex 6.42509 4.32939 3
      vertex 6.46439 4.4202 0
    endloop
  endfacet
  facet normal -0.917744 0.397173 0
    outer loop
      vertex 6.46439 4.4202 3
      vertex 6.46439 4.4202 0
      vertex 6.42509 4.32939 3
    endloop
  endfacet
  facet normal -0.891006 0.453992 0
    outer loop
      vertex 6.38017 4.24123 0
      vertex 6.38017 4.24123 3
      vertex 6.42509 4.32939 0
    endloop
  endfacet
  facet normal -0.891006 0.453992 0
    outer loop
      vertex 6.42509 4.32939 3
      vertex 6.42509 4.32939 0
      vertex 6.38017 4.24123 3
    endloop
  endfacet
  facet normal -0.860713 0.50909 0
    outer loop
      vertex 6.3298 4.15607 0
      vertex 6.3298 4.15607 3
      vertex 6.38017 4.24123 0
    endloop
  endfacet
  facet normal -0.860713 0.50909 0
    outer loop
      vertex 6.38017 4.24123 3
      vertex 6.38017 4.24123 0
      vertex 6.3298 4.15607 3
    endloop
  endfacet
  facet normal -0.827167 0.561956 0
    outer loop
      vertex 6.2742 4.07423 0
      vertex 6.2742 4.07423 3
      vertex 6.3298 4.15607 0
    endloop
  endfacet
  facet normal -0.827167 0.561956 0
    outer loop
      vertex 6.3298 4.15607 3
      vertex 6.3298 4.15607 0
      vertex 6.2742 4.07423 3
    endloop
  endfacet
  facet normal -0.790119 0.612954 0
    outer loop
      vertex 6.21355 3.99605 0
      vertex 6.21355 3.99605 3
      vertex 6.2742 4.07423 0
    endloop
  endfacet
  facet normal -0.790119 0.612954 0
    outer loop
      vertex 6.2742 4.07423 3
      vertex 6.2742 4.07423 0
      vertex 6.21355 3.99605 3
    endloop
  endfacet
  facet normal -0.75013 0.661291 0
    outer loop
      vertex 6.14812 3.92183 0
      vertex 6.14812 3.92183 3
      vertex 6.21355 3.99605 0
    endloop
  endfacet
  facet normal -0.75013 0.661291 0
    outer loop
      vertex 6.21355 3.99605 3
      vertex 6.21355 3.99605 0
      vertex 6.14812 3.92183 3
    endloop
  endfacet
  facet normal -0.707107 0.707107 0
    outer loop
      vertex 6.07816 3.85187 0
      vertex 6.07816 3.85187 3
      vertex 6.14812 3.92183 0
    endloop
  endfacet
  facet normal -0.707107 0.707107 0
    outer loop
      vertex 6.14812 3.92183 3
      vertex 6.14812 3.92183 0
      vertex 6.07816 3.85187 3
    endloop
  endfacet
  facet normal -0.661291 0.75013 0
    outer loop
      vertex 6.00394 3.78644 0
      vertex 6.00394 3.78644 3
      vertex 6.07816 3.85187 0
    endloop
  endfacet
  facet normal -0.661291 0.75013 0
    outer loop
      vertex 6.07816 3.85187 3
      vertex 6.07816 3.85187 0
      vertex 6.00394 3.78644 3
    endloop
  endfacet
  facet normal -0.612968 0.790108 0
    outer loop
      vertex 5.92575 3.72578 0
      vertex 5.92575 3.72578 3
      vertex 6.00394 3.78644 0
    endloop
  endfacet
  facet normal -0.612968 0.790108 0
    outer loop
      vertex 6.00394 3.78644 3
      vertex 6.00394 3.78644 0
      vertex 5.92575 3.72578 3
    endloop
  endfacet
  facet normal -0.562003 0.827135 0
    outer loop
      vertex 5.84392 3.67018 0
      vertex 5.84392 3.67018 3
      vertex 5.92575 3.72578 0
    endloop
  endfacet
  facet normal -0.562003 0.827135 0
    outer loop
      vertex 5.92575 3.72578 3
      vertex 5.92575 3.72578 0
      vertex 5.84392 3.67018 3
    endloop
  endfacet
  facet normal -0.50909 0.860713 0
    outer loop
      vertex 5.75876 3.61981 0
      vertex 5.75876 3.61981 3
      vertex 5.84392 3.67018 0
    endloop
  endfacet
  facet normal -0.50909 0.860713 0
    outer loop
      vertex 5.84392 3.67018 3
      vertex 5.84392 3.67018 0
      vertex 5.75876 3.61981 3
    endloop
  endfacet
  facet normal -0.453952 0.891026 0
    outer loop
      vertex 5.67059 3.57489 0
      vertex 5.67059 3.57489 3
      vertex 5.75876 3.61981 0
    endloop
  endfacet
  facet normal -0.453952 0.891026 0
    outer loop
      vertex 5.75876 3.61981 3
      vertex 5.75876 3.61981 0
      vertex 5.67059 3.57489 3
    endloop
  endfacet
  facet normal -0.397125 0.917764 0
    outer loop
      vertex 5.57979 3.5356 0
      vertex 5.57979 3.5356 3
      vertex 5.67059 3.57489 0
    endloop
  endfacet
  facet normal -0.397125 0.917764 0
    outer loop
      vertex 5.67059 3.57489 3
      vertex 5.67059 3.57489 0
      vertex 5.57979 3.5356 3
    endloop
  endfacet
  facet normal -0.338755 0.940875 0
    outer loop
      vertex 5.48669 3.50208 0
      vertex 5.48669 3.50208 3
      vertex 5.57979 3.5356 0
    endloop
  endfacet
  facet normal -0.338755 0.940875 0
    outer loop
      vertex 5.57979 3.5356 3
      vertex 5.57979 3.5356 0
      vertex 5.48669 3.50208 3
    endloop
  endfacet
  facet normal -0.279057 0.960275 0
    outer loop
      vertex 5.39168 3.47447 0
      vertex 5.39168 3.47447 3
      vertex 5.48669 3.50208 0
    endloop
  endfacet
  facet normal -0.279057 0.960275 0
    outer loop
      vertex 5.48669 3.50208 3
      vertex 5.48669 3.50208 0
      vertex 5.39168 3.47447 3
    endloop
  endfacet
  facet normal -0.218011 0.975946 0
    outer loop
      vertex 5.29512 3.4529 0
      vertex 5.29512 3.4529 3
      vertex 5.39168 3.47447 0
    endloop
  endfacet
  facet normal -0.218011 0.975946 0
    outer loop
      vertex 5.39168 3.47447 3
      vertex 5.39168 3.47447 0
      vertex 5.29512 3.4529 3
    endloop
  endfacet
  facet normal -0.156544 0.987671 0
    outer loop
      vertex 5.19739 3.43741 0
      vertex 5.19739 3.43741 3
      vertex 5.29512 3.4529 0
    endloop
  endfacet
  facet normal -0.156544 0.987671 0
    outer loop
      vertex 5.29512 3.4529 3
      vertex 5.29512 3.4529 0
      vertex 5.19739 3.43741 3
    endloop
  endfacet
  facet normal -0.0940984 0.995563 0
    outer loop
      vertex 5.09889 3.4281 0
      vertex 5.09889 3.4281 3
      vertex 5.19739 3.43741 0
    endloop
  endfacet
  facet normal -0.0940984 0.995563 0
    outer loop
      vertex 5.19739 3.43741 3
      vertex 5.19739 3.43741 0
      vertex 5.09889 3.4281 3
    endloop
  endfacet
  facet normal -0.0314335 0.999506 0
    outer loop
      vertex 5 3.42499 0
      vertex 5 3.42499 3
      vertex 5.09889 3.4281 0
    endloop
  endfacet
  facet normal -0.0314335 0.999506 0
    outer loop
      vertex 5.09889 3.4281 3
      vertex 5.09889 3.4281 0
      vertex 5 3.42499 3
    endloop
  endfacet
  facet normal 0.0314272 0.999506 -0
    outer loop
      vertex 4.90109 3.4281 0
      vertex 4.90109 3.4281 3
      vertex 5 3.42499 0
    endloop
  endfacet
  facet normal 0.0314272 0.999506 0
    outer loop
      vertex 5 3.42499 3
      vertex 5 3.42499 0
      vertex 4.90109 3.4281 3
    endloop
  endfacet
endsolid OpenSCAD_Model
